ISO-10303-21;
HEADER;
FILE_DESCRIPTION((''),'2;1');
FILE_NAME('11098-12GXX1_ASM','2022-07-26T',('glg'),(''),
'CREO PARAMETRIC BY PTC INC, 2017170','CREO PARAMETRIC BY PTC INC, 2017170','');
FILE_SCHEMA(('CONFIG_CONTROL_DESIGN'));
ENDSEC;
DATA;
#1=DIRECTION('',(0.E0,-1.E0,0.E0));
#2=VECTOR('',#1,2.7E0);
#3=CARTESIAN_POINT('',(4.94E0,2.7E0,0.E0));
#4=LINE('',#3,#2);
#5=CARTESIAN_POINT('',(5.303771417551E0,1.36E1,0.E0));
#6=DIRECTION('',(0.E0,0.E0,1.E0));
#7=DIRECTION('',(1.E0,0.E0,0.E0));
#8=AXIS2_PLACEMENT_3D('',#5,#6,#7);
#10=CARTESIAN_POINT('',(-5.303771417551E0,1.36E1,0.E0));
#11=DIRECTION('',(0.E0,0.E0,1.E0));
#12=DIRECTION('',(0.E0,1.E0,0.E0));
#13=AXIS2_PLACEMENT_3D('',#10,#11,#12);
#15=DIRECTION('',(0.E0,1.E0,0.E0));
#16=VECTOR('',#15,2.7E0);
#17=CARTESIAN_POINT('',(-4.94E0,0.E0,0.E0));
#18=LINE('',#17,#16);
#19=DIRECTION('',(0.E0,-1.E0,0.E0));
#20=VECTOR('',#19,2.2E0);
#21=CARTESIAN_POINT('',(5.105E0,1.34E1,0.E0));
#22=LINE('',#21,#20);
#23=DIRECTION('',(-1.E0,0.E0,0.E0));
#24=VECTOR('',#23,1.021E1);
#25=CARTESIAN_POINT('',(5.105E0,1.12E1,0.E0));
#26=LINE('',#25,#24);
#27=DIRECTION('',(0.E0,1.E0,0.E0));
#28=VECTOR('',#27,6.5E0);
#29=CARTESIAN_POINT('',(2.35E-1,3.7E0,0.E0));
#30=LINE('',#29,#28);
#31=DIRECTION('',(1.E0,0.E0,0.E0));
#32=VECTOR('',#31,5.5E-1);
#33=CARTESIAN_POINT('',(2.35E-1,1.02E1,0.E0));
#34=LINE('',#33,#32);
#35=DIRECTION('',(0.E0,-1.E0,0.E0));
#36=VECTOR('',#35,6.5E0);
#37=CARTESIAN_POINT('',(7.85E-1,1.02E1,0.E0));
#38=LINE('',#37,#36);
#39=DIRECTION('',(-1.E0,0.E0,0.E0));
#40=VECTOR('',#39,5.5E-1);
#41=CARTESIAN_POINT('',(7.85E-1,3.7E0,0.E0));
#42=LINE('',#41,#40);
#43=DIRECTION('',(0.E0,1.E0,0.E0));
#44=VECTOR('',#43,6.5E0);
#45=CARTESIAN_POINT('',(1.255E0,3.7E0,0.E0));
#46=LINE('',#45,#44);
#47=DIRECTION('',(1.E0,0.E0,0.E0));
#48=VECTOR('',#47,5.5E-1);
#49=CARTESIAN_POINT('',(1.255E0,1.02E1,0.E0));
#50=LINE('',#49,#48);
#51=DIRECTION('',(0.E0,-1.E0,0.E0));
#52=VECTOR('',#51,6.5E0);
#53=CARTESIAN_POINT('',(1.805E0,1.02E1,0.E0));
#54=LINE('',#53,#52);
#55=DIRECTION('',(-1.E0,0.E0,0.E0));
#56=VECTOR('',#55,5.5E-1);
#57=CARTESIAN_POINT('',(1.805E0,3.7E0,0.E0));
#58=LINE('',#57,#56);
#59=DIRECTION('',(0.E0,1.E0,0.E0));
#60=VECTOR('',#59,6.5E0);
#61=CARTESIAN_POINT('',(2.275E0,3.7E0,0.E0));
#62=LINE('',#61,#60);
#63=DIRECTION('',(1.E0,0.E0,0.E0));
#64=VECTOR('',#63,5.5E-1);
#65=CARTESIAN_POINT('',(2.275E0,1.02E1,0.E0));
#66=LINE('',#65,#64);
#67=DIRECTION('',(0.E0,-1.E0,0.E0));
#68=VECTOR('',#67,6.5E0);
#69=CARTESIAN_POINT('',(2.825E0,1.02E1,0.E0));
#70=LINE('',#69,#68);
#71=DIRECTION('',(-1.E0,0.E0,0.E0));
#72=VECTOR('',#71,5.5E-1);
#73=CARTESIAN_POINT('',(2.825E0,3.7E0,0.E0));
#74=LINE('',#73,#72);
#75=DIRECTION('',(0.E0,1.E0,0.E0));
#76=VECTOR('',#75,6.5E0);
#77=CARTESIAN_POINT('',(-7.85E-1,3.7E0,0.E0));
#78=LINE('',#77,#76);
#79=DIRECTION('',(1.E0,0.E0,0.E0));
#80=VECTOR('',#79,5.5E-1);
#81=CARTESIAN_POINT('',(-7.85E-1,1.02E1,0.E0));
#82=LINE('',#81,#80);
#83=DIRECTION('',(0.E0,-1.E0,0.E0));
#84=VECTOR('',#83,6.5E0);
#85=CARTESIAN_POINT('',(-2.35E-1,1.02E1,0.E0));
#86=LINE('',#85,#84);
#87=DIRECTION('',(-1.E0,0.E0,0.E0));
#88=VECTOR('',#87,5.5E-1);
#89=CARTESIAN_POINT('',(-2.35E-1,3.7E0,0.E0));
#90=LINE('',#89,#88);
#91=DIRECTION('',(0.E0,1.E0,0.E0));
#92=VECTOR('',#91,6.5E0);
#93=CARTESIAN_POINT('',(-1.805E0,3.7E0,0.E0));
#94=LINE('',#93,#92);
#95=DIRECTION('',(1.E0,0.E0,0.E0));
#96=VECTOR('',#95,5.5E-1);
#97=CARTESIAN_POINT('',(-1.805E0,1.02E1,0.E0));
#98=LINE('',#97,#96);
#99=DIRECTION('',(0.E0,-1.E0,0.E0));
#100=VECTOR('',#99,6.5E0);
#101=CARTESIAN_POINT('',(-1.255E0,1.02E1,0.E0));
#102=LINE('',#101,#100);
#103=DIRECTION('',(-1.E0,0.E0,0.E0));
#104=VECTOR('',#103,5.5E-1);
#105=CARTESIAN_POINT('',(-1.255E0,3.7E0,0.E0));
#106=LINE('',#105,#104);
#107=DIRECTION('',(0.E0,1.E0,0.E0));
#108=VECTOR('',#107,6.5E0);
#109=CARTESIAN_POINT('',(-2.825E0,3.7E0,0.E0));
#110=LINE('',#109,#108);
#111=DIRECTION('',(1.E0,0.E0,0.E0));
#112=VECTOR('',#111,5.5E-1);
#113=CARTESIAN_POINT('',(-2.825E0,1.02E1,0.E0));
#114=LINE('',#113,#112);
#115=DIRECTION('',(0.E0,-1.E0,0.E0));
#116=VECTOR('',#115,6.5E0);
#117=CARTESIAN_POINT('',(-2.275E0,1.02E1,0.E0));
#118=LINE('',#117,#116);
#119=DIRECTION('',(-1.E0,0.E0,0.E0));
#120=VECTOR('',#119,5.5E-1);
#121=CARTESIAN_POINT('',(-2.275E0,3.7E0,0.E0));
#122=LINE('',#121,#120);
#123=DIRECTION('',(-8.626209830525E-1,-5.058508076475E-1,0.E0));
#124=VECTOR('',#123,8.386602042246E-2);
#125=CARTESIAN_POINT('',(5.210344166733E0,6.473870646210E0,0.E0));
#126=LINE('',#125,#124);
#127=DIRECTION('',(2.293875199840E-1,-9.733351764298E-1,0.E0));
#128=VECTOR('',#127,4.311141197416E-1);
#129=CARTESIAN_POINT('',(4.903744496006E0,6.431446952045E0,0.E0));
#130=LINE('',#129,#128);
#131=DIRECTION('',(-2.192883877273E-1,9.756600857922E-1,0.E0));
#132=VECTOR('',#131,4.234124640444E-1);
#133=CARTESIAN_POINT('',(4.694941313677E0,6.011828414245E0,0.E0));
#134=LINE('',#133,#132);
#135=DIRECTION('',(-3.316567356009E-1,-9.434001323567E-1,0.E0));
#136=VECTOR('',#135,4.378912264545E-1);
#137=CARTESIAN_POINT('',(4.548447382742E0,6.424935055240E0,0.E0));
#138=LINE('',#137,#136);
#139=CARTESIAN_POINT('',(3.718019923597E0,6.152460220191E0,0.E0));
#140=DIRECTION('',(0.E0,0.E0,-1.E0));
#141=DIRECTION('',(-7.082978782728E-12,-1.E0,0.E0));
#142=AXIS2_PLACEMENT_3D('',#139,#140,#141);
#144=CARTESIAN_POINT('',(3.718019923597E0,6.152460220191E0,0.E0));
#145=DIRECTION('',(0.E0,0.E0,-1.E0));
#146=DIRECTION('',(-1.E0,0.E0,0.E0));
#147=AXIS2_PLACEMENT_3D('',#144,#145,#146);
#149=DIRECTION('',(3.275162855802E-1,9.448455337672E-1,0.E0));
#150=VECTOR('',#149,9.787967929994E-1);
#151=CARTESIAN_POINT('',(3.585938788446E0,6.200749748879E0,0.E0));
#152=LINE('',#151,#150);
#153=DIRECTION('',(-3.315912704402E-1,-9.434231443885E-1,0.E0));
#154=VECTOR('',#153,8.202165380578E-1);
#155=CARTESIAN_POINT('',(4.245018417330E0,7.125561527210E0,0.E0));
#156=LINE('',#155,#154);
#157=DIRECTION('',(3.315912704402E-1,9.434231443885E-1,0.E0));
#158=VECTOR('',#157,8.202165380578E-1);
#159=CARTESIAN_POINT('',(4.172732773440E0,6.351750261796E0,0.E0));
#160=LINE('',#159,#158);
#161=CARTESIAN_POINT('',(5.238492619036E0,6.984929721264E0,0.E0));
#162=DIRECTION('',(0.E0,0.E0,-1.E0));
#163=DIRECTION('',(7.054558448781E-12,1.E0,0.E0));
#164=AXIS2_PLACEMENT_3D('',#161,#162,#163);
#166=CARTESIAN_POINT('',(5.238492619036E0,6.984929721264E0,0.E0));
#167=DIRECTION('',(0.E0,0.E0,-1.E0));
#168=DIRECTION('',(1.E0,0.E0,0.E0));
#169=AXIS2_PLACEMENT_3D('',#166,#167,#168);
#171=DIRECTION('',(-3.272176169917E-1,-9.449490098044E-1,0.E0));
#172=VECTOR('',#171,4.911978595461E-1);
#173=CARTESIAN_POINT('',(5.371072759806E0,6.938027577206E0,0.E0));
#174=LINE('',#173,#172);
#175=DIRECTION('',(-8.373790012356E-1,-5.466227293936E-1,0.E0));
#176=VECTOR('',#175,7.622567502834E-2);
#177=CARTESIAN_POINT('',(-4.106382980943E0,7.996954771717E0,0.E0));
#178=LINE('',#177,#176);
#179=DIRECTION('',(-9.506453007586E-1,-3.102797320895E-1,0.E0));
#180=VECTOR('',#179,6.714364913724E-2);
#181=CARTESIAN_POINT('',(-4.170212760567E0,7.955288085183E0,0.E0));
#182=LINE('',#181,#180);
#183=DIRECTION('',(-9.713212254638E-1,2.377710599790E-1,0.E0));
#184=VECTOR('',#183,8.761921432818E-2);
#185=CARTESIAN_POINT('',(-4.319148927927E0,7.934454771717E0,0.E0));
#186=LINE('',#185,#184);
#187=DIRECTION('',(-8.373790012343E-1,5.466227293956E-1,0.E0));
#188=VECTOR('',#187,7.622567503069E-2);
#189=CARTESIAN_POINT('',(-4.404255330562E0,7.955288085182E0,0.E0));
#190=LINE('',#189,#188);
#191=DIRECTION('',(-3.781725326593E-1,9.257351324985E-1,0.E0));
#192=VECTOR('',#191,1.125232076404E-1);
#193=CARTESIAN_POINT('',(-4.468085110188E0,7.996954771718E0,0.E0));
#194=LINE('',#193,#192);
#195=DIRECTION('',(-6.080766493626E-1,-7.938783209661E-1,0.E0));
#196=VECTOR('',#195,1.049699568155E-1);
#197=CARTESIAN_POINT('',(-4.510638296604E0,8.101121458252E0,0.E0));
#198=LINE('',#197,#196);
#199=DIRECTION('',(-8.373793591560E-1,-5.466221810899E-1,0.E0));
#200=VECTOR('',#199,7.622564245028E-2);
#201=CARTESIAN_POINT('',(-4.574468076228E0,8.017788085183E0,0.E0));
#202=LINE('',#201,#200);
#203=DIRECTION('',(-9.713210491252E-1,-2.377717803407E-1,0.E0));
#204=VECTOR('',#203,8.761919955090E-2);
#205=CARTESIAN_POINT('',(-4.638297855855E0,7.976121458252E0,0.E0));
#206=LINE('',#205,#204);
#207=DIRECTION('',(-9.713210491257E-1,2.377717803386E-1,0.E0));
#208=VECTOR('',#207,8.761919955289E-2);
#209=CARTESIAN_POINT('',(-4.765957474709E0,7.955288085183E0,0.E0));
#210=LINE('',#209,#208);
#211=DIRECTION('',(-7.145104681861E-1,6.996247500285E-1,0.E0));
#212=VECTOR('',#211,1.191114428999E-1);
#213=CARTESIAN_POINT('',(-4.851063847542E0,7.976121458253E0,0.E0));
#214=LINE('',#213,#212);
#215=DIRECTION('',(-4.547771995492E-1,8.906052429501E-1,0.E0));
#216=VECTOR('',#215,9.356930483588E-2);
#217=CARTESIAN_POINT('',(-4.936170220375E0,8.059454771717E0,0.E0));
#218=LINE('',#217,#216);
#219=DIRECTION('',(-1.443682212844E-1,9.895240354247E-1,0.E0));
#220=VECTOR('',#219,1.473772622450E-1);
#221=CARTESIAN_POINT('',(-4.978723406792E0,8.142788085183E0,0.E0));
#222=LINE('',#221,#220);
#223=DIRECTION('',(1.443682357285E-1,9.895240333174E-1,0.E0));
#224=VECTOR('',#223,1.473772475008E-1);
#225=CARTESIAN_POINT('',(-5.E0,8.330288114985E0,0.E0));
#226=LINE('',#225,#224);
#227=DIRECTION('',(4.547771350488E-1,8.906052758865E-1,0.E0));
#228=VECTOR('',#227,9.356931810509E-2);
#229=CARTESIAN_POINT('',(-4.978723406792E0,8.476121443351E0,0.E0));
#230=LINE('',#229,#228);
#231=DIRECTION('',(7.145103900132E-1,6.996248298647E-1,0.E0));
#232=VECTOR('',#231,1.191114559332E-1);
#233=CARTESIAN_POINT('',(-4.936170220375E0,8.559454771717E0,0.E0));
#234=LINE('',#233,#232);
#235=DIRECTION('',(9.713211522282E-1,2.377713591543E-1,0.E0));
#236=VECTOR('',#235,8.761919025168E-2);
#237=CARTESIAN_POINT('',(-4.851063847542E0,8.642788103809E0,0.E0));
#238=LINE('',#237,#236);
#239=DIRECTION('',(-8.373790907149E-1,-5.466225923190E-1,0.E0));
#240=VECTOR('',#239,7.622566688348E-2);
#241=CARTESIAN_POINT('',(-4.765957474709E0,8.559454771717E0,0.E0));
#242=LINE('',#241,#240);
#243=DIRECTION('',(-5.627909312432E-1,-8.265992787987E-1,0.E0));
#244=VECTOR('',#243,7.561100233606E-2);
#245=CARTESIAN_POINT('',(-4.829787254333E0,8.517788100084E0,0.E0));
#246=LINE('',#245,#244);
#247=DIRECTION('',(-2.001233458992E-1,-9.797707111494E-1,0.E0));
#248=VECTOR('',#247,1.063173969661E-1);
#249=CARTESIAN_POINT('',(-4.872340440750E0,8.455288100084E0,0.E0));
#250=LINE('',#249,#248);
#251=DIRECTION('',(2.001233733795E-1,-9.797707055364E-1,0.E0));
#252=VECTOR('',#251,1.063173823678E-1);
#253=CARTESIAN_POINT('',(-4.893617033958E0,8.267788114985E0,0.E0));
#254=LINE('',#253,#252);
#255=DIRECTION('',(5.627909312415E-1,-8.265992787998E-1,0.E0));
#256=VECTOR('',#255,7.561100233527E-2);
#257=CARTESIAN_POINT('',(-4.872340440750E0,8.163621458252E0,0.E0));
#258=LINE('',#257,#256);
#259=DIRECTION('',(8.373790012334E-1,-5.466227293970E-1,0.E0));
#260=VECTOR('',#259,7.622567502980E-2);
#261=CARTESIAN_POINT('',(-4.829787254333E0,8.101121458252E0,0.E0));
#262=LINE('',#261,#260);
#263=DIRECTION('',(8.981380143663E-1,4.397136649573E-1,0.E0));
#264=VECTOR('',#263,9.475868014886E-2);
#265=CARTESIAN_POINT('',(-4.723404228687E0,8.059454771717E0,0.E0));
#266=LINE('',#265,#264);
#267=DIRECTION('',(7.145107183332E-1,6.996244945591E-1,0.E0));
#268=VECTOR('',#267,5.955570060083E-2);
#269=CARTESIAN_POINT('',(-4.638297855854E0,8.101121458252E0,0.E0));
#270=LINE('',#269,#268);
#271=DIRECTION('',(3.222636945212E-1,9.466499412103E-1,0.E0));
#272=VECTOR('',#271,1.320446179312E-1);
#273=CARTESIAN_POINT('',(-4.595744669437E0,8.142788085183E0,0.E0));
#274=LINE('',#273,#272);
#275=DIRECTION('',(1.677992897302E-1,-9.858211797106E-1,0.E0));
#276=VECTOR('',#275,1.267978740711E-1);
#277=CARTESIAN_POINT('',(-4.468085110188E0,8.267788114985E0,0.E0));
#278=LINE('',#277,#276);
#279=DIRECTION('',(5.627909312423E-1,-8.265992787993E-1,0.E0));
#280=VECTOR('',#279,7.561100233633E-2);
#281=CARTESIAN_POINT('',(-4.446808516980E0,8.142788085183E0,0.E0));
#282=LINE('',#281,#280);
#283=DIRECTION('',(8.981383235873E-1,-4.397130333568E-1,0.E0));
#284=VECTOR('',#283,9.475868070752E-2);
#285=CARTESIAN_POINT('',(-4.404255330563E0,8.080288085183E0,0.E0));
#286=LINE('',#285,#284);
#287=DIRECTION('',(8.981382627803E-1,4.397131575585E-1,0.E0));
#288=VECTOR('',#287,4.737932697070E-2);
#289=CARTESIAN_POINT('',(-4.234042555094E0,8.038621458252E0,0.E0));
#290=LINE('',#289,#288);
#291=DIRECTION('',(7.145103405057E-1,6.996248804255E-1,0.E0));
#292=VECTOR('',#291,5.955575294786E-2);
#293=CARTESIAN_POINT('',(-4.191489368677E0,8.059454771717E0,0.E0));
#294=LINE('',#293,#292);
#295=DIRECTION('',(4.547774575528E-1,8.906051112035E-1,0.E0));
#296=VECTOR('',#295,4.678462587505E-2);
#297=CARTESIAN_POINT('',(-4.148936167359E0,8.101121458252E0,0.E0));
#298=LINE('',#297,#296);
#299=DIRECTION('',(2.001233184158E-1,9.797707167630E-1,0.E0));
#300=VECTOR('',#299,1.063174115662E-1);
#301=CARTESIAN_POINT('',(-4.127659574151E0,8.142788085182E0,0.E0));
#302=LINE('',#301,#300);
#303=DIRECTION('',(-2.001233458983E-1,9.797707111495E-1,0.E0));
#304=VECTOR('',#303,1.063173969675E-1);
#305=CARTESIAN_POINT('',(-4.106382980943E0,8.371954771717E0,0.E0));
#306=LINE('',#305,#304);
#307=DIRECTION('',(-4.547771995445E-1,8.906052429525E-1,0.E0));
#308=VECTOR('',#307,4.678465241768E-2);
#309=CARTESIAN_POINT('',(-4.127659574151E0,8.476121443351E0,0.E0));
#310=LINE('',#309,#308);
#311=DIRECTION('',(-7.145104655802E-1,6.996247526898E-1,0.E0));
#312=VECTOR('',#311,5.955574252108E-2);
#313=CARTESIAN_POINT('',(-4.148936167359E0,8.517788100084E0,0.E0));
#314=LINE('',#313,#312);
#315=DIRECTION('',(-8.981380764719E-1,4.397135381034E-1,0.E0));
#316=VECTOR('',#315,4.737933679968E-2);
#317=CARTESIAN_POINT('',(-4.191489368676E0,8.559454771717E0,0.E0));
#318=LINE('',#317,#316);
#319=DIRECTION('',(9.506452107492E-1,-3.102800078631E-1,0.E0));
#320=VECTOR('',#319,6.714365549253E-2);
#321=CARTESIAN_POINT('',(-4.234042555094E0,8.684454771717E0,0.E0));
#322=LINE('',#321,#320);
#323=DIRECTION('',(8.373791242699E-1,-5.466225409155E-1,0.E0));
#324=VECTOR('',#323,7.622566382991E-2);
#325=CARTESIAN_POINT('',(-4.170212760568E0,8.663621437763E0,0.E0));
#326=LINE('',#325,#324);
#327=DIRECTION('',(5.627909985686E-1,-8.265992329601E-1,0.E0));
#328=VECTOR('',#327,7.561100652838E-2);
#329=CARTESIAN_POINT('',(-4.106382980943E0,8.621954771717E0,0.E0));
#330=LINE('',#329,#328);
#331=DIRECTION('',(4.547771824176E-1,-8.906052516981E-1,0.E0));
#332=VECTOR('',#331,9.356932064839E-2);
#333=CARTESIAN_POINT('',(-4.063829787076E0,8.559454771717E0,0.E0));
#334=LINE('',#333,#332);
#335=DIRECTION('',(2.473832517569E-1,-9.689177089672E-1,0.E0));
#336=VECTOR('',#335,8.600661087529E-2);
#337=CARTESIAN_POINT('',(-4.021276595071E0,8.476121443350E0,0.E0));
#338=LINE('',#337,#336);
#339=DIRECTION('',(-2.473832102268E-1,-9.689177195706E-1,0.E0));
#340=VECTOR('',#339,8.600662531360E-2);
#341=CARTESIAN_POINT('',(-4.E0,8.226121428450E0,0.E0));
#342=LINE('',#341,#340);
#343=DIRECTION('',(-4.547772469185E-1,-8.906052187615E-1,0.E0));
#344=VECTOR('',#343,9.356930737739E-2);
#345=CARTESIAN_POINT('',(-4.021276595071E0,8.142788085183E0,0.E0));
#346=LINE('',#345,#344);
#347=DIRECTION('',(-5.627909985691E-1,-8.265992329597E-1,0.E0));
#348=VECTOR('',#347,7.561100652881E-2);
#349=CARTESIAN_POINT('',(-4.063829787076E0,8.059454771717E0,0.E0));
#350=LINE('',#349,#348);
#351=DIRECTION('',(-6.684400333336E-1,-7.437660397175E-1,0.E0));
#352=VECTOR('',#351,7.002649032741E-1);
#353=CARTESIAN_POINT('',(-4.106382980943E0,7.601121398648E0,0.E0));
#354=LINE('',#353,#352);
#355=DIRECTION('',(-8.373786433116E-1,-5.466232777019E-1,0.E0));
#356=VECTOR('',#355,7.622570760961E-2);
#357=CARTESIAN_POINT('',(-4.574468076230E0,7.080288144787E0,0.E0));
#358=LINE('',#357,#356);
#359=DIRECTION('',(-9.713213633443E-1,-2.377704967211E-1,0.E0));
#360=VECTOR('',#359,8.761917120960E-2);
#361=CARTESIAN_POINT('',(-4.638297855853E0,7.038621398648E0,0.E0));
#362=LINE('',#361,#360);
#363=DIRECTION('',(-9.713213633439E-1,2.377704967227E-1,0.E0));
#364=VECTOR('',#363,8.761917120796E-2);
#365=CARTESIAN_POINT('',(-4.765957474709E0,7.017788144787E0,0.E0));
#366=LINE('',#365,#364);
#367=DIRECTION('',(-7.145102180350E-1,6.996250055019E-1,0.E0));
#368=VECTOR('',#367,1.191114846018E-1);
#369=CARTESIAN_POINT('',(-4.851063847542E0,7.038621398648E0,0.E0));
#370=LINE('',#369,#368);
#371=DIRECTION('',(-4.547769415452E-1,8.906053746968E-1,0.E0));
#372=VECTOR('',#371,9.356935791929E-2);
#373=CARTESIAN_POINT('',(-4.936170220375E0,7.121954771717E0,0.E0));
#374=LINE('',#373,#372);
#375=DIRECTION('',(-1.677993286081E-1,9.858211730931E-1,0.E0));
#376=VECTOR('',#375,1.267978446911E-1);
#377=CARTESIAN_POINT('',(-4.978723406792E0,7.205288144787E0,0.E0));
#378=LINE('',#377,#376);
#379=DIRECTION('',(1.443681923966E-1,9.895240396393E-1,0.E0));
#380=VECTOR('',#379,1.473772917355E-1);
#381=CARTESIAN_POINT('',(-5.E0,7.413621398648E0,0.E0));
#382=LINE('',#381,#380);
#383=DIRECTION('',(4.547769415435E-1,8.906053746976E-1,0.E0));
#384=VECTOR('',#383,9.356935791903E-2);
#385=CARTESIAN_POINT('',(-4.978723406792E0,7.559454771717E0,0.E0));
#386=LINE('',#385,#384);
#387=DIRECTION('',(7.145104681854E-1,6.996247500293E-1,0.E0));
#388=VECTOR('',#387,1.191114429008E-1);
#389=CARTESIAN_POINT('',(-4.936170220375E0,7.642788144787E0,0.E0));
#390=LINE('',#389,#388);
#391=DIRECTION('',(9.713212062349E-1,2.377711385311E-1,0.E0));
#392=VECTOR('',#391,8.761918538031E-2);
#393=CARTESIAN_POINT('',(-4.851063847542E0,7.726121458252E0,0.E0));
#394=LINE('',#393,#392);
#395=DIRECTION('',(-8.373786433118E-1,-5.466232777016E-1,0.E0));
#396=VECTOR('',#395,7.622570761004E-2);
#397=CARTESIAN_POINT('',(-4.765957474709E0,7.642788144787E0,0.E0));
#398=LINE('',#397,#396);
#399=DIRECTION('',(-5.627909312426E-1,-8.265992787990E-1,0.E0));
#400=VECTOR('',#399,7.561100233622E-2);
#401=CARTESIAN_POINT('',(-4.829787254333E0,7.601121398648E0,0.E0));
#402=LINE('',#401,#400);
#403=DIRECTION('',(-2.001234283430E-1,-9.797706943098E-1,0.E0));
#404=VECTOR('',#403,1.063173531673E-1);
#405=CARTESIAN_POINT('',(-4.872340440750E0,7.538621398648E0,0.E0));
#406=LINE('',#405,#404);
#407=DIRECTION('',(2.001234283421E-1,-9.797706943100E-1,0.E0));
#408=VECTOR('',#407,1.063173531687E-1);
#409=CARTESIAN_POINT('',(-4.893617033958E0,7.351121398648E0,0.E0));
#410=LINE('',#409,#408);
#411=DIRECTION('',(5.627909312413E-1,-8.265992787999E-1,0.E0));
#412=VECTOR('',#411,7.561100233519E-2);
#413=CARTESIAN_POINT('',(-4.872340440750E0,7.246954771717E0,0.E0));
#414=LINE('',#413,#412);
#415=DIRECTION('',(8.373793591562E-1,-5.466221810896E-1,0.E0));
#416=VECTOR('',#415,7.622564244822E-2);
#417=CARTESIAN_POINT('',(-4.829787254333E0,7.184454771717E0,0.E0));
#418=LINE('',#417,#416);
#419=DIRECTION('',(8.981382627796E-1,4.397131575599E-1,0.E0));
#420=VECTOR('',#419,9.475865394005E-2);
#421=CARTESIAN_POINT('',(-4.723404228687E0,7.142788144787E0,0.E0));
#422=LINE('',#421,#420);
#423=DIRECTION('',(6.737899277361E-1,7.389229549022E-1,0.E0));
#424=VECTOR('',#423,7.894372608074E-1);
#425=CARTESIAN_POINT('',(-4.638297855854E0,7.184454771717E0,0.E0));
#426=LINE('',#425,#424);
#427=DIRECTION('',(9.063209784315E-1,4.225899715503E-1,0.E0));
#428=VECTOR('',#427,9.859829522037E-1);
#429=CARTESIAN_POINT('',(-4.893617033958E0,6.226121517857E0,0.E0));
#430=LINE('',#429,#428);
#431=DIRECTION('',(-9.063209784315E-1,-4.225899715503E-1,0.E0));
#432=VECTOR('',#431,9.859829522038E-1);
#433=CARTESIAN_POINT('',(-4.E0,6.517788025578E0,0.E0));
#434=LINE('',#433,#432);
#435=DIRECTION('',(7.659742160924E-1,6.428712937141E-1,0.E0));
#436=VECTOR('',#435,1.944401643411E-1);
#437=CARTESIAN_POINT('',(-5.E0,5.351121517857E0,0.E0));
#438=LINE('',#437,#436);
#439=DIRECTION('',(-7.659743427819E-1,-6.428711427649E-1,0.E0));
#440=VECTOR('',#439,1.944402099964E-1);
#441=CARTESIAN_POINT('',(-4.680851042271E0,5.476121517857E0,0.E0));
#442=LINE('',#441,#440);
#443=DIRECTION('',(0.E0,0.E0,1.E0));
#444=VECTOR('',#443,9.45E0);
#445=CARTESIAN_POINT('',(4.94E0,2.7E0,0.E0));
#446=LINE('',#445,#444);
#447=DIRECTION('',(0.E0,0.E0,-1.E0));
#448=VECTOR('',#447,8.45E0);
#449=CARTESIAN_POINT('',(4.94E0,1.034E0,9.45E0));
#450=LINE('',#449,#448);
#451=DIRECTION('',(0.E0,0.E0,1.E0));
#452=VECTOR('',#451,5.8E0);
#453=CARTESIAN_POINT('',(4.94E0,3.E-1,1.E0));
#454=LINE('',#453,#452);
#455=DIRECTION('',(0.E0,-9.486832980505E-1,3.162277660168E-1));
#456=VECTOR('',#455,3.162277660168E-1);
#457=CARTESIAN_POINT('',(4.94E0,3.E-1,6.8E0));
#458=LINE('',#457,#456);
#459=DIRECTION('',(1.E0,0.E0,0.E0));
#460=VECTOR('',#459,5.5E-1);
#461=CARTESIAN_POINT('',(-2.825E0,2.7E0,3.344E0));
#462=LINE('',#461,#460);
#463=DIRECTION('',(0.E0,0.E0,-1.E0));
#464=VECTOR('',#463,2.344E0);
#465=CARTESIAN_POINT('',(-2.275E0,2.7E0,3.344E0));
#466=LINE('',#465,#464);
#467=DIRECTION('',(0.E0,0.E0,1.E0));
#468=VECTOR('',#467,8.75E-1);
#469=CARTESIAN_POINT('',(-1.805E0,2.7E0,1.E0));
#470=LINE('',#469,#468);
#471=DIRECTION('',(1.E0,0.E0,0.E0));
#472=VECTOR('',#471,5.5E-1);
#473=CARTESIAN_POINT('',(-1.805E0,2.7E0,1.875E0));
#474=LINE('',#473,#472);
#475=DIRECTION('',(0.E0,0.E0,-1.E0));
#476=VECTOR('',#475,8.75E-1);
#477=CARTESIAN_POINT('',(-1.255E0,2.7E0,1.875E0));
#478=LINE('',#477,#476);
#479=DIRECTION('',(1.E0,0.E0,0.E0));
#480=VECTOR('',#479,5.5E-1);
#481=CARTESIAN_POINT('',(-7.85E-1,2.7E0,3.344E0));
#482=LINE('',#481,#480);
#483=DIRECTION('',(0.E0,0.E0,-1.E0));
#484=VECTOR('',#483,2.344E0);
#485=CARTESIAN_POINT('',(-2.35E-1,2.7E0,3.344E0));
#486=LINE('',#485,#484);
#487=DIRECTION('',(0.E0,0.E0,1.E0));
#488=VECTOR('',#487,8.75E-1);
#489=CARTESIAN_POINT('',(2.35E-1,2.7E0,1.E0));
#490=LINE('',#489,#488);
#491=DIRECTION('',(1.E0,0.E0,0.E0));
#492=VECTOR('',#491,5.5E-1);
#493=CARTESIAN_POINT('',(2.35E-1,2.7E0,1.875E0));
#494=LINE('',#493,#492);
#495=DIRECTION('',(0.E0,0.E0,-1.E0));
#496=VECTOR('',#495,8.75E-1);
#497=CARTESIAN_POINT('',(7.85E-1,2.7E0,1.875E0));
#498=LINE('',#497,#496);
#499=DIRECTION('',(1.E0,0.E0,0.E0));
#500=VECTOR('',#499,5.5E-1);
#501=CARTESIAN_POINT('',(1.255E0,2.7E0,3.344E0));
#502=LINE('',#501,#500);
#503=DIRECTION('',(0.E0,0.E0,-1.E0));
#504=VECTOR('',#503,2.344E0);
#505=CARTESIAN_POINT('',(1.805E0,2.7E0,3.344E0));
#506=LINE('',#505,#504);
#507=DIRECTION('',(0.E0,0.E0,1.E0));
#508=VECTOR('',#507,8.75E-1);
#509=CARTESIAN_POINT('',(2.275E0,2.7E0,1.E0));
#510=LINE('',#509,#508);
#511=DIRECTION('',(1.E0,0.E0,0.E0));
#512=VECTOR('',#511,5.5E-1);
#513=CARTESIAN_POINT('',(2.275E0,2.7E0,1.875E0));
#514=LINE('',#513,#512);
#515=DIRECTION('',(0.E0,0.E0,-1.E0));
#516=VECTOR('',#515,8.75E-1);
#517=CARTESIAN_POINT('',(2.825E0,2.7E0,1.875E0));
#518=LINE('',#517,#516);
#519=DIRECTION('',(-1.E0,0.E0,0.E0));
#520=VECTOR('',#519,9.88E0);
#521=CARTESIAN_POINT('',(4.94E0,2.7E0,0.E0));
#522=LINE('',#521,#520);
#523=DIRECTION('',(1.E0,0.E0,0.E0));
#524=VECTOR('',#523,1.615E0);
#525=CARTESIAN_POINT('',(-4.94E0,2.7E0,9.45E0));
#526=LINE('',#525,#524);
#527=DIRECTION('',(0.E0,0.E0,-1.E0));
#528=VECTOR('',#527,8.45E0);
#529=CARTESIAN_POINT('',(-3.325E0,2.7E0,9.45E0));
#530=LINE('',#529,#528);
#531=DIRECTION('',(1.E0,0.E0,0.E0));
#532=VECTOR('',#531,5.5E-1);
#533=CARTESIAN_POINT('',(-2.825E0,2.044E0,4.E0));
#534=LINE('',#533,#532);
#535=DIRECTION('',(0.E0,7.071067811865E-1,-7.071067811865E-1));
#536=VECTOR('',#535,9.277240969168E-1);
#537=CARTESIAN_POINT('',(-2.825E0,2.044E0,4.E0));
#538=LINE('',#537,#536);
#539=DIRECTION('',(0.E0,0.E0,-1.E0));
#540=VECTOR('',#539,2.344E0);
#541=CARTESIAN_POINT('',(-2.825E0,2.7E0,3.344E0));
#542=LINE('',#541,#540);
#543=DIRECTION('',(0.E0,7.071067811865E-1,7.071067811865E-1));
#544=VECTOR('',#543,6.505382386916E-1);
#545=CARTESIAN_POINT('',(-2.825E0,1.034E0,4.74E0));
#546=LINE('',#545,#544);
#547=CARTESIAN_POINT('',(-2.825E0,3.2E0,7.8E0));
#548=DIRECTION('',(-1.E0,0.E0,0.E0));
#549=DIRECTION('',(0.E0,-6.066754587449E-6,9.999999999816E-1));
#550=AXIS2_PLACEMENT_3D('',#547,#548,#549);
#552=DIRECTION('',(0.E0,-4.999999999999E-1,8.660254037845E-1));
#553=VECTOR('',#552,1.E0);
#554=CARTESIAN_POINT('',(-2.825E0,3.55E0,4.109807621135E0));
#555=LINE('',#554,#553);
#556=CARTESIAN_POINT('',(-2.825E0,2.547E0,7.197E0));
#557=DIRECTION('',(1.E0,0.E0,0.E0));
#558=DIRECTION('',(0.E0,1.E0,0.E0));
#559=AXIS2_PLACEMENT_3D('',#556,#557,#558);
#561=CARTESIAN_POINT('',(-2.825E0,2.547E0,7.197E0));
#562=DIRECTION('',(1.E0,0.E0,0.E0));
#563=DIRECTION('',(0.E0,0.E0,1.E0));
#564=AXIS2_PLACEMENT_3D('',#561,#562,#563);
#566=DIRECTION('',(-1.E0,0.E0,0.E0));
#567=VECTOR('',#566,1.615E0);
#568=CARTESIAN_POINT('',(-3.325E0,1.034E0,1.E0));
#569=LINE('',#568,#567);
#570=DIRECTION('',(1.E0,0.E0,0.E0));
#571=VECTOR('',#570,2.115E0);
#572=CARTESIAN_POINT('',(-4.94E0,3.E-1,1.E0));
#573=LINE('',#572,#571);
#574=DIRECTION('',(0.E0,1.E0,0.E0));
#575=VECTOR('',#574,7.34E-1);
#576=CARTESIAN_POINT('',(-2.825E0,3.E-1,1.E0));
#577=LINE('',#576,#575);
#578=DIRECTION('',(0.E0,1.E0,0.E0));
#579=VECTOR('',#578,1.666E0);
#580=CARTESIAN_POINT('',(-2.825E0,1.034E0,1.E0));
#581=LINE('',#580,#579);
#582=DIRECTION('',(-1.E0,0.E0,0.E0));
#583=VECTOR('',#582,5.E-1);
#584=CARTESIAN_POINT('',(-2.825E0,2.7E0,1.E0));
#585=LINE('',#584,#583);
#586=DIRECTION('',(0.E0,0.E0,-1.E0));
#587=VECTOR('',#586,8.45E0);
#588=CARTESIAN_POINT('',(-4.94E0,1.034E0,9.45E0));
#589=LINE('',#588,#587);
#590=DIRECTION('',(-1.E0,0.E0,0.E0));
#591=VECTOR('',#590,1.615E0);
#592=CARTESIAN_POINT('',(-3.325E0,1.034E0,9.45E0));
#593=LINE('',#592,#591);
#594=DIRECTION('',(0.E0,1.E0,0.E0));
#595=VECTOR('',#594,7.34E-1);
#596=CARTESIAN_POINT('',(-4.94E0,3.E-1,1.E0));
#597=LINE('',#596,#595);
#598=DIRECTION('',(0.E0,1.E0,0.E0));
#599=VECTOR('',#598,1.666E0);
#600=CARTESIAN_POINT('',(-4.94E0,1.034E0,9.45E0));
#601=LINE('',#600,#599);
#602=DIRECTION('',(0.E0,0.E0,-1.E0));
#603=VECTOR('',#602,9.45E0);
#604=CARTESIAN_POINT('',(-4.94E0,2.7E0,9.45E0));
#605=LINE('',#604,#603);
#606=DIRECTION('',(0.E0,9.486832980505E-1,-3.162277660168E-1));
#607=VECTOR('',#606,3.162277660168E-1);
#608=CARTESIAN_POINT('',(-4.94E0,0.E0,6.9E0));
#609=LINE('',#608,#607);
#610=DIRECTION('',(0.E0,0.E0,-1.E0));
#611=VECTOR('',#610,8.45E0);
#612=CARTESIAN_POINT('',(-3.325E0,1.034E0,9.45E0));
#613=LINE('',#612,#611);
#614=DIRECTION('',(0.E0,1.E0,0.E0));
#615=VECTOR('',#614,1.666E0);
#616=CARTESIAN_POINT('',(-3.325E0,1.034E0,1.E0));
#617=LINE('',#616,#615);
#618=DIRECTION('',(0.E0,-1.E0,0.E0));
#619=VECTOR('',#618,1.666E0);
#620=CARTESIAN_POINT('',(-3.325E0,2.7E0,9.45E0));
#621=LINE('',#620,#619);
#622=CARTESIAN_POINT('',(-5.998771417551E0,0.E0,7.E0));
#623=DIRECTION('',(0.E0,-1.E0,0.E0));
#624=DIRECTION('',(1.E0,0.E0,0.E0));
#625=AXIS2_PLACEMENT_3D('',#622,#623,#624);
#627=CARTESIAN_POINT('',(-5.44E0,0.E0,1.25E1));
#628=DIRECTION('',(0.E0,1.E0,0.E0));
#629=DIRECTION('',(0.E0,0.E0,1.E0));
#630=AXIS2_PLACEMENT_3D('',#627,#628,#629);
#632=DIRECTION('',(0.E0,0.E0,-1.E0));
#633=VECTOR('',#632,5.4E0);
#634=CARTESIAN_POINT('',(-4.94E0,0.E0,1.25E1));
#635=LINE('',#634,#633);
#636=DIRECTION('',(0.E0,0.E0,1.E0));
#637=VECTOR('',#636,5.4E0);
#638=CARTESIAN_POINT('',(4.94E0,0.E0,7.1E0));
#639=LINE('',#638,#637);
#640=CARTESIAN_POINT('',(5.44E0,0.E0,1.25E1));
#641=DIRECTION('',(0.E0,1.E0,0.E0));
#642=DIRECTION('',(-1.E0,0.E0,0.E0));
#643=AXIS2_PLACEMENT_3D('',#640,#641,#642);
#645=DIRECTION('',(0.E0,0.E0,-1.E0));
#646=VECTOR('',#645,4.955263191038E0);
#647=CARTESIAN_POINT('',(6.103771417551E0,0.E0,1.3E1));
#648=LINE('',#647,#646);
#649=CARTESIAN_POINT('',(5.998771417551E0,0.E0,7.E0));
#650=DIRECTION('',(0.E0,-1.E0,0.E0));
#651=DIRECTION('',(1.E-1,0.E0,9.949874371066E-1));
#652=AXIS2_PLACEMENT_3D('',#649,#650,#651);
#654=CARTESIAN_POINT('',(5.998771417551E0,0.E0,7.E0));
#655=DIRECTION('',(0.E0,-1.E0,0.E0));
#656=DIRECTION('',(-1.E0,0.E0,0.E0));
#657=AXIS2_PLACEMENT_3D('',#654,#655,#656);
#659=DIRECTION('',(0.E0,0.E0,-1.E0));
#660=VECTOR('',#659,5.955263191038E0);
#661=CARTESIAN_POINT('',(6.103771417551E0,0.E0,5.955263191038E0));
#662=LINE('',#661,#660);
#663=DIRECTION('',(-1.E0,0.E0,0.E0));
#664=VECTOR('',#663,1.163771417551E0);
#665=CARTESIAN_POINT('',(6.103771417551E0,0.E0,0.E0));
#666=LINE('',#665,#664);
#667=DIRECTION('',(0.E0,0.E0,1.E0));
#668=VECTOR('',#667,6.9E0);
#669=CARTESIAN_POINT('',(4.94E0,0.E0,0.E0));
#670=LINE('',#669,#668);
#671=DIRECTION('',(-1.E0,0.E0,0.E0));
#672=VECTOR('',#671,9.88E0);
#673=CARTESIAN_POINT('',(4.94E0,0.E0,6.9E0));
#674=LINE('',#673,#672);
#675=DIRECTION('',(0.E0,0.E0,-1.E0));
#676=VECTOR('',#675,6.9E0);
#677=CARTESIAN_POINT('',(-4.94E0,0.E0,6.9E0));
#678=LINE('',#677,#676);
#679=DIRECTION('',(-1.E0,0.E0,0.E0));
#680=VECTOR('',#679,1.163771417551E0);
#681=CARTESIAN_POINT('',(-4.94E0,0.E0,0.E0));
#682=LINE('',#681,#680);
#683=CARTESIAN_POINT('',(-5.998771417551E0,0.E0,7.E0));
#684=DIRECTION('',(0.E0,-1.E0,0.E0));
#685=DIRECTION('',(-1.E-1,0.E0,-9.949874371066E-1));
#686=AXIS2_PLACEMENT_3D('',#683,#684,#685);
#688=DIRECTION('',(0.E0,-1.E0,-1.914774255457E-13));
#689=VECTOR('',#688,7.7E-1);
#690=CARTESIAN_POINT('',(-6.248771417551E0,-9.3E-1,8.019803902719E0));
#691=LINE('',#690,#689);
#692=DIRECTION('',(2.148818757339E-14,1.E0,0.E0));
#693=VECTOR('',#692,3.1E0);
#694=CARTESIAN_POINT('',(-7.048771417551E0,-1.7E0,7.E0));
#695=LINE('',#694,#693);
#696=DIRECTION('',(0.E0,-1.E0,4.694657361272E-14));
#697=VECTOR('',#696,1.4E0);
#698=CARTESIAN_POINT('',(-6.103771417551E0,1.4E0,8.044736808962E0));
#699=LINE('',#698,#697);
#700=DIRECTION('',(0.E0,1.E0,1.960913394143E-13));
#701=VECTOR('',#700,7.7E-1);
#702=CARTESIAN_POINT('',(-5.748771417551E0,-1.7E0,8.019803902719E0));
#703=LINE('',#702,#701);
#704=CARTESIAN_POINT('',(-5.748771417551E0,-9.3E-1,8.019803902719E0));
#705=CARTESIAN_POINT('',(-5.748771417551E0,-9.030519712939E-1,
8.019803902719E0));
#706=CARTESIAN_POINT('',(-5.757040576211E0,-8.520100089424E-1,
8.021884201060E0));
#707=CARTESIAN_POINT('',(-5.792889891651E0,-7.809490995527E-1,
8.029972231722E0));
#708=CARTESIAN_POINT('',(-5.849085334523E0,-7.245335693091E-1,
8.039967196489E0));
#709=CARTESIAN_POINT('',(-5.920617962184E0,-6.882002651004E-1,
8.048003216017E0));
#710=CARTESIAN_POINT('',(-5.998012786697E0,-6.759852520620E-1,
8.050979177958E0));
#711=CARTESIAN_POINT('',(-6.075884033572E0,-6.878843670042E-1,
8.048078754009E0));
#712=CARTESIAN_POINT('',(-6.146755409297E0,-7.234067813032E-1,
8.040204794829E0));
#713=CARTESIAN_POINT('',(-6.203615645434E0,-7.793521572764E-1,
8.030197462249E0));
#714=CARTESIAN_POINT('',(-6.240391911304E0,-8.513416586872E-1,
8.021914378767E0));
#715=CARTESIAN_POINT('',(-6.248771417551E0,-9.027999896028E-1,
8.019803902719E0));
#716=CARTESIAN_POINT('',(-6.248771417551E0,-9.3E-1,8.019803902719E0));
#718=DIRECTION('',(0.E0,0.E0,1.E0));
#719=VECTOR('',#718,1.936491673104E0);
#720=CARTESIAN_POINT('',(-6.248771417551E0,-3.4E0,6.031754163448E0));
#721=LINE('',#720,#719);
#722=DIRECTION('',(0.E0,0.E0,1.E0));
#723=VECTOR('',#722,2.039607805438E0);
#724=CARTESIAN_POINT('',(-6.248771417551E0,-9.3E-1,5.980196097281E0));
#725=LINE('',#724,#723);
#726=DIRECTION('',(0.E0,0.E0,-1.E0));
#727=VECTOR('',#726,2.039607805438E0);
#728=CARTESIAN_POINT('',(-5.748771417551E0,-9.3E-1,8.019803902719E0));
#729=LINE('',#728,#727);
#730=DIRECTION('',(3.900443053948E-14,0.E0,1.E0));
#731=VECTOR('',#730,2.049409686730E-1);
#732=CARTESIAN_POINT('',(-5.748771417551E0,-1.7E0,8.019803902719E0));
#733=LINE('',#732,#731);
#734=DIRECTION('',(-3.467060492398E-14,0.E0,1.E0));
#735=VECTOR('',#734,2.049409686730E-1);
#736=CARTESIAN_POINT('',(-5.748771417551E0,-1.7E0,5.775255128608E0));
#737=LINE('',#736,#735);
#738=CARTESIAN_POINT('',(-5.998771417551E0,-1.7E0,7.E0));
#739=DIRECTION('',(0.E0,1.E0,0.E0));
#740=DIRECTION('',(2.380952380952E-1,0.E0,9.712418121129E-1));
#741=AXIS2_PLACEMENT_3D('',#738,#739,#740);
#743=CARTESIAN_POINT('',(-5.998771417551E0,-1.7E0,7.E0));
#744=DIRECTION('',(0.E0,1.E0,0.E0));
#745=DIRECTION('',(1.E0,0.E0,0.E0));
#746=AXIS2_PLACEMENT_3D('',#743,#744,#745);
#748=CARTESIAN_POINT('',(-5.998771417551E0,-1.7E0,7.E0));
#749=DIRECTION('',(0.E0,-1.E0,0.E0));
#750=DIRECTION('',(2.E-1,0.E0,-9.797958971133E-1));
#751=AXIS2_PLACEMENT_3D('',#748,#749,#750);
#753=CARTESIAN_POINT('',(-5.998771417551E0,-1.7E0,7.E0));
#754=DIRECTION('',(0.E0,-1.E0,0.E0));
#755=DIRECTION('',(1.E0,0.E0,0.E0));
#756=AXIS2_PLACEMENT_3D('',#753,#754,#755);
#758=DIRECTION('',(0.E0,1.E0,-1.914774255457E-13));
#759=VECTOR('',#758,7.7E-1);
#760=CARTESIAN_POINT('',(-6.248771417551E0,-1.7E0,5.980196097281E0));
#761=LINE('',#760,#759);
#762=CARTESIAN_POINT('',(-6.248771417551E0,-9.3E-1,5.980196097281E0));
#763=CARTESIAN_POINT('',(-6.248771417551E0,-9.030661397172E-1,
5.980196097281E0));
#764=CARTESIAN_POINT('',(-6.240505292802E0,-8.520072837945E-1,
5.978118191453E0));
#765=CARTESIAN_POINT('',(-6.204574410821E0,-7.807403060700E-1,
5.970003602055E0));
#766=CARTESIAN_POINT('',(-6.147827327649E0,-7.240788093714E-1,
5.959942155669E0));
#767=CARTESIAN_POINT('',(-6.076556954301E0,-6.880678847730E-1,
5.951964351465E0));
#768=CARTESIAN_POINT('',(-5.998717184326E0,-6.760126003869E-1,
5.949027063390E0));
#769=CARTESIAN_POINT('',(-5.921657719152E0,-6.879055582079E-1,
5.951927411398E0));
#770=CARTESIAN_POINT('',(-5.850267008017E0,-7.237266544716E-1,
5.959861448148E0));
#771=CARTESIAN_POINT('',(-5.793712195820E0,-7.797233721451E-1,
5.969853670980E0));
#772=CARTESIAN_POINT('',(-5.757160775957E0,-8.513861574696E-1,
5.978082993188E0));
#773=CARTESIAN_POINT('',(-5.748771417551E0,-9.028084173151E-1,
5.980196097281E0));
#774=CARTESIAN_POINT('',(-5.748771417551E0,-9.3E-1,5.980196097281E0));
#776=DIRECTION('',(0.E0,-1.E0,1.972448178815E-13));
#777=VECTOR('',#776,7.7E-1);
#778=CARTESIAN_POINT('',(-5.748771417551E0,-9.3E-1,5.980196097281E0));
#779=LINE('',#778,#777);
#780=DIRECTION('',(0.E0,1.E0,0.E0));
#781=VECTOR('',#780,1.7E0);
#782=CARTESIAN_POINT('',(-4.948771417551E0,-1.7E0,7.E0));
#783=LINE('',#782,#781);
#784=DIRECTION('',(0.E0,1.E0,4.567774729887E-14));
#785=VECTOR('',#784,1.4E0);
#786=CARTESIAN_POINT('',(-6.103771417551E0,0.E0,5.955263191038E0));
#787=LINE('',#786,#785);
#788=DIRECTION('',(0.E0,0.E0,-1.E0));
#789=VECTOR('',#788,5.955263191038E0);
#790=CARTESIAN_POINT('',(-6.103771417551E0,0.E0,5.955263191038E0));
#791=LINE('',#790,#789);
#792=DIRECTION('',(0.E0,1.E0,0.E0));
#793=VECTOR('',#792,1.36E1);
#794=CARTESIAN_POINT('',(-6.103771417551E0,0.E0,0.E0));
#795=LINE('',#794,#793);
#796=DIRECTION('',(0.E0,0.E0,-1.E0));
#797=VECTOR('',#796,4.955263191038E0);
#798=CARTESIAN_POINT('',(-6.103771417551E0,0.E0,1.3E1));
#799=LINE('',#798,#797);
#800=CARTESIAN_POINT('',(-5.998771417551E0,1.4E0,7.E0));
#801=DIRECTION('',(0.E0,-1.E0,0.E0));
#802=DIRECTION('',(-1.E-1,0.E0,9.949874371066E-1));
#803=AXIS2_PLACEMENT_3D('',#800,#801,#802);
#805=CARTESIAN_POINT('',(-5.998771417551E0,1.4E0,7.E0));
#806=DIRECTION('',(0.E0,-1.E0,0.E0));
#807=DIRECTION('',(-1.E0,0.E0,0.E0));
#808=AXIS2_PLACEMENT_3D('',#805,#806,#807);
#810=CARTESIAN_POINT('',(-6.103771417551E0,1.4E0,5.955263191038E0));
#811=CARTESIAN_POINT('',(-6.103771417551E0,1.422464916826E0,5.992131216797E0));
#812=CARTESIAN_POINT('',(-6.103771417551E0,1.465732465117E0,6.063178310076E0));
#813=CARTESIAN_POINT('',(-6.103771417551E0,1.525494082826E0,6.161441962881E0));
#814=CARTESIAN_POINT('',(-6.103771417551E0,1.580553985054E0,6.252131491844E0));
#815=CARTESIAN_POINT('',(-6.103771417551E0,1.631154662964E0,6.335663146694E0));
#816=CARTESIAN_POINT('',(-6.103771417551E0,1.677514097013E0,6.412417510290E0));
#817=CARTESIAN_POINT('',(-6.103771417551E0,1.719824617049E0,6.482738646095E0));
#818=CARTESIAN_POINT('',(-6.103771417551E0,1.758305285705E0,6.547022611413E0));
#819=CARTESIAN_POINT('',(-6.103771417551E0,1.793150439727E0,6.605634865867E0));
#820=CARTESIAN_POINT('',(-6.103771417551E0,1.824489240822E0,6.658843309779E0));
#821=CARTESIAN_POINT('',(-6.103771417551E0,1.852425880108E0,6.706885121981E0));
#822=CARTESIAN_POINT('',(-6.103771417551E0,1.877068214759E0,6.750013409397E0));
#823=CARTESIAN_POINT('',(-6.103771417551E0,1.898563047257E0,6.788562441859E0));
#824=CARTESIAN_POINT('',(-6.103771417551E0,1.916944193817E0,6.822663288573E0));
#825=CARTESIAN_POINT('',(-6.103771417551E0,1.932544976710E0,6.852986632194E0));
#826=CARTESIAN_POINT('',(-6.103771417551E0,1.945982442535E0,6.880876539747E0));
#827=CARTESIAN_POINT('',(-6.103771417551E0,1.957934370805E0,6.908209273647E0));
#828=CARTESIAN_POINT('',(-6.103771417551E0,1.968743479785E0,6.937473383907E0));
#829=CARTESIAN_POINT('',(-6.103771417551E0,1.976720222497E0,6.968429935855E0));
#830=CARTESIAN_POINT('',(-6.103771417551E0,1.978720869563E0,6.989378141177E0));
#831=CARTESIAN_POINT('',(-6.103771417551E0,1.978720869563E0,7.E0));
#833=CARTESIAN_POINT('',(-6.103771417551E0,1.978720869563E0,7.E0));
#834=CARTESIAN_POINT('',(-6.103771417551E0,1.978720869563E0,7.011229897743E0));
#835=CARTESIAN_POINT('',(-6.103771417551E0,1.976487117530E0,7.033474300345E0));
#836=CARTESIAN_POINT('',(-6.103771417551E0,1.967398875766E0,7.066885690101E0));
#837=CARTESIAN_POINT('',(-6.103771417551E0,1.955267817122E0,7.098307561894E0));
#838=CARTESIAN_POINT('',(-6.103771417551E0,1.942067675827E0,7.127529816320E0));
#839=CARTESIAN_POINT('',(-6.103771417551E0,1.927202087194E0,7.157616855373E0));
#840=CARTESIAN_POINT('',(-6.103771417551E0,1.909909591461E0,7.190567749400E0));
#841=CARTESIAN_POINT('',(-6.103771417551E0,1.889428579122E0,7.227972646091E0));
#842=CARTESIAN_POINT('',(-6.103771417551E0,1.865410830523E0,7.270514217734E0));
#843=CARTESIAN_POINT('',(-6.103771417551E0,1.837868700017E0,7.318248715607E0));
#844=CARTESIAN_POINT('',(-6.103771417551E0,1.806602880639E0,7.371604364692E0));
#845=CARTESIAN_POINT('',(-6.103771417551E0,1.771486463328E0,7.430867282603E0));
#846=CARTESIAN_POINT('',(-6.103771417551E0,1.732381014297E0,7.496332210050E0));
#847=CARTESIAN_POINT('',(-6.103771417551E0,1.689118837125E0,7.568330324719E0));
#848=CARTESIAN_POINT('',(-6.103771417551E0,1.641378082975E0,7.647436225693E0));
#849=CARTESIAN_POINT('',(-6.103771417551E0,1.588966384353E0,7.733999080693E0));
#850=CARTESIAN_POINT('',(-6.103771417551E0,1.531642090193E0,7.828443042015E0));
#851=CARTESIAN_POINT('',(-6.103771417551E0,1.469121645386E0,7.931255333768E0));
#852=CARTESIAN_POINT('',(-6.103771417551E0,1.423653024660E0,8.005918934444E0));
#853=CARTESIAN_POINT('',(-6.103771417551E0,1.4E0,8.044736808962E0));
#855=DIRECTION('',(0.E0,0.E0,1.E0));
#856=VECTOR('',#855,1.3E1);
#857=CARTESIAN_POINT('',(-5.303771417551E0,1.44E1,0.E0));
#858=LINE('',#857,#856);
#859=DIRECTION('',(0.E0,0.E0,-1.E0));
#860=VECTOR('',#859,1.3E1);
#861=CARTESIAN_POINT('',(-6.103771417551E0,1.36E1,1.3E1));
#862=LINE('',#861,#860);
#863=DIRECTION('',(1.E0,0.E0,0.E0));
#864=VECTOR('',#863,1.060754283510E1);
#865=CARTESIAN_POINT('',(-5.303771417551E0,1.44E1,0.E0));
#866=LINE('',#865,#864);
#867=DIRECTION('',(0.E0,0.E0,1.E0));
#868=VECTOR('',#867,1.3E1);
#869=CARTESIAN_POINT('',(6.103771417551E0,1.36E1,0.E0));
#870=LINE('',#869,#868);
#871=DIRECTION('',(0.E0,0.E0,-1.E0));
#872=VECTOR('',#871,1.3E1);
#873=CARTESIAN_POINT('',(5.303771417551E0,1.44E1,1.3E1));
#874=LINE('',#873,#872);
#875=DIRECTION('',(0.E0,-1.E0,0.E0));
#876=VECTOR('',#875,1.36E1);
#877=CARTESIAN_POINT('',(6.103771417551E0,1.36E1,0.E0));
#878=LINE('',#877,#876);
#879=DIRECTION('',(0.E0,1.E0,1.937843824800E-13));
#880=VECTOR('',#879,7.7E-1);
#881=CARTESIAN_POINT('',(6.248771417551E0,-1.7E0,8.019803902719E0));
#882=LINE('',#881,#880);
#883=CARTESIAN_POINT('',(6.248771417551E0,-9.3E-1,8.019803902719E0));
#884=CARTESIAN_POINT('',(6.248771417551E0,-9.030640119475E-1,8.019803902719E0));
#885=CARTESIAN_POINT('',(6.240504903008E0,-8.520005479244E-1,8.021881964076E0));
#886=CARTESIAN_POINT('',(6.204557919830E0,-7.807134190299E-1,8.030000005454E0));
#887=CARTESIAN_POINT('',(6.147793593873E0,-7.240553100266E-1,8.040062913039E0));
#888=CARTESIAN_POINT('',(6.076543876507E0,-6.880703627095E-1,8.048034964757E0));
#889=CARTESIAN_POINT('',(5.998771581399E0,-6.760125474734E-1,8.050972920648E0));
#890=CARTESIAN_POINT('',(5.921664750619E0,-6.879036467691E-1,8.048073317401E0));
#891=CARTESIAN_POINT('',(5.850320604116E0,-7.236939020522E-1,8.040145551543E0));
#892=CARTESIAN_POINT('',(5.793739678779E0,-7.796781809684E-1,8.030152552434E0));
#893=CARTESIAN_POINT('',(5.757162729728E0,-8.513721387051E-1,8.021917506886E0));
#894=CARTESIAN_POINT('',(5.748771417551E0,-9.028034429314E-1,8.019803902719E0));
#895=CARTESIAN_POINT('',(5.748771417551E0,-9.3E-1,8.019803902719E0));
#897=DIRECTION('',(0.E0,-1.E0,-1.960913394143E-13));
#898=VECTOR('',#897,7.7E-1);
#899=CARTESIAN_POINT('',(5.748771417551E0,-9.3E-1,8.019803902719E0));
#900=LINE('',#899,#898);
#901=DIRECTION('',(0.E0,1.E0,0.E0));
#902=VECTOR('',#901,1.7E0);
#903=CARTESIAN_POINT('',(4.948771417551E0,-1.7E0,7.E0));
#904=LINE('',#903,#902);
#905=DIRECTION('',(0.E0,1.E0,-4.567774729887E-14));
#906=VECTOR('',#905,1.4E0);
#907=CARTESIAN_POINT('',(6.103771417551E0,0.E0,8.044736808962E0));
#908=LINE('',#907,#906);
#909=DIRECTION('',(-3.467060492399E-14,0.E0,1.E0));
#910=VECTOR('',#909,2.049409686730E-1);
#911=CARTESIAN_POINT('',(6.248771417551E0,-1.7E0,5.775255128608E0));
#912=LINE('',#911,#910);
#913=DIRECTION('',(3.467060492399E-14,0.E0,1.E0));
#914=VECTOR('',#913,2.049409686730E-1);
#915=CARTESIAN_POINT('',(6.248771417551E0,-1.7E0,8.019803902719E0));
#916=LINE('',#915,#914);
#917=DIRECTION('',(0.E0,0.E0,1.E0));
#918=VECTOR('',#917,1.936491673104E0);
#919=CARTESIAN_POINT('',(6.248771417551E0,-3.4E0,6.031754163448E0));
#920=LINE('',#919,#918);
#921=CARTESIAN_POINT('',(5.998771417551E0,-3.4E0,7.E0));
#922=DIRECTION('',(0.E0,1.E0,0.E0));
#923=DIRECTION('',(2.5E-1,0.E0,9.682458365519E-1));
#924=AXIS2_PLACEMENT_3D('',#921,#922,#923);
#926=CARTESIAN_POINT('',(5.998771417551E0,-3.4E0,7.E0));
#927=DIRECTION('',(0.E0,1.E0,0.E0));
#928=DIRECTION('',(1.E0,0.E0,0.E0));
#929=AXIS2_PLACEMENT_3D('',#926,#927,#928);
#931=CARTESIAN_POINT('',(5.998771417551E0,-1.9E0,7.E0));
#932=DIRECTION('',(0.E0,1.E0,0.E0));
#933=DIRECTION('',(1.999999999999E-1,0.E0,9.797958971133E-1));
#934=AXIS2_PLACEMENT_3D('',#931,#932,#933);
#936=CARTESIAN_POINT('',(5.998771417551E0,-1.9E0,7.E0));
#937=DIRECTION('',(0.E0,1.E0,0.E0));
#938=DIRECTION('',(1.E0,0.E0,0.E0));
#939=AXIS2_PLACEMENT_3D('',#936,#937,#938);
#941=CARTESIAN_POINT('',(6.248771417551E0,-1.9E0,5.775255128608E0));
#942=CARTESIAN_POINT('',(6.248771417551E0,-2.066531141685E0,5.803582651067E0));
#943=CARTESIAN_POINT('',(6.248771417551E0,-2.399684476663E0,5.860348544901E0));
#944=CARTESIAN_POINT('',(6.248771417551E0,-2.899689866905E0,5.945818881091E0));
#945=CARTESIAN_POINT('',(6.248771417551E0,-3.233204609514E0,6.003043240356E0));
#946=CARTESIAN_POINT('',(6.248771417551E0,-3.4E0,6.031754163448E0));
#948=CARTESIAN_POINT('',(6.248771417551E0,-3.4E0,7.968245836552E0));
#949=CARTESIAN_POINT('',(6.248771417551E0,-3.233204609494E0,7.996956759648E0));
#950=CARTESIAN_POINT('',(6.248771417551E0,-2.899689866859E0,8.054181118917E0));
#951=CARTESIAN_POINT('',(6.248771417551E0,-2.399684476616E0,8.139651455107E0));
#952=CARTESIAN_POINT('',(6.248771417551E0,-2.066531141665E0,8.196417348936E0));
#953=CARTESIAN_POINT('',(6.248771417551E0,-1.9E0,8.224744871392E0));
#955=DIRECTION('',(-1.243449787580E-13,-1.E0,-5.329070518201E-14));
#956=VECTOR('',#955,2.E-1);
#957=CARTESIAN_POINT('',(6.248771417551E0,-1.7E0,5.775255128608E0));
#958=LINE('',#957,#956);
#959=DIRECTION('',(1.243449787580E-13,1.E0,-4.440892098501E-14));
#960=VECTOR('',#959,2.E-1);
#961=CARTESIAN_POINT('',(6.248771417551E0,-1.9E0,8.224744871392E0));
#962=LINE('',#961,#960);
#963=CARTESIAN_POINT('',(5.998771417551E0,-1.7E0,7.E0));
#964=DIRECTION('',(0.E0,1.E0,0.E0));
#965=DIRECTION('',(2.380952380952E-1,0.E0,9.712418121129E-1));
#966=AXIS2_PLACEMENT_3D('',#963,#964,#965);
#968=CARTESIAN_POINT('',(5.998771417551E0,-1.7E0,7.E0));
#969=DIRECTION('',(0.E0,1.E0,0.E0));
#970=DIRECTION('',(1.E0,0.E0,0.E0));
#971=AXIS2_PLACEMENT_3D('',#968,#969,#970);
#973=CARTESIAN_POINT('',(5.998771417551E0,-1.7E0,7.E0));
#974=DIRECTION('',(0.E0,-1.E0,0.E0));
#975=DIRECTION('',(2.E-1,0.E0,-9.797958971133E-1));
#976=AXIS2_PLACEMENT_3D('',#973,#974,#975);
#978=CARTESIAN_POINT('',(5.998771417551E0,-1.7E0,7.E0));
#979=DIRECTION('',(0.E0,-1.E0,0.E0));
#980=DIRECTION('',(1.E0,0.E0,0.E0));
#981=AXIS2_PLACEMENT_3D('',#978,#979,#980);
#983=DIRECTION('',(0.E0,-1.E0,1.937843824800E-13));
#984=VECTOR('',#983,7.7E-1);
#985=CARTESIAN_POINT('',(6.248771417551E0,-9.3E-1,5.980196097281E0));
#986=LINE('',#985,#984);
#987=DIRECTION('',(-2.148818757339E-14,1.E0,0.E0));
#988=VECTOR('',#987,3.1E0);
#989=CARTESIAN_POINT('',(7.048771417551E0,-1.7E0,7.E0));
#990=LINE('',#989,#988);
#991=DIRECTION('',(0.E0,-1.E0,-4.567774729887E-14));
#992=VECTOR('',#991,1.4E0);
#993=CARTESIAN_POINT('',(6.103771417551E0,1.4E0,5.955263191038E0));
#994=LINE('',#993,#992);
#995=DIRECTION('',(0.E0,1.E0,-1.949378609472E-13));
#996=VECTOR('',#995,7.7E-1);
#997=CARTESIAN_POINT('',(5.748771417551E0,-1.7E0,5.980196097281E0));
#998=LINE('',#997,#996);
#999=CARTESIAN_POINT('',(5.748771417551E0,-9.3E-1,5.980196097281E0));
#1000=CARTESIAN_POINT('',(5.748771417551E0,-9.030472551898E-1,
5.980196097281E0));
#1001=CARTESIAN_POINT('',(5.757043174849E0,-8.519956923941E-1,
5.978115186352E0));
#1002=CARTESIAN_POINT('',(5.792913714543E0,-7.809072407127E-1,
5.970022257593E0));
#1003=CARTESIAN_POINT('',(5.849150589636E0,-7.244892162516E-1,
5.960023396922E0));
#1004=CARTESIAN_POINT('',(5.920633665923E0,-6.882024836183E-1,
5.951997395005E0));
#1005=CARTESIAN_POINT('',(5.997979349202E0,-6.759852412830E-1,
5.949020810773E0));
#1006=CARTESIAN_POINT('',(6.075878835984E0,-6.878833417677E-1,
5.951920760975E0));
#1007=CARTESIAN_POINT('',(6.146721401038E0,-7.233856726309E-1,
5.959790758296E0));
#1008=CARTESIAN_POINT('',(6.203597933559E0,-7.793237051667E-1,
5.969798549695E0));
#1009=CARTESIAN_POINT('',(6.240390090516E0,-8.513308511209E-1,
5.978085162180E0));
#1010=CARTESIAN_POINT('',(6.248771417551E0,-9.027960128792E-1,
5.980196097281E0));
#1011=CARTESIAN_POINT('',(6.248771417551E0,-9.3E-1,5.980196097281E0));
#1013=CARTESIAN_POINT('',(6.103771417551E0,1.4E0,8.044736808962E0));
#1014=CARTESIAN_POINT('',(6.103771417551E0,1.422468050053E0,8.007863641145E0));
#1015=CARTESIAN_POINT('',(6.103771417551E0,1.465741506348E0,7.936806841094E0));
#1016=CARTESIAN_POINT('',(6.103771417551E0,1.525510928772E0,7.838530324143E0));
#1017=CARTESIAN_POINT('',(6.103771417551E0,1.580577511032E0,7.747829727038E0));
#1018=CARTESIAN_POINT('',(6.103771417551E0,1.631181558311E0,7.664292400971E0));
#1019=CARTESIAN_POINT('',(6.103771417551E0,1.677543237967E0,7.587534171382E0));
#1020=CARTESIAN_POINT('',(6.103771417551E0,1.719855141888E0,7.517210494496E0));
#1021=CARTESIAN_POINT('',(6.103771417551E0,1.758325121070E0,7.452944117118E0));
#1022=CARTESIAN_POINT('',(6.103771417551E0,1.793162663969E0,7.394344451759E0));
#1023=CARTESIAN_POINT('',(6.103771417551E0,1.824492552516E0,7.341150969417E0));
#1024=CARTESIAN_POINT('',(6.103771417551E0,1.852417855411E0,7.293128643006E0));
#1025=CARTESIAN_POINT('',(6.103771417551E0,1.877049842603E0,7.250019024018E0));
#1026=CARTESIAN_POINT('',(6.103771417551E0,1.898540239938E0,7.211478736109E0));
#1027=CARTESIAN_POINT('',(6.103771417551E0,1.916899778664E0,7.177420165408E0));
#1028=CARTESIAN_POINT('',(6.103771417551E0,1.932493499384E0,7.147116018331E0));
#1029=CARTESIAN_POINT('',(6.103771417551E0,1.945938678433E0,7.119218916863E0));
#1030=CARTESIAN_POINT('',(6.103771417551E0,1.957911755677E0,7.091848297009E0));
#1031=CARTESIAN_POINT('',(6.103771417551E0,1.968738307501E0,7.062547351109E0));
#1032=CARTESIAN_POINT('',(6.103771417551E0,1.976723144113E0,7.031558849306E0));
#1033=CARTESIAN_POINT('',(6.103771417551E0,1.978720869563E0,7.010615053355E0));
#1034=CARTESIAN_POINT('',(6.103771417551E0,1.978720869563E0,7.E0));
#1036=CARTESIAN_POINT('',(6.103771417551E0,1.978720869563E0,7.E0));
#1037=CARTESIAN_POINT('',(6.103771417551E0,1.978720869563E0,6.988765184455E0));
#1038=CARTESIAN_POINT('',(6.103771417551E0,1.976484317783E0,6.966514770734E0));
#1039=CARTESIAN_POINT('',(6.103771417551E0,1.967402462509E0,6.933126549402E0));
#1040=CARTESIAN_POINT('',(6.103771417551E0,1.955270355579E0,6.901697373457E0));
#1041=CARTESIAN_POINT('',(6.103771417551E0,1.942064415787E0,6.872463292965E0));
#1042=CARTESIAN_POINT('',(6.103771417551E0,1.927200128653E0,6.842379428908E0));
#1043=CARTESIAN_POINT('',(6.103771417551E0,1.909909952305E0,6.809432964205E0));
#1044=CARTESIAN_POINT('',(6.103771417551E0,1.889429678699E0,6.772029303784E0));
#1045=CARTESIAN_POINT('',(6.103771417551E0,1.865409576929E0,6.729483567291E0));
#1046=CARTESIAN_POINT('',(6.103771417551E0,1.837866964188E0,6.681748300883E0));
#1047=CARTESIAN_POINT('',(6.103771417551E0,1.806600460980E0,6.628391534493E0));
#1048=CARTESIAN_POINT('',(6.103771417551E0,1.771486107661E0,6.569132135975E0));
#1049=CARTESIAN_POINT('',(6.103771417551E0,1.732384012579E0,6.503672798053E0));
#1050=CARTESIAN_POINT('',(6.103771417551E0,1.689121961856E0,6.431674860842E0));
#1051=CARTESIAN_POINT('',(6.103771417551E0,1.641380977948E0,6.352568562932E0));
#1052=CARTESIAN_POINT('',(6.103771417551E0,1.588969777462E0,6.266006515889E0));
#1053=CARTESIAN_POINT('',(6.103771417551E0,1.531645230796E0,6.171562125973E0));
#1054=CARTESIAN_POINT('',(6.103771417551E0,1.469123655620E0,6.068747968098E0));
#1055=CARTESIAN_POINT('',(6.103771417551E0,1.423653782781E0,5.994082309737E0));
#1056=CARTESIAN_POINT('',(6.103771417551E0,1.4E0,5.955263191038E0));
#1058=CARTESIAN_POINT('',(5.998771417551E0,1.4E0,7.E0));
#1059=DIRECTION('',(0.E0,-1.E0,0.E0));
#1060=DIRECTION('',(1.E-1,0.E0,-9.949874371066E-1));
#1061=AXIS2_PLACEMENT_3D('',#1058,#1059,#1060);
#1063=CARTESIAN_POINT('',(5.998771417551E0,1.4E0,7.E0));
#1064=DIRECTION('',(0.E0,-1.E0,0.E0));
#1065=DIRECTION('',(1.E0,0.E0,0.E0));
#1066=AXIS2_PLACEMENT_3D('',#1063,#1064,#1065);
#1068=DIRECTION('',(-3.467060492398E-14,0.E0,1.E0));
#1069=VECTOR('',#1068,2.049409686730E-1);
#1070=CARTESIAN_POINT('',(5.748771417551E0,-1.7E0,8.019803902719E0));
#1071=LINE('',#1070,#1069);
#1072=CARTESIAN_POINT('',(5.998771417551E0,-1.7E0,7.E0));
#1073=DIRECTION('',(0.E0,-1.E0,0.E0));
#1074=DIRECTION('',(-2.E-1,0.E0,9.797958971133E-1));
#1075=AXIS2_PLACEMENT_3D('',#1072,#1073,#1074);
#1077=CARTESIAN_POINT('',(5.998771417551E0,-1.7E0,7.E0));
#1078=DIRECTION('',(0.E0,-1.E0,0.E0));
#1079=DIRECTION('',(-1.E0,0.E0,0.E0));
#1080=AXIS2_PLACEMENT_3D('',#1077,#1078,#1079);
#1082=DIRECTION('',(3.467060492398E-14,0.E0,1.E0));
#1083=VECTOR('',#1082,2.049409686730E-1);
#1084=CARTESIAN_POINT('',(5.748771417551E0,-1.7E0,5.775255128608E0));
#1085=LINE('',#1084,#1083);
#1086=CARTESIAN_POINT('',(5.998771417551E0,-1.7E0,7.E0));
#1087=DIRECTION('',(0.E0,1.E0,0.E0));
#1088=DIRECTION('',(-2.380952380952E-1,0.E0,-9.712418121129E-1));
#1089=AXIS2_PLACEMENT_3D('',#1086,#1087,#1088);
#1091=CARTESIAN_POINT('',(5.998771417551E0,-1.7E0,7.E0));
#1092=DIRECTION('',(0.E0,1.E0,0.E0));
#1093=DIRECTION('',(-1.E0,0.E0,0.E0));
#1094=AXIS2_PLACEMENT_3D('',#1091,#1092,#1093);
#1096=DIRECTION('',(0.E0,0.E0,1.E0));
#1097=VECTOR('',#1096,1.936491673104E0);
#1098=CARTESIAN_POINT('',(5.748771417551E0,-3.4E0,6.031754163448E0));
#1099=LINE('',#1098,#1097);
#1100=CARTESIAN_POINT('',(5.998771417551E0,-3.4E0,7.E0));
#1101=DIRECTION('',(0.E0,1.E0,0.E0));
#1102=DIRECTION('',(-2.5E-1,0.E0,-9.682458365519E-1));
#1103=AXIS2_PLACEMENT_3D('',#1100,#1101,#1102);
#1105=CARTESIAN_POINT('',(5.998771417551E0,-3.4E0,7.E0));
#1106=DIRECTION('',(0.E0,1.E0,0.E0));
#1107=DIRECTION('',(-1.E0,0.E0,0.E0));
#1108=AXIS2_PLACEMENT_3D('',#1105,#1106,#1107);
#1110=CARTESIAN_POINT('',(5.748771417551E0,-3.4E0,6.031754163448E0));
#1111=CARTESIAN_POINT('',(5.748771417551E0,-3.233204609494E0,6.003043240352E0));
#1112=CARTESIAN_POINT('',(5.748771417551E0,-2.899689866859E0,5.945818881083E0));
#1113=CARTESIAN_POINT('',(5.748771417551E0,-2.399684476616E0,5.860348544893E0));
#1114=CARTESIAN_POINT('',(5.748771417551E0,-2.066531141665E0,5.803582651064E0));
#1115=CARTESIAN_POINT('',(5.748771417551E0,-1.9E0,5.775255128608E0));
#1117=CARTESIAN_POINT('',(5.998771417551E0,-1.9E0,7.E0));
#1118=DIRECTION('',(0.E0,1.E0,0.E0));
#1119=DIRECTION('',(-1.999999999999E-1,0.E0,-9.797958971133E-1));
#1120=AXIS2_PLACEMENT_3D('',#1117,#1118,#1119);
#1122=CARTESIAN_POINT('',(5.998771417551E0,-1.9E0,7.E0));
#1123=DIRECTION('',(0.E0,1.E0,0.E0));
#1124=DIRECTION('',(-1.E0,0.E0,0.E0));
#1125=AXIS2_PLACEMENT_3D('',#1122,#1123,#1124);
#1127=CARTESIAN_POINT('',(5.748771417551E0,-1.9E0,8.224744871392E0));
#1128=CARTESIAN_POINT('',(5.748771417551E0,-2.066531141685E0,8.196417348933E0));
#1129=CARTESIAN_POINT('',(5.748771417551E0,-2.399684476663E0,8.139651455099E0));
#1130=CARTESIAN_POINT('',(5.748771417551E0,-2.899689866905E0,8.054181118909E0));
#1131=CARTESIAN_POINT('',(5.748771417551E0,-3.233204609514E0,7.996956759644E0));
#1132=CARTESIAN_POINT('',(5.748771417551E0,-3.4E0,7.968245836552E0));
#1134=DIRECTION('',(-1.287858708565E-13,1.E0,3.996802888651E-14));
#1135=VECTOR('',#1134,2.E-1);
#1136=CARTESIAN_POINT('',(5.748771417551E0,-1.9E0,5.775255128608E0));
#1137=LINE('',#1136,#1135);
#1138=DIRECTION('',(1.287858708565E-13,-1.E0,5.329070518201E-14));
#1139=VECTOR('',#1138,2.E-1);
#1140=CARTESIAN_POINT('',(5.748771417551E0,-1.7E0,8.224744871392E0));
#1141=LINE('',#1140,#1139);
#1142=DIRECTION('',(0.E0,0.E0,-1.E0));
#1143=VECTOR('',#1142,2.039607805438E0);
#1144=CARTESIAN_POINT('',(6.248771417551E0,-9.3E-1,8.019803902719E0));
#1145=LINE('',#1144,#1143);
#1146=DIRECTION('',(0.E0,0.E0,1.E0));
#1147=VECTOR('',#1146,2.039607805438E0);
#1148=CARTESIAN_POINT('',(5.748771417551E0,-9.3E-1,5.980196097281E0));
#1149=LINE('',#1148,#1147);
#1150=DIRECTION('',(-1.E0,0.E0,0.E0));
#1151=VECTOR('',#1150,6.637714175510E-1);
#1152=CARTESIAN_POINT('',(-5.44E0,0.E0,1.3E1));
#1153=LINE('',#1152,#1151);
#1154=DIRECTION('',(0.E0,1.E0,0.E0));
#1155=VECTOR('',#1154,1.36E1);
#1156=CARTESIAN_POINT('',(-6.103771417551E0,0.E0,1.3E1));
#1157=LINE('',#1156,#1155);
#1158=CARTESIAN_POINT('',(-5.303771417551E0,1.36E1,1.3E1));
#1159=DIRECTION('',(0.E0,0.E0,-1.E0));
#1160=DIRECTION('',(-1.E0,0.E0,0.E0));
#1161=AXIS2_PLACEMENT_3D('',#1158,#1159,#1160);
#1163=DIRECTION('',(1.E0,0.E0,0.E0));
#1164=VECTOR('',#1163,1.060754283510E1);
#1165=CARTESIAN_POINT('',(-5.303771417551E0,1.44E1,1.3E1));
#1166=LINE('',#1165,#1164);
#1167=CARTESIAN_POINT('',(5.303771417551E0,1.36E1,1.3E1));
#1168=DIRECTION('',(0.E0,0.E0,-1.E0));
#1169=DIRECTION('',(0.E0,1.E0,0.E0));
#1170=AXIS2_PLACEMENT_3D('',#1167,#1168,#1169);
#1172=DIRECTION('',(0.E0,-1.E0,0.E0));
#1173=VECTOR('',#1172,1.36E1);
#1174=CARTESIAN_POINT('',(6.103771417551E0,1.36E1,1.3E1));
#1175=LINE('',#1174,#1173);
#1176=DIRECTION('',(-1.E0,0.E0,0.E0));
#1177=VECTOR('',#1176,6.637714175510E-1);
#1178=CARTESIAN_POINT('',(6.103771417551E0,0.E0,1.3E1));
#1179=LINE('',#1178,#1177);
#1180=DIRECTION('',(-1.E0,0.E0,0.E0));
#1181=VECTOR('',#1180,1.32E0);
#1182=CARTESIAN_POINT('',(-2.03E0,1.22E1,1.25E1));
#1183=LINE('',#1182,#1181);
#1184=DIRECTION('',(1.E0,0.E0,0.E0));
#1185=VECTOR('',#1184,1.32E0);
#1186=CARTESIAN_POINT('',(-3.85E0,1.27E1,1.3E1));
#1187=LINE('',#1186,#1185);
#1188=CARTESIAN_POINT('',(-2.53E0,1.27E1,1.3E1));
#1189=CARTESIAN_POINT('',(-2.485210388050E0,1.265521038805E1,1.3E1));
#1190=CARTESIAN_POINT('',(-2.399505547642E0,1.256949702080E1,1.298817010864E1));
#1191=CARTESIAN_POINT('',(-2.284707276903E0,1.245471586303E1,1.294110922076E1));
#1192=CARTESIAN_POINT('',(-2.191467977629E0,1.236146199603E1,1.287360418193E1));
#1193=CARTESIAN_POINT('',(-2.118452474290E0,1.228845765220E1,1.279067383364E1));
#1194=CARTESIAN_POINT('',(-2.067215174495E0,1.223722761197E1,1.269859031023E1));
#1195=CARTESIAN_POINT('',(-2.036546904787E0,1.220654219664E1,1.259985713463E1));
#1196=CARTESIAN_POINT('',(-2.03E0,1.22E1,1.253301260876E1));
#1197=CARTESIAN_POINT('',(-2.03E0,1.22E1,1.25E1));
#1199=DIRECTION('',(0.E0,0.E0,1.E0));
#1200=VECTOR('',#1199,3.05E0);
#1201=CARTESIAN_POINT('',(-3.35E0,1.22E1,9.45E0));
#1202=LINE('',#1201,#1200);
#1203=DIRECTION('',(0.E0,0.E0,1.E0));
#1204=VECTOR('',#1203,3.05E0);
#1205=CARTESIAN_POINT('',(-2.03E0,1.22E1,9.45E0));
#1206=LINE('',#1205,#1204);
#1207=DIRECTION('',(0.E0,-1.391731009598E-1,-9.902680687416E-1));
#1208=VECTOR('',#1207,3.079974096182E0);
#1209=CARTESIAN_POINT('',(-2.03E0,1.382864954584E1,1.25E1));
#1210=LINE('',#1209,#1208);
#1211=DIRECTION('',(0.E0,1.E0,0.E0));
#1212=VECTOR('',#1211,1.459705984540E0);
#1213=CARTESIAN_POINT('',(-2.53E0,1.27E1,1.3E1));
#1214=LINE('',#1213,#1212);
#1215=CARTESIAN_POINT('',(-2.53E0,1.415970598454E1,1.3E1));
#1216=CARTESIAN_POINT('',(-2.489458648898E0,1.412830278901E1,1.3E1));
#1217=CARTESIAN_POINT('',(-2.411537127296E0,1.406796907896E1,1.299023638149E1));
#1218=CARTESIAN_POINT('',(-2.305961119722E0,1.398860273782E1,1.295148998968E1));
#1219=CARTESIAN_POINT('',(-2.215528936909E0,1.392522868224E1,1.289332428913E1));
#1220=CARTESIAN_POINT('',(-2.143745102917E0,1.388174802316E1,1.282253278285E1));
#1221=CARTESIAN_POINT('',(-2.107483684401E0,1.386648150715E1,1.276918839204E1));
#1222=CARTESIAN_POINT('',(-2.092328885803E0,1.386262556392E1,1.274175193029E1));
#1224=DIRECTION('',(0.E0,-1.E0,6.762297286363E-14));
#1225=VECTOR('',#1224,1.628649545842E0);
#1226=CARTESIAN_POINT('',(-2.03E0,1.382864954584E1,1.25E1));
#1227=LINE('',#1226,#1225);
#1228=DIRECTION('',(1.E0,0.E0,0.E0));
#1229=VECTOR('',#1228,5.06E0);
#1230=CARTESIAN_POINT('',(-2.53E0,1.415970598454E1,1.3E1));
#1231=LINE('',#1230,#1229);
#1232=CARTESIAN_POINT('',(2.53E0,1.415970598454E1,1.3E1));
#1233=CARTESIAN_POINT('',(2.489289814558E0,1.412817201049E1,1.3E1));
#1234=CARTESIAN_POINT('',(2.411071267610E0,1.406761043163E1,1.299014984481E1));
#1235=CARTESIAN_POINT('',(2.305313623323E0,1.398813287430E1,1.295118558058E1));
#1236=CARTESIAN_POINT('',(2.214924549872E0,1.392482929257E1,1.289282241454E1));
#1237=CARTESIAN_POINT('',(2.143438240153E0,1.388161108082E1,1.282216157070E1));
#1238=CARTESIAN_POINT('',(2.107305244794E0,1.386643610549E1,1.276886534245E1));
#1239=CARTESIAN_POINT('',(2.092328885803E0,1.386262556392E1,1.274175193029E1));
#1241=DIRECTION('',(-1.E0,0.E0,0.E0));
#1242=VECTOR('',#1241,4.184657771607E0);
#1243=CARTESIAN_POINT('',(2.092328885803E0,1.386262556392E1,1.274175193029E1));
#1244=LINE('',#1243,#1242);
#1245=DIRECTION('',(0.E0,-1.E0,0.E0));
#1246=VECTOR('',#1245,1.459705984540E0);
#1247=CARTESIAN_POINT('',(2.53E0,1.415970598454E1,1.3E1));
#1248=LINE('',#1247,#1246);
#1249=CARTESIAN_POINT('',(2.53E0,1.27E1,1.3E1));
#1250=CARTESIAN_POINT('',(2.485210388050E0,1.265521038805E1,1.3E1));
#1251=CARTESIAN_POINT('',(2.399497020796E0,1.256950554765E1,1.298817010864E1));
#1252=CARTESIAN_POINT('',(2.284715863034E0,1.245470727691E1,1.294110922076E1));
#1253=CARTESIAN_POINT('',(2.191461996031E0,1.236146797763E1,1.287360418193E1));
#1254=CARTESIAN_POINT('',(2.118457652204E0,1.228845247429E1,1.279067383364E1));
#1255=CARTESIAN_POINT('',(2.067227611968E0,1.223721517449E1,1.269859031023E1));
#1256=CARTESIAN_POINT('',(2.036542196637E0,1.220654690479E1,1.259985713464E1));
#1257=CARTESIAN_POINT('',(2.03E0,1.22E1,1.253301260876E1));
#1258=CARTESIAN_POINT('',(2.03E0,1.22E1,1.25E1));
#1260=DIRECTION('',(0.E0,1.E0,-6.762297286363E-14));
#1261=VECTOR('',#1260,1.628649545842E0);
#1262=CARTESIAN_POINT('',(2.03E0,1.22E1,1.25E1));
#1263=LINE('',#1262,#1261);
#1264=DIRECTION('',(1.E0,0.E0,0.E0));
#1265=VECTOR('',#1264,1.32E0);
#1266=CARTESIAN_POINT('',(2.53E0,1.27E1,1.3E1));
#1267=LINE('',#1266,#1265);
#1268=CARTESIAN_POINT('',(3.85E0,1.27E1,1.3E1));
#1269=CARTESIAN_POINT('',(3.805210388050E0,1.265521038805E1,1.3E1));
#1270=CARTESIAN_POINT('',(3.719505547642E0,1.256949702080E1,1.298817010864E1));
#1271=CARTESIAN_POINT('',(3.604707276903E0,1.245471586303E1,1.294110922076E1));
#1272=CARTESIAN_POINT('',(3.511467977629E0,1.236146199603E1,1.287360418193E1));
#1273=CARTESIAN_POINT('',(3.438452474290E0,1.228845765220E1,1.279067383364E1));
#1274=CARTESIAN_POINT('',(3.387215174495E0,1.223722761197E1,1.269859031023E1));
#1275=CARTESIAN_POINT('',(3.356546904787E0,1.220654219664E1,1.259985713463E1));
#1276=CARTESIAN_POINT('',(3.35E0,1.22E1,1.253301260876E1));
#1277=CARTESIAN_POINT('',(3.35E0,1.22E1,1.25E1));
#1279=DIRECTION('',(-1.E0,0.E0,0.E0));
#1280=VECTOR('',#1279,1.32E0);
#1281=CARTESIAN_POINT('',(3.35E0,1.22E1,1.25E1));
#1282=LINE('',#1281,#1280);
#1283=DIRECTION('',(0.E0,-1.E0,0.E0));
#1284=VECTOR('',#1283,1.67E0);
#1285=CARTESIAN_POINT('',(3.85E0,1.27E1,1.3E1));
#1286=LINE('',#1285,#1284);
#1287=CARTESIAN_POINT('',(3.85E0,1.103E1,1.3E1));
#1288=CARTESIAN_POINT('',(3.805210388050E0,1.098521038805E1,1.3E1));
#1289=CARTESIAN_POINT('',(3.719497020796E0,1.089950554765E1,1.298817010864E1));
#1290=CARTESIAN_POINT('',(3.604715863034E0,1.078470727691E1,1.294110922076E1));
#1291=CARTESIAN_POINT('',(3.511461996031E0,1.069146797763E1,1.287360418193E1));
#1292=CARTESIAN_POINT('',(3.438457652204E0,1.061845247429E1,1.279067383364E1));
#1293=CARTESIAN_POINT('',(3.387227611968E0,1.056721517449E1,1.269859031023E1));
#1294=CARTESIAN_POINT('',(3.356542196637E0,1.053654690479E1,1.259985713464E1));
#1295=CARTESIAN_POINT('',(3.35E0,1.053E1,1.253301260876E1));
#1296=CARTESIAN_POINT('',(3.35E0,1.053E1,1.25E1));
#1298=DIRECTION('',(0.E0,1.E0,0.E0));
#1299=VECTOR('',#1298,1.67E0);
#1300=CARTESIAN_POINT('',(3.35E0,1.053E1,1.25E1));
#1301=LINE('',#1300,#1299);
#1302=DIRECTION('',(1.E0,0.E0,0.E0));
#1303=VECTOR('',#1302,1.59E0);
#1304=CARTESIAN_POINT('',(3.85E0,1.103E1,1.3E1));
#1305=LINE('',#1304,#1303);
#1306=CARTESIAN_POINT('',(5.44E0,1.103E1,1.3E1));
#1307=CARTESIAN_POINT('',(5.395210388050E0,1.098521038805E1,1.3E1));
#1308=CARTESIAN_POINT('',(5.309505547642E0,1.089949702080E1,1.298817010864E1));
#1309=CARTESIAN_POINT('',(5.194707276903E0,1.078471586303E1,1.294110922076E1));
#1310=CARTESIAN_POINT('',(5.101467977629E0,1.069146199603E1,1.287360418193E1));
#1311=CARTESIAN_POINT('',(5.028452474290E0,1.061845765220E1,1.279067383364E1));
#1312=CARTESIAN_POINT('',(4.977215174495E0,1.056722761197E1,1.269859031023E1));
#1313=CARTESIAN_POINT('',(4.946546904787E0,1.053654219664E1,1.259985713463E1));
#1314=CARTESIAN_POINT('',(4.94E0,1.053E1,1.253301260876E1));
#1315=CARTESIAN_POINT('',(4.94E0,1.053E1,1.25E1));
#1317=DIRECTION('',(-1.E0,0.E0,0.E0));
#1318=VECTOR('',#1317,1.59E0);
#1319=CARTESIAN_POINT('',(4.94E0,1.053E1,1.25E1));
#1320=LINE('',#1319,#1318);
#1321=DIRECTION('',(0.E0,1.E0,0.E0));
#1322=VECTOR('',#1321,1.053E1);
#1323=CARTESIAN_POINT('',(4.94E0,0.E0,1.25E1));
#1324=LINE('',#1323,#1322);
#1325=DIRECTION('',(0.E0,-1.E0,0.E0));
#1326=VECTOR('',#1325,1.103E1);
#1327=CARTESIAN_POINT('',(5.44E0,1.103E1,1.3E1));
#1328=LINE('',#1327,#1326);
#1329=CARTESIAN_POINT('',(4.94E0,9.73E0,2.5E0));
#1330=DIRECTION('',(-1.E0,0.E0,0.E0));
#1331=DIRECTION('',(0.E0,-1.E0,-5.329070518201E-14));
#1332=AXIS2_PLACEMENT_3D('',#1329,#1330,#1331);
#1334=DIRECTION('',(0.E0,1.E0,0.E0));
#1335=VECTOR('',#1334,8.E-1);
#1336=CARTESIAN_POINT('',(4.94E0,9.73E0,2.7E0));
#1337=LINE('',#1336,#1335);
#1338=DIRECTION('',(0.E0,0.E0,1.E0));
#1339=VECTOR('',#1338,9.8E0);
#1340=CARTESIAN_POINT('',(4.94E0,1.053E1,2.7E0));
#1341=LINE('',#1340,#1339);
#1342=DIRECTION('',(0.E0,9.486832980505E-1,3.162277660168E-1));
#1343=VECTOR('',#1342,3.162277660168E-1);
#1344=CARTESIAN_POINT('',(4.94E0,0.E0,7.1E0));
#1345=LINE('',#1344,#1343);
#1346=DIRECTION('',(0.E0,0.E0,1.E0));
#1347=VECTOR('',#1346,3.8E0);
#1348=CARTESIAN_POINT('',(4.94E0,3.E-1,7.2E0));
#1349=LINE('',#1348,#1347);
#1350=CARTESIAN_POINT('',(4.94E0,3.2E0,1.05E1));
#1351=DIRECTION('',(-1.E0,0.E0,0.E0));
#1352=DIRECTION('',(0.E0,0.E0,1.E0));
#1353=AXIS2_PLACEMENT_3D('',#1350,#1351,#1352);
#1355=DIRECTION('',(0.E0,0.E0,-1.E0));
#1356=VECTOR('',#1355,1.5E0);
#1357=CARTESIAN_POINT('',(4.94E0,9.53E0,2.5E0));
#1358=LINE('',#1357,#1356);
#1359=DIRECTION('',(-1.E0,0.E0,0.E0));
#1360=VECTOR('',#1359,1.59E0);
#1361=CARTESIAN_POINT('',(4.94E0,9.53E0,2.5E0));
#1362=LINE('',#1361,#1360);
#1363=DIRECTION('',(1.E0,0.E0,0.E0));
#1364=VECTOR('',#1363,1.59E0);
#1365=CARTESIAN_POINT('',(3.35E0,9.73E0,2.7E0));
#1366=LINE('',#1365,#1364);
#1367=CARTESIAN_POINT('',(3.35E0,9.73E0,2.5E0));
#1368=DIRECTION('',(1.E0,0.E0,0.E0));
#1369=DIRECTION('',(0.E0,0.E0,1.E0));
#1370=AXIS2_PLACEMENT_3D('',#1367,#1368,#1369);
#1372=DIRECTION('',(0.E0,0.E0,-1.E0));
#1373=VECTOR('',#1372,1.5E0);
#1374=CARTESIAN_POINT('',(3.35E0,9.53E0,2.5E0));
#1375=LINE('',#1374,#1373);
#1376=DIRECTION('',(0.E0,8.255744558680E-2,9.965863074406E-1));
#1377=VECTOR('',#1376,8.478944509784E0);
#1378=CARTESIAN_POINT('',(3.35E0,1.12E1,1.E0));
#1379=LINE('',#1378,#1377);
#1380=DIRECTION('',(0.E0,1.E0,0.E0));
#1381=VECTOR('',#1380,3.E-1);
#1382=CARTESIAN_POINT('',(3.35E0,1.19E1,9.45E0));
#1383=LINE('',#1382,#1381);
#1384=DIRECTION('',(0.E0,0.E0,1.E0));
#1385=VECTOR('',#1384,3.05E0);
#1386=CARTESIAN_POINT('',(3.35E0,1.22E1,9.45E0));
#1387=LINE('',#1386,#1385);
#1388=CARTESIAN_POINT('',(2.04E0,8.095E0,1.E0));
#1389=DIRECTION('',(0.E0,0.E0,1.E0));
#1390=DIRECTION('',(1.E0,0.E0,0.E0));
#1391=AXIS2_PLACEMENT_3D('',#1388,#1389,#1390);
#1393=CARTESIAN_POINT('',(1.02E0,8.095E0,1.E0));
#1394=DIRECTION('',(0.E0,0.E0,1.E0));
#1395=DIRECTION('',(1.E0,0.E0,0.E0));
#1396=AXIS2_PLACEMENT_3D('',#1393,#1394,#1395);
#1398=CARTESIAN_POINT('',(0.E0,8.095E0,1.E0));
#1399=DIRECTION('',(0.E0,0.E0,1.E0));
#1400=DIRECTION('',(1.E0,0.E0,0.E0));
#1401=AXIS2_PLACEMENT_3D('',#1398,#1399,#1400);
#1403=CARTESIAN_POINT('',(-1.02E0,8.095E0,1.E0));
#1404=DIRECTION('',(0.E0,0.E0,1.E0));
#1405=DIRECTION('',(1.E0,0.E0,0.E0));
#1406=AXIS2_PLACEMENT_3D('',#1403,#1404,#1405);
#1408=CARTESIAN_POINT('',(-2.04E0,8.095E0,1.E0));
#1409=DIRECTION('',(0.E0,0.E0,1.E0));
#1410=DIRECTION('',(1.E0,0.E0,0.E0));
#1411=AXIS2_PLACEMENT_3D('',#1408,#1409,#1410);
#1413=CARTESIAN_POINT('',(-3.0575E0,8.0975E0,1.E0));
#1414=DIRECTION('',(0.E0,0.E0,1.E0));
#1415=DIRECTION('',(1.E0,0.E0,0.E0));
#1416=AXIS2_PLACEMENT_3D('',#1413,#1414,#1415);
#1418=DIRECTION('',(0.E0,-1.E0,0.E0));
#1419=VECTOR('',#1418,4.397499781210E0);
#1420=CARTESIAN_POINT('',(-3.29E0,8.097499781210E0,1.E0));
#1421=LINE('',#1420,#1419);
#1422=DIRECTION('',(-1.E0,0.E0,0.E0));
#1423=VECTOR('',#1422,1.65E0);
#1424=CARTESIAN_POINT('',(-3.29E0,3.7E0,1.E0));
#1425=LINE('',#1424,#1423);
#1426=DIRECTION('',(0.E0,1.E0,0.E0));
#1427=VECTOR('',#1426,5.83E0);
#1428=CARTESIAN_POINT('',(-4.94E0,3.7E0,1.E0));
#1429=LINE('',#1428,#1427);
#1430=DIRECTION('',(0.E0,1.E0,0.E0));
#1431=VECTOR('',#1430,1.67E0);
#1432=CARTESIAN_POINT('',(-3.35E0,9.53E0,1.E0));
#1433=LINE('',#1432,#1431);
#1434=DIRECTION('',(0.E0,-1.E0,0.E0));
#1435=VECTOR('',#1434,1.67E0);
#1436=CARTESIAN_POINT('',(3.35E0,1.12E1,1.E0));
#1437=LINE('',#1436,#1435);
#1438=DIRECTION('',(1.E0,0.E0,0.E0));
#1439=VECTOR('',#1438,1.59E0);
#1440=CARTESIAN_POINT('',(3.35E0,9.53E0,1.E0));
#1441=LINE('',#1440,#1439);
#1442=DIRECTION('',(0.E0,-1.E0,0.E0));
#1443=VECTOR('',#1442,5.83E0);
#1444=CARTESIAN_POINT('',(4.94E0,9.53E0,1.E0));
#1445=LINE('',#1444,#1443);
#1446=DIRECTION('',(-1.E0,0.E0,0.E0));
#1447=VECTOR('',#1446,1.65E0);
#1448=CARTESIAN_POINT('',(4.94E0,3.7E0,1.E0));
#1449=LINE('',#1448,#1447);
#1450=CARTESIAN_POINT('',(3.0575E0,8.0975E0,1.E0));
#1451=DIRECTION('',(0.E0,0.E0,1.E0));
#1452=DIRECTION('',(1.E0,0.E0,0.E0));
#1453=AXIS2_PLACEMENT_3D('',#1450,#1451,#1452);
#1455=CARTESIAN_POINT('',(2.274999999943E0,8.03E0,1.4E0));
#1456=DIRECTION('',(-1.E0,-1.048889335455E-12,1.036057531527E-12));
#1457=DIRECTION('',(1.038402594520E-12,2.674881305524E-4,9.999999642250E-1));
#1458=AXIS2_PLACEMENT_3D('',#1455,#1456,#1457);
#1460=DIRECTION('',(0.E0,1.E0,0.E0));
#1461=VECTOR('',#1460,2.105000210418E0);
#1462=CARTESIAN_POINT('',(2.275E0,8.094999789582E0,1.E0));
#1463=LINE('',#1462,#1461);
#1464=DIRECTION('',(0.E0,0.E0,1.E0));
#1465=VECTOR('',#1464,1.464999790327E0);
#1466=CARTESIAN_POINT('',(2.275E0,3.7E0,0.E0));
#1467=LINE('',#1466,#1465);
#1468=DIRECTION('',(2.040037622315E-12,-1.E0,-2.731830702599E-7));
#1469=VECTOR('',#1468,4.330007631480E0);
#1470=CARTESIAN_POINT('',(2.274999999991E0,8.030007631480E0,1.465000973212E0));
#1471=LINE('',#1470,#1469);
#1472=DIRECTION('',(9.261290715325E-14,1.E0,5.275576110428E-8));
#1473=VECTOR('',#1472,4.329985623181E0);
#1474=CARTESIAN_POINT('',(1.805000000023E0,3.7E0,1.464996229133E0));
#1475=LINE('',#1474,#1473);
#1476=DIRECTION('',(1.548844678331E-11,0.E0,1.E0));
#1477=VECTOR('',#1476,1.464996229133E0);
#1478=CARTESIAN_POINT('',(1.805E0,3.7E0,0.E0));
#1479=LINE('',#1478,#1477);
#1480=CARTESIAN_POINT('',(2.04E0,3.7E0,1.465E0));
#1481=DIRECTION('',(0.E0,1.E0,0.E0));
#1482=DIRECTION('',(-1.E0,0.E0,-2.362176648139E-14));
#1483=AXIS2_PLACEMENT_3D('',#1480,#1481,#1482);
#1485=DIRECTION('',(1.546735653668E-11,0.E0,1.E0));
#1486=VECTOR('',#1485,1.467496248634E0);
#1487=CARTESIAN_POINT('',(2.825E0,3.7E0,0.E0));
#1488=LINE('',#1487,#1486);
#1489=CARTESIAN_POINT('',(3.0575E0,3.7E0,1.4675E0));
#1490=DIRECTION('',(0.E0,1.E0,0.E0));
#1491=DIRECTION('',(-1.E0,0.E0,0.E0));
#1492=AXIS2_PLACEMENT_3D('',#1489,#1490,#1491);
#1494=DIRECTION('',(0.E0,0.E0,-1.E0));
#1495=VECTOR('',#1494,4.674997822613E-1);
#1496=CARTESIAN_POINT('',(3.29E0,3.7E0,1.467499782261E0));
#1497=LINE('',#1496,#1495);
#1498=DIRECTION('',(0.E0,0.E0,1.E0));
#1499=VECTOR('',#1498,9.5E0);
#1500=CARTESIAN_POINT('',(4.94E0,3.7E0,1.E0));
#1501=LINE('',#1500,#1499);
#1502=DIRECTION('',(0.E0,0.E0,-1.E0));
#1503=VECTOR('',#1502,2.700000000065E0);
#1504=CARTESIAN_POINT('',(3.1E0,3.7E0,1.05E1));
#1505=LINE('',#1504,#1503);
#1506=DIRECTION('',(-1.E0,0.E0,0.E0));
#1507=VECTOR('',#1506,8.5E-1);
#1508=CARTESIAN_POINT('',(2.975E0,3.7E0,3.85E0));
#1509=LINE('',#1508,#1507);
#1510=DIRECTION('',(-1.E0,0.E0,0.E0));
#1511=VECTOR('',#1510,8.5E-1);
#1512=CARTESIAN_POINT('',(1.955E0,3.7E0,3.85E0));
#1513=LINE('',#1512,#1511);
#1514=DIRECTION('',(-1.E0,0.E0,0.E0));
#1515=VECTOR('',#1514,8.5E-1);
#1516=CARTESIAN_POINT('',(9.35E-1,3.7E0,3.85E0));
#1517=LINE('',#1516,#1515);
#1518=DIRECTION('',(-1.E0,0.E0,0.E0));
#1519=VECTOR('',#1518,8.5E-1);
#1520=CARTESIAN_POINT('',(-8.5E-2,3.7E0,3.85E0));
#1521=LINE('',#1520,#1519);
#1522=DIRECTION('',(-1.E0,0.E0,0.E0));
#1523=VECTOR('',#1522,8.5E-1);
#1524=CARTESIAN_POINT('',(-1.105E0,3.7E0,3.85E0));
#1525=LINE('',#1524,#1523);
#1526=DIRECTION('',(-1.E0,0.E0,0.E0));
#1527=VECTOR('',#1526,8.5E-1);
#1528=CARTESIAN_POINT('',(-2.125E0,3.7E0,3.85E0));
#1529=LINE('',#1528,#1527);
#1530=DIRECTION('',(0.E0,0.E0,1.E0));
#1531=VECTOR('',#1530,2.700000000065E0);
#1532=CARTESIAN_POINT('',(-3.1E0,3.7E0,7.799999999935E0));
#1533=LINE('',#1532,#1531);
#1534=CARTESIAN_POINT('',(-3.0575E0,3.7E0,1.4675E0));
#1535=DIRECTION('',(0.E0,1.E0,0.E0));
#1536=DIRECTION('',(-1.E0,0.E0,0.E0));
#1537=AXIS2_PLACEMENT_3D('',#1534,#1535,#1536);
#1539=DIRECTION('',(0.E0,0.E0,1.E0));
#1540=VECTOR('',#1539,1.464999790311E0);
#1541=CARTESIAN_POINT('',(-2.275E0,3.7E0,0.E0));
#1542=LINE('',#1541,#1540);
#1543=CARTESIAN_POINT('',(-2.04E0,3.7E0,1.465E0));
#1544=DIRECTION('',(0.E0,1.E0,0.E0));
#1545=DIRECTION('',(-1.E0,0.E0,0.E0));
#1546=AXIS2_PLACEMENT_3D('',#1543,#1544,#1545);
#1548=DIRECTION('',(1.548859834999E-11,0.E0,1.E0));
#1549=VECTOR('',#1548,1.464996229133E0);
#1550=CARTESIAN_POINT('',(-1.255E0,3.7E0,0.E0));
#1551=LINE('',#1550,#1549);
#1552=CARTESIAN_POINT('',(-1.02E0,3.7E0,1.465E0));
#1553=DIRECTION('',(0.E0,1.E0,0.E0));
#1554=DIRECTION('',(-1.E0,0.E0,0.E0));
#1555=AXIS2_PLACEMENT_3D('',#1552,#1553,#1554);
#1557=DIRECTION('',(1.548850362081E-11,0.E0,1.E0));
#1558=VECTOR('',#1557,1.464996229133E0);
#1559=CARTESIAN_POINT('',(-2.35E-1,3.7E0,0.E0));
#1560=LINE('',#1559,#1558);
#1561=CARTESIAN_POINT('',(0.E0,3.7E0,1.465E0));
#1562=DIRECTION('',(0.E0,1.E0,0.E0));
#1563=DIRECTION('',(-1.E0,0.E0,0.E0));
#1564=AXIS2_PLACEMENT_3D('',#1561,#1562,#1563);
#1566=DIRECTION('',(1.548844678331E-11,0.E0,1.E0));
#1567=VECTOR('',#1566,1.464996229133E0);
#1568=CARTESIAN_POINT('',(7.85E-1,3.7E0,0.E0));
#1569=LINE('',#1568,#1567);
#1570=CARTESIAN_POINT('',(1.02E0,3.7E0,1.465E0));
#1571=DIRECTION('',(0.E0,1.E0,0.E0));
#1572=DIRECTION('',(-1.E0,0.E0,0.E0));
#1573=AXIS2_PLACEMENT_3D('',#1570,#1571,#1572);
#1575=DIRECTION('',(0.E0,0.E0,1.E0));
#1576=VECTOR('',#1575,1.E0);
#1577=CARTESIAN_POINT('',(1.805E0,1.02E1,0.E0));
#1578=LINE('',#1577,#1576);
#1579=DIRECTION('',(1.231886341196E-11,-1.E0,0.E0));
#1580=VECTOR('',#1579,2.105004031167E0);
#1581=CARTESIAN_POINT('',(1.805E0,1.02E1,1.E0));
#1582=LINE('',#1581,#1580);
#1583=CARTESIAN_POINT('',(1.805000000024E0,8.03E0,1.4E0));
#1584=DIRECTION('',(1.E0,1.048889335455E-12,-1.036057531527E-12));
#1585=DIRECTION('',(-1.048679066632E-12,9.999998800226E-1,-4.898518164046E-4));
#1586=AXIS2_PLACEMENT_3D('',#1583,#1584,#1585);
#1588=DIRECTION('',(0.E0,0.E0,1.E0));
#1589=VECTOR('',#1588,1.E0);
#1590=CARTESIAN_POINT('',(1.255E0,1.02E1,0.E0));
#1591=LINE('',#1590,#1589);
#1592=DIRECTION('',(1.E0,0.E0,0.E0));
#1593=VECTOR('',#1592,5.5E-1);
#1594=CARTESIAN_POINT('',(1.255E0,1.02E1,1.E0));
#1595=LINE('',#1594,#1593);
#1596=CARTESIAN_POINT('',(1.254999999943E0,8.03E0,1.4E0));
#1597=DIRECTION('',(-1.E0,-1.048889335455E-12,1.036057531526E-12));
#1598=DIRECTION('',(1.034986796512E-12,2.674881305524E-4,9.999999642250E-1));
#1599=AXIS2_PLACEMENT_3D('',#1596,#1597,#1598);
#1601=DIRECTION('',(0.E0,1.E0,0.E0));
#1602=VECTOR('',#1601,2.105000210418E0);
#1603=CARTESIAN_POINT('',(1.255E0,8.094999789582E0,1.E0));
#1604=LINE('',#1603,#1602);
#1605=DIRECTION('',(0.E0,0.E0,1.E0));
#1606=VECTOR('',#1605,1.464999790327E0);
#1607=CARTESIAN_POINT('',(1.255E0,3.7E0,0.E0));
#1608=LINE('',#1607,#1606);
#1609=DIRECTION('',(2.041063230691E-12,-1.E0,-2.731830701573E-7));
#1610=VECTOR('',#1609,4.330007631480E0);
#1611=CARTESIAN_POINT('',(1.254999999991E0,8.030007631480E0,1.465000973212E0));
#1612=LINE('',#1611,#1610);
#1613=DIRECTION('',(7.815175553796E-14,1.E0,5.275576069403E-8));
#1614=VECTOR('',#1613,4.329985623181E0);
#1615=CARTESIAN_POINT('',(7.850000000227E-1,3.7E0,1.464996229133E0));
#1616=LINE('',#1615,#1614);
#1617=DIRECTION('',(0.E0,0.E0,1.E0));
#1618=VECTOR('',#1617,1.E0);
#1619=CARTESIAN_POINT('',(7.85E-1,1.02E1,0.E0));
#1620=LINE('',#1619,#1618);
#1621=DIRECTION('',(1.231896889613E-11,-1.E0,0.E0));
#1622=VECTOR('',#1621,2.105004031167E0);
#1623=CARTESIAN_POINT('',(7.85E-1,1.02E1,1.E0));
#1624=LINE('',#1623,#1622);
#1625=CARTESIAN_POINT('',(7.850000000243E-1,8.03E0,1.4E0));
#1626=DIRECTION('',(1.E0,1.048889335455E-12,-1.036057531526E-12));
#1627=DIRECTION('',(-1.048679066632E-12,9.999998800226E-1,-4.898518165413E-4));
#1628=AXIS2_PLACEMENT_3D('',#1625,#1626,#1627);
#1630=DIRECTION('',(0.E0,0.E0,1.E0));
#1631=VECTOR('',#1630,1.E0);
#1632=CARTESIAN_POINT('',(2.35E-1,1.02E1,0.E0));
#1633=LINE('',#1632,#1631);
#1634=DIRECTION('',(1.E0,0.E0,0.E0));
#1635=VECTOR('',#1634,5.5E-1);
#1636=CARTESIAN_POINT('',(2.35E-1,1.02E1,1.E0));
#1637=LINE('',#1636,#1635);
#1638=CARTESIAN_POINT('',(2.349999999428E-1,8.03E0,1.4E0));
#1639=DIRECTION('',(-1.E0,-1.056513406269E-12,1.029863908004E-12));
#1640=DIRECTION('',(1.029436124749E-12,2.674881301973E-4,9.999999642250E-1));
#1641=AXIS2_PLACEMENT_3D('',#1638,#1639,#1640);
#1643=DIRECTION('',(0.E0,1.E0,0.E0));
#1644=VECTOR('',#1643,2.105000210418E0);
#1645=CARTESIAN_POINT('',(2.35E-1,8.094999789582E0,1.E0));
#1646=LINE('',#1645,#1644);
#1647=DIRECTION('',(0.E0,0.E0,1.E0));
#1648=VECTOR('',#1647,1.464999790327E0);
#1649=CARTESIAN_POINT('',(2.35E-1,3.7E0,0.E0));
#1650=LINE('',#1649,#1648);
#1651=DIRECTION('',(2.048210439067E-12,-1.E0,-2.731830703624E-7));
#1652=VECTOR('',#1651,4.330007631480E0);
#1653=CARTESIAN_POINT('',(2.349999999911E-1,8.030007631480E0,1.465000973212E0));
#1654=LINE('',#1653,#1652);
#1655=DIRECTION('',(7.748510670463E-14,1.E0,5.275576069403E-8));
#1656=VECTOR('',#1655,4.329985623182E0);
#1657=CARTESIAN_POINT('',(-2.349999999773E-1,3.7E0,1.464996229133E0));
#1658=LINE('',#1657,#1656);
#1659=DIRECTION('',(0.E0,0.E0,1.E0));
#1660=VECTOR('',#1659,1.E0);
#1661=CARTESIAN_POINT('',(-2.35E-1,1.02E1,0.E0));
#1662=LINE('',#1661,#1660);
#1663=DIRECTION('',(1.231887659748E-11,-1.E0,0.E0));
#1664=VECTOR('',#1663,2.105004031167E0);
#1665=CARTESIAN_POINT('',(-2.35E-1,1.02E1,1.E0));
#1666=LINE('',#1665,#1664);
#1667=CARTESIAN_POINT('',(-2.349999999757E-1,8.03E0,1.4E0));
#1668=DIRECTION('',(1.E0,1.056513406269E-12,-1.029863908004E-12));
#1669=DIRECTION('',(-1.057218798445E-12,9.999998800226E-1,-4.898518169070E-4));
#1670=AXIS2_PLACEMENT_3D('',#1667,#1668,#1669);
#1672=DIRECTION('',(0.E0,0.E0,1.E0));
#1673=VECTOR('',#1672,1.E0);
#1674=CARTESIAN_POINT('',(-7.85E-1,1.02E1,0.E0));
#1675=LINE('',#1674,#1673);
#1676=DIRECTION('',(1.E0,0.E0,0.E0));
#1677=VECTOR('',#1676,5.5E-1);
#1678=CARTESIAN_POINT('',(-7.85E-1,1.02E1,1.E0));
#1679=LINE('',#1678,#1677);
#1680=CARTESIAN_POINT('',(-7.850000000571E-1,8.03E0,1.4E0));
#1681=DIRECTION('',(-1.E0,-1.056513406270E-12,1.029863908005E-12));
#1682=DIRECTION('',(1.029863099500E-12,2.674881301973E-4,9.999999642250E-1));
#1683=AXIS2_PLACEMENT_3D('',#1680,#1681,#1682);
#1685=DIRECTION('',(0.E0,1.E0,0.E0));
#1686=VECTOR('',#1685,2.105000210418E0);
#1687=CARTESIAN_POINT('',(-7.85E-1,8.094999789582E0,1.E0));
#1688=LINE('',#1687,#1686);
#1689=DIRECTION('',(0.E0,0.E0,1.E0));
#1690=VECTOR('',#1689,1.464999790327E0);
#1691=CARTESIAN_POINT('',(-7.85E-1,3.7E0,0.E0));
#1692=LINE('',#1691,#1690);
#1693=DIRECTION('',(2.047165600533E-12,-1.E0,-2.731830702599E-7));
#1694=VECTOR('',#1693,4.330007631480E0);
#1695=CARTESIAN_POINT('',(-7.850000000089E-1,8.030007631480E0,
1.465000973212E0));
#1696=LINE('',#1695,#1694);
#1697=DIRECTION('',(9.189497764043E-14,1.E0,5.275576064275E-8));
#1698=VECTOR('',#1697,4.329985623182E0);
#1699=CARTESIAN_POINT('',(-1.254999999977E0,3.7E0,1.464996229133E0));
#1700=LINE('',#1699,#1698);
#1701=DIRECTION('',(0.E0,0.E0,1.E0));
#1702=VECTOR('',#1701,1.E0);
#1703=CARTESIAN_POINT('',(-1.255E0,1.02E1,0.E0));
#1704=LINE('',#1703,#1702);
#1705=DIRECTION('',(1.231886341196E-11,-1.E0,0.E0));
#1706=VECTOR('',#1705,2.105004031167E0);
#1707=CARTESIAN_POINT('',(-1.255E0,1.02E1,1.E0));
#1708=LINE('',#1707,#1706);
#1709=CARTESIAN_POINT('',(-1.254999999976E0,8.03E0,1.4E0));
#1710=DIRECTION('',(1.E0,1.056513406270E-12,-1.029863908005E-12));
#1711=DIRECTION('',(-1.055510852083E-12,9.999998800226E-1,-4.898518169070E-4));
#1712=AXIS2_PLACEMENT_3D('',#1709,#1710,#1711);
#1714=DIRECTION('',(0.E0,0.E0,1.E0));
#1715=VECTOR('',#1714,1.E0);
#1716=CARTESIAN_POINT('',(-1.805E0,1.02E1,0.E0));
#1717=LINE('',#1716,#1715);
#1718=DIRECTION('',(1.E0,0.E0,0.E0));
#1719=VECTOR('',#1718,5.5E-1);
#1720=CARTESIAN_POINT('',(-1.805E0,1.02E1,1.E0));
#1721=LINE('',#1720,#1719);
#1722=DIRECTION('',(-1.548768894870E-11,0.E0,1.E0));
#1723=VECTOR('',#1722,1.464996229251E0);
#1724=CARTESIAN_POINT('',(-1.805E0,3.7E0,0.E0));
#1725=LINE('',#1724,#1723);
#1726=CARTESIAN_POINT('',(-1.805000000024E0,8.03E0,1.4E0));
#1727=DIRECTION('',(-1.E0,3.013097561848E-13,9.540085912458E-13));
#1728=DIRECTION('',(9.530341123572E-13,-7.485175852102E-4,9.999997198607E-1));
#1729=AXIS2_PLACEMENT_3D('',#1726,#1727,#1728);
#1731=DIRECTION('',(1.228964432461E-11,1.E0,0.E0));
#1732=VECTOR('',#1731,2.105004026374E0);
#1733=CARTESIAN_POINT('',(-1.805000000026E0,8.094995973626E0,1.E0));
#1734=LINE('',#1733,#1732);
#1735=DIRECTION('',(2.060550885317E-12,1.E0,2.727146045731E-7));
#1736=VECTOR('',#1735,4.330005329484E0);
#1737=CARTESIAN_POINT('',(-2.275E0,3.7E0,1.464999790311E0));
#1738=LINE('',#1737,#1736);
#1739=DIRECTION('',(6.371850304135E-12,-9.999999999999E-1,4.807077614033E-7));
#1740=VECTOR('',#1739,4.329971519018E0);
#1741=CARTESIAN_POINT('',(-1.805000000050E0,8.029971519018E0,1.464994147800E0));
#1742=LINE('',#1741,#1740);
#1743=DIRECTION('',(0.E0,0.E0,1.E0));
#1744=VECTOR('',#1743,1.E0);
#1745=CARTESIAN_POINT('',(-2.275E0,1.02E1,0.E0));
#1746=LINE('',#1745,#1744);
#1747=DIRECTION('',(0.E0,-1.E0,0.E0));
#1748=VECTOR('',#1747,2.105000210548E0);
#1749=CARTESIAN_POINT('',(-2.275E0,1.02E1,1.E0));
#1750=LINE('',#1749,#1748);
#1751=CARTESIAN_POINT('',(-2.274999999943E0,8.03E0,1.4E0));
#1752=DIRECTION('',(1.E0,-3.013097561848E-13,-9.540085912458E-13));
#1753=DIRECTION('',(3.005902464437E-13,9.999999642679E-1,2.673278443590E-4));
#1754=AXIS2_PLACEMENT_3D('',#1751,#1752,#1753);
#1756=DIRECTION('',(0.E0,0.E0,1.E0));
#1757=VECTOR('',#1756,1.E0);
#1758=CARTESIAN_POINT('',(-2.825E0,1.02E1,0.E0));
#1759=LINE('',#1758,#1757);
#1760=DIRECTION('',(1.E0,0.E0,0.E0));
#1761=VECTOR('',#1760,5.5E-1);
#1762=CARTESIAN_POINT('',(-2.825E0,1.02E1,1.E0));
#1763=LINE('',#1762,#1761);
#1764=DIRECTION('',(-1.546644868473E-11,0.E0,1.E0));
#1765=VECTOR('',#1764,1.467496248743E0);
#1766=CARTESIAN_POINT('',(-2.825E0,3.7E0,0.E0));
#1767=LINE('',#1766,#1765);
#1768=CARTESIAN_POINT('',(-2.825000000022E0,8.03E0,1.4E0));
#1769=DIRECTION('',(-1.E0,1.607922879012E-12,9.933782662731E-13));
#1770=DIRECTION('',(9.933968485210E-13,-7.165660056877E-4,9.999997432665E-1));
#1771=AXIS2_PLACEMENT_3D('',#1768,#1769,#1770);
#1773=DIRECTION('',(1.231935971281E-11,1.E0,0.E0));
#1774=VECTOR('',#1773,2.102504007378E0);
#1775=CARTESIAN_POINT('',(-2.825000000026E0,8.097495992622E0,1.E0));
#1776=LINE('',#1775,#1774);
#1777=DIRECTION('',(1.331240361966E-12,1.E0,2.215545124335E-7));
#1778=VECTOR('',#1777,4.330005390867E0);
#1779=CARTESIAN_POINT('',(-3.29E0,3.7E0,1.467499782244E0));
#1780=LINE('',#1779,#1778);
#1781=DIRECTION('',(7.647922114982E-12,-9.999999999999E-1,5.229409143784E-7));
#1782=VECTOR('',#1781,4.329971957277E0);
#1783=CARTESIAN_POINT('',(-2.825000000056E0,8.029971957276E0,1.467493984424E0));
#1784=LINE('',#1783,#1782);
#1785=DIRECTION('',(0.E0,0.E0,-1.E0));
#1786=VECTOR('',#1785,4.674997822443E-1);
#1787=CARTESIAN_POINT('',(-3.29E0,3.7E0,1.467499782244E0));
#1788=LINE('',#1787,#1786);
#1789=CARTESIAN_POINT('',(-3.289999999947E0,8.03E0,1.4E0));
#1790=DIRECTION('',(1.E0,-1.607922879012E-12,-9.933782662731E-13));
#1791=DIRECTION('',(1.605181415160E-12,9.999999680132E-1,2.529301989542E-4));
#1792=AXIS2_PLACEMENT_3D('',#1789,#1790,#1791);
#1794=DIRECTION('',(-7.549675537549E-14,6.701523670930E-8,1.E0));
#1795=VECTOR('',#1794,3.999915773812E-1);
#1796=CARTESIAN_POINT('',(-2.825000000026E0,8.097495992622E0,1.E0));
#1797=LINE('',#1796,#1795);
#1798=DIRECTION('',(-1.419614511040E-11,-2.377906454372E-6,-9.999999999972E-1));
#1799=VECTOR('',#1798,4.000077966371E-1);
#1800=CARTESIAN_POINT('',(-3.289999999994E0,8.097500732391E0,1.400007796636E0));
#1801=LINE('',#1800,#1799);
#1802=CARTESIAN_POINT('',(-3.0575E0,8.097500008859E0,1.400006317019E0));
#1803=DIRECTION('',(-9.932277837226E-13,9.358545879490E-5,-9.999999956209E-1));
#1804=DIRECTION('',(-1.E0,-4.064585609542E-8,-2.810654934598E-12));
#1805=AXIS2_PLACEMENT_3D('',#1802,#1803,#1804);
#1807=CARTESIAN_POINT('',(-3.0575E0,8.029999999998E0,1.4675E0));
#1808=DIRECTION('',(0.E0,-1.E0,0.E0));
#1809=DIRECTION('',(9.999999997071E-1,0.E0,-2.420165575233E-5));
#1810=AXIS2_PLACEMENT_3D('',#1807,#1808,#1809);
#1812=DIRECTION('',(-6.450536183865E-13,5.491380578436E-7,9.999999999998E-1));
#1813=VECTOR('',#1812,3.999912930777E-1);
#1814=CARTESIAN_POINT('',(-1.805000000026E0,8.094995973626E0,1.E0));
#1815=LINE('',#1814,#1813);
#1816=DIRECTION('',(-2.195979146908E-11,-2.931290667492E-6,-9.999999999957E-1));
#1817=VECTOR('',#1816,4.000076495809E-1);
#1818=CARTESIAN_POINT('',(-2.274999999991E0,8.095000961991E0,1.400007649579E0));
#1819=LINE('',#1818,#1817);
#1820=CARTESIAN_POINT('',(-2.04E0,8.095000009230E0,1.400005572296E0));
#1821=DIRECTION('',(-9.539827571740E-13,8.572761310205E-5,-9.999999963254E-1));
#1822=DIRECTION('',(-1.E0,-4.130923121301E-8,-2.587055865042E-12));
#1823=AXIS2_PLACEMENT_3D('',#1820,#1821,#1822);
#1825=CARTESIAN_POINT('',(-2.04E0,8.029999999998E0,1.465E0));
#1826=DIRECTION('',(0.E0,-1.E0,0.E0));
#1827=DIRECTION('',(9.999999997104E-1,0.E0,-2.406861262918E-5));
#1828=AXIS2_PLACEMENT_3D('',#1825,#1826,#1827);
#1830=DIRECTION('',(-2.193102423342E-11,2.934450559881E-6,9.999999999957E-1));
#1831=VECTOR('',#1830,4.000058619245E-1);
#1832=CARTESIAN_POINT('',(-7.85E-1,8.094999789582E0,1.E0));
#1833=LINE('',#1832,#1831);
#1834=DIRECTION('',(-8.815703563396E-11,5.867863818720E-6,-9.999999999828E-1));
#1835=VECTOR('',#1834,3.999833835421E-1);
#1836=CARTESIAN_POINT('',(-1.254999999939E0,8.094993621785E0,1.399983383535E0));
#1837=LINE('',#1836,#1835);
#1838=CARTESIAN_POINT('',(-1.02E0,8.030005507579E0,1.465000009396E0));
#1839=DIRECTION('',(1.056600664880E-12,-9.999999964102E-1,8.473197507208E-5));
#1840=DIRECTION('',(1.E0,-2.502017505709E-12,-4.196817267234E-8));
#1841=AXIS2_PLACEMENT_3D('',#1838,#1839,#1840);
#1843=CARTESIAN_POINT('',(-1.02E0,8.095E0,1.399999999999E0));
#1844=DIRECTION('',(0.E0,0.E0,-1.E0));
#1845=DIRECTION('',(-9.999999996690E-1,-2.573085513168E-5,0.E0));
#1846=AXIS2_PLACEMENT_3D('',#1843,#1844,#1845);
#1848=DIRECTION('',(-2.194115487006E-11,2.934450559881E-6,9.999999999957E-1));
#1849=VECTOR('',#1848,4.000058619245E-1);
#1850=CARTESIAN_POINT('',(2.35E-1,8.094999789582E0,1.E0));
#1851=LINE('',#1850,#1849);
#1852=DIRECTION('',(-8.800104281888E-11,5.867863814279E-6,-9.999999999828E-1));
#1853=VECTOR('',#1852,3.999833835421E-1);
#1854=CARTESIAN_POINT('',(-2.349999999389E-1,8.094993621785E0,
1.399983383535E0));
#1855=LINE('',#1854,#1853);
#1856=CARTESIAN_POINT('',(4.005449821313E-14,8.030005507579E0,
1.465000009396E0));
#1857=DIRECTION('',(1.056600664880E-12,-9.999999964102E-1,8.473197507219E-5));
#1858=DIRECTION('',(1.E0,-2.502017505708E-12,-4.196779944842E-8));
#1859=AXIS2_PLACEMENT_3D('',#1856,#1857,#1858);
#1861=CARTESIAN_POINT('',(0.E0,8.095E0,1.399999999999E0));
#1862=DIRECTION('',(0.E0,0.E0,-1.E0));
#1863=DIRECTION('',(-9.999999996690E-1,-2.573085513168E-5,0.E0));
#1864=AXIS2_PLACEMENT_3D('',#1861,#1862,#1863);
#1866=DIRECTION('',(-2.186385672476E-11,2.934450550999E-6,9.999999999957E-1));
#1867=VECTOR('',#1866,4.000058619245E-1);
#1868=CARTESIAN_POINT('',(1.255E0,8.094999789582E0,1.E0));
#1869=LINE('',#1868,#1867);
#1870=DIRECTION('',(-8.800881470290E-11,5.867863814279E-6,-9.999999999828E-1));
#1871=VECTOR('',#1870,3.999833835421E-1);
#1872=CARTESIAN_POINT('',(7.850000000611E-1,8.094993621785E0,1.399983383535E0));
#1873=LINE('',#1872,#1871);
#1874=CARTESIAN_POINT('',(1.02E0,8.030005507579E0,1.465000009396E0));
#1875=DIRECTION('',(1.048977118891E-12,-9.999999964102E-1,8.473197516712E-5));
#1876=DIRECTION('',(1.E0,-2.509576470982E-12,-4.196753299488E-8));
#1877=AXIS2_PLACEMENT_3D('',#1874,#1875,#1876);
#1879=CARTESIAN_POINT('',(1.02E0,8.095E0,1.399999999999E0));
#1880=DIRECTION('',(0.E0,0.E0,-1.E0));
#1881=DIRECTION('',(-9.999999996690E-1,-2.573085512413E-5,0.E0));
#1882=AXIS2_PLACEMENT_3D('',#1879,#1880,#1881);
#1884=DIRECTION('',(-2.185330976059E-11,2.934450550999E-6,9.999999999957E-1));
#1885=VECTOR('',#1884,4.000058619245E-1);
#1886=CARTESIAN_POINT('',(2.275E0,8.094999789582E0,1.E0));
#1887=LINE('',#1886,#1885);
#1888=DIRECTION('',(-8.816480751798E-11,5.867863814279E-6,-9.999999999828E-1));
#1889=VECTOR('',#1888,3.999833835421E-1);
#1890=CARTESIAN_POINT('',(1.805000000061E0,8.094993621785E0,1.399983383535E0));
#1891=LINE('',#1890,#1889);
#1892=CARTESIAN_POINT('',(2.04E0,8.030005507579E0,1.465000009396E0));
#1893=DIRECTION('',(1.048977118891E-12,-9.999999964102E-1,8.473197517123E-5));
#1894=DIRECTION('',(1.E0,-2.509576470983E-12,-4.196790621881E-8));
#1895=AXIS2_PLACEMENT_3D('',#1892,#1893,#1894);
#1897=CARTESIAN_POINT('',(2.04E0,8.095E0,1.399999999999E0));
#1898=DIRECTION('',(0.E0,0.E0,-1.E0));
#1899=DIRECTION('',(-9.999999996690E-1,-2.573085513168E-5,0.E0));
#1900=AXIS2_PLACEMENT_3D('',#1897,#1898,#1899);
#1902=DIRECTION('',(0.E0,0.E0,1.E0));
#1903=VECTOR('',#1902,1.E0);
#1904=CARTESIAN_POINT('',(2.825E0,1.02E1,0.E0));
#1905=LINE('',#1904,#1903);
#1906=DIRECTION('',(1.234935281041E-11,-1.E0,0.E0));
#1907=VECTOR('',#1906,2.102504012227E0);
#1908=CARTESIAN_POINT('',(2.825E0,1.02E1,1.E0));
#1909=LINE('',#1908,#1907);
#1910=CARTESIAN_POINT('',(2.825000000022E0,8.03E0,1.4E0));
#1911=DIRECTION('',(1.E0,1.330241107358E-12,8.333147449517E-13));
#1912=DIRECTION('',(-1.328914931858E-12,9.999998901876E-1,-4.686413473735E-4));
#1913=AXIS2_PLACEMENT_3D('',#1910,#1911,#1912);
#1915=DIRECTION('',(1.364777019734E-12,-1.E0,-2.220289225269E-7));
#1916=VECTOR('',#1915,4.330007781509E0);
#1917=CARTESIAN_POINT('',(3.289999999994E0,8.030007781509E0,1.467500743648E0));
#1918=LINE('',#1917,#1916);
#1919=DIRECTION('',(0.E0,1.E0,8.181020557043E-9));
#1920=VECTOR('',#1919,4.329985937958E0);
#1921=CARTESIAN_POINT('',(2.825000000023E0,3.7E0,1.467496248634E0));
#1922=LINE('',#1921,#1920);
#1923=CARTESIAN_POINT('',(3.289999999946E0,8.03E0,1.4E0));
#1924=DIRECTION('',(-1.E0,-1.330241107358E-12,-8.333147449517E-13));
#1925=DIRECTION('',(-8.354837103526E-13,2.530505018379E-4,9.999999679827E-1));
#1926=AXIS2_PLACEMENT_3D('',#1923,#1924,#1925);
#1928=DIRECTION('',(0.E0,-1.E0,0.E0));
#1929=VECTOR('',#1928,4.397499781349E0);
#1930=CARTESIAN_POINT('',(3.29E0,8.097499781349E0,1.E0));
#1931=LINE('',#1930,#1929);
#1932=CARTESIAN_POINT('',(3.0575E0,8.030006263518E0,1.467500009023E0));
#1933=DIRECTION('',(1.330163775990E-12,-9.999999956947E-1,9.279283958152E-5));
#1934=DIRECTION('',(1.E0,-2.506000186337E-12,-4.130829776208E-8));
#1935=AXIS2_PLACEMENT_3D('',#1932,#1933,#1934);
#1937=CARTESIAN_POINT('',(3.0575E0,8.0975E0,1.399999999999E0));
#1938=DIRECTION('',(0.E0,0.E0,-1.E0));
#1939=DIRECTION('',(-9.999999996650E-1,-2.588533850827E-5,0.E0));
#1940=AXIS2_PLACEMENT_3D('',#1937,#1938,#1939);
#1942=DIRECTION('',(-1.452483218871E-11,2.381114019877E-6,9.999999999972E-1));
#1943=VECTOR('',#1942,4.000059385874E-1);
#1944=CARTESIAN_POINT('',(3.29E0,8.097499781349E0,1.E0));
#1945=LINE('',#1944,#1943);
#1946=DIRECTION('',(-1.029274108552E-10,6.309351351646E-6,-9.999999999801E-1));
#1947=VECTOR('',#1946,3.999837347223E-1);
#1948=CARTESIAN_POINT('',(2.825000000067E0,8.097493464135E0,1.399983734714E0));
#1949=LINE('',#1948,#1947);
#1950=DIRECTION('',(0.E0,0.E0,1.E0));
#1951=VECTOR('',#1950,1.E0);
#1952=CARTESIAN_POINT('',(2.275E0,1.02E1,0.E0));
#1953=LINE('',#1952,#1951);
#1954=DIRECTION('',(1.E0,0.E0,0.E0));
#1955=VECTOR('',#1954,5.5E-1);
#1956=CARTESIAN_POINT('',(2.275E0,1.02E1,1.E0));
#1957=LINE('',#1956,#1955);
#1958=DIRECTION('',(-1.E0,0.E0,0.E0));
#1959=VECTOR('',#1958,1.84E0);
#1960=CARTESIAN_POINT('',(4.94E0,3.2E0,1.1E1));
#1961=LINE('',#1960,#1959);
#1962=DIRECTION('',(1.E0,0.E0,0.E0));
#1963=VECTOR('',#1962,1.84E0);
#1964=CARTESIAN_POINT('',(3.1E0,3.7E0,1.05E1));
#1965=LINE('',#1964,#1963);
#1966=DIRECTION('',(1.E0,0.E0,0.E0));
#1967=VECTOR('',#1966,6.2E0);
#1968=CARTESIAN_POINT('',(-3.1E0,1.194E0,1.1E1));
#1969=LINE('',#1968,#1967);
#1970=DIRECTION('',(0.E0,1.E0,0.E0));
#1971=VECTOR('',#1970,2.006E0);
#1972=CARTESIAN_POINT('',(3.1E0,1.194E0,1.1E1));
#1973=LINE('',#1972,#1971);
#1974=DIRECTION('',(0.E0,-1.E0,0.E0));
#1975=VECTOR('',#1974,2.9E0);
#1976=CARTESIAN_POINT('',(4.94E0,3.2E0,1.1E1));
#1977=LINE('',#1976,#1975);
#1978=DIRECTION('',(-1.E0,0.E0,0.E0));
#1979=VECTOR('',#1978,9.88E0);
#1980=CARTESIAN_POINT('',(4.94E0,3.E-1,1.1E1));
#1981=LINE('',#1980,#1979);
#1982=DIRECTION('',(0.E0,1.E0,0.E0));
#1983=VECTOR('',#1982,2.9E0);
#1984=CARTESIAN_POINT('',(-4.94E0,3.E-1,1.1E1));
#1985=LINE('',#1984,#1983);
#1986=DIRECTION('',(0.E0,-1.E0,0.E0));
#1987=VECTOR('',#1986,2.006E0);
#1988=CARTESIAN_POINT('',(-3.1E0,3.2E0,1.1E1));
#1989=LINE('',#1988,#1987);
#1990=DIRECTION('',(1.E0,0.E0,3.237553594391E-14));
#1991=VECTOR('',#1990,6.2E0);
#1992=CARTESIAN_POINT('',(-3.1E0,1.494E0,9.E0));
#1993=LINE('',#1992,#1991);
#1994=DIRECTION('',(1.E0,0.E0,0.E0));
#1995=VECTOR('',#1994,5.5E-1);
#1996=CARTESIAN_POINT('',(-2.825E0,1.494E0,5.2E0));
#1997=LINE('',#1996,#1995);
#1998=CARTESIAN_POINT('',(-2.125E0,1.494E0,8.15E0));
#1999=DIRECTION('',(0.E0,1.E0,0.E0));
#2000=DIRECTION('',(-1.E0,0.E0,0.E0));
#2001=AXIS2_PLACEMENT_3D('',#1998,#1999,#2000);
#2003=CARTESIAN_POINT('',(-1.955E0,1.494E0,8.15E0));
#2004=DIRECTION('',(0.E0,1.E0,0.E0));
#2005=DIRECTION('',(0.E0,0.E0,1.E0));
#2006=AXIS2_PLACEMENT_3D('',#2003,#2004,#2005);
#2008=DIRECTION('',(-1.737993730402E-14,0.E0,-1.E0));
#2009=VECTOR('',#2008,6.950097860897E0);
#2010=CARTESIAN_POINT('',(-1.805E0,1.494E0,8.15E0));
#2011=LINE('',#2010,#2009);
#2012=DIRECTION('',(4.996200259711E-2,0.E0,9.987511192967E-1));
#2013=VECTOR('',#2012,6.759420318567E-1);
#2014=CARTESIAN_POINT('',(-1.805E0,1.494E0,1.199902139103E0));
#2015=LINE('',#2014,#2013);
#2016=DIRECTION('',(0.E0,0.E0,1.E0));
#2017=VECTOR('',#2016,2.85E-1);
#2018=CARTESIAN_POINT('',(-1.771228582449E0,1.494E0,1.875E0));
#2019=LINE('',#2018,#2017);
#2020=CARTESIAN_POINT('',(-1.536228582449E0,1.494E0,2.16E0));
#2021=DIRECTION('',(0.E0,1.E0,0.E0));
#2022=DIRECTION('',(-1.E0,0.E0,0.E0));
#2023=AXIS2_PLACEMENT_3D('',#2020,#2021,#2022);
#2025=CARTESIAN_POINT('',(-1.536228582449E0,1.494E0,2.16E0));
#2026=DIRECTION('',(0.E0,1.E0,0.E0));
#2027=DIRECTION('',(0.E0,0.E0,1.E0));
#2028=AXIS2_PLACEMENT_3D('',#2025,#2026,#2027);
#2030=DIRECTION('',(4.261698206841E-13,0.E0,-1.E0));
#2031=VECTOR('',#2030,2.849999999977E-1);
#2032=CARTESIAN_POINT('',(-1.301228582449E0,1.494E0,2.16E0));
#2033=LINE('',#2032,#2031);
#2034=DIRECTION('',(5.275908400032E-2,0.E0,-9.986072696789E-1));
#2035=VECTOR('',#2034,8.762203386359E-1);
#2036=CARTESIAN_POINT('',(-1.301228582449E0,1.494E0,1.875000000002E0));
#2037=LINE('',#2036,#2035);
#2038=CARTESIAN_POINT('',(-1.105E0,1.494E0,8.15E0));
#2039=DIRECTION('',(0.E0,1.E0,0.E0));
#2040=DIRECTION('',(-1.E0,0.E0,0.E0));
#2041=AXIS2_PLACEMENT_3D('',#2038,#2039,#2040);
#2043=CARTESIAN_POINT('',(-9.35E-1,1.494E0,8.15E0));
#2044=DIRECTION('',(0.E0,1.E0,0.E0));
#2045=DIRECTION('',(0.E0,0.E0,1.E0));
#2046=AXIS2_PLACEMENT_3D('',#2043,#2044,#2045);
#2048=DIRECTION('',(0.E0,0.E0,-1.E0));
#2049=VECTOR('',#2048,2.95E0);
#2050=CARTESIAN_POINT('',(-7.85E-1,1.494E0,8.15E0));
#2051=LINE('',#2050,#2049);
#2052=DIRECTION('',(1.E0,0.E0,0.E0));
#2053=VECTOR('',#2052,5.5E-1);
#2054=CARTESIAN_POINT('',(-7.85E-1,1.494E0,5.2E0));
#2055=LINE('',#2054,#2053);
#2056=CARTESIAN_POINT('',(-8.5E-2,1.494E0,8.15E0));
#2057=DIRECTION('',(0.E0,1.E0,0.E0));
#2058=DIRECTION('',(-1.E0,0.E0,0.E0));
#2059=AXIS2_PLACEMENT_3D('',#2056,#2057,#2058);
#2061=CARTESIAN_POINT('',(8.5E-2,1.494E0,8.15E0));
#2062=DIRECTION('',(0.E0,1.E0,0.E0));
#2063=DIRECTION('',(0.E0,0.E0,1.E0));
#2064=AXIS2_PLACEMENT_3D('',#2061,#2062,#2063);
#2066=DIRECTION('',(0.E0,0.E0,-1.E0));
#2067=VECTOR('',#2066,6.950097860899E0);
#2068=CARTESIAN_POINT('',(2.35E-1,1.494E0,8.15E0));
#2069=LINE('',#2068,#2067);
#2070=DIRECTION('',(4.996200259731E-2,0.E0,9.987511192967E-1));
#2071=VECTOR('',#2070,6.759420318594E-1);
#2072=CARTESIAN_POINT('',(2.35E-1,1.494E0,1.199902139101E0));
#2073=LINE('',#2072,#2071);
#2074=DIRECTION('',(0.E0,0.E0,1.E0));
#2075=VECTOR('',#2074,2.85E-1);
#2076=CARTESIAN_POINT('',(2.687714175514E-1,1.494E0,1.875E0));
#2077=LINE('',#2076,#2075);
#2078=CARTESIAN_POINT('',(5.037714175514E-1,1.494E0,2.16E0));
#2079=DIRECTION('',(0.E0,1.E0,0.E0));
#2080=DIRECTION('',(-1.E0,0.E0,0.E0));
#2081=AXIS2_PLACEMENT_3D('',#2078,#2079,#2080);
#2083=CARTESIAN_POINT('',(5.037714175514E-1,1.494E0,2.16E0));
#2084=DIRECTION('',(0.E0,1.E0,0.E0));
#2085=DIRECTION('',(0.E0,0.E0,1.E0));
#2086=AXIS2_PLACEMENT_3D('',#2083,#2084,#2085);
#2088=DIRECTION('',(-4.129250547725E-14,0.E0,-1.E0));
#2089=VECTOR('',#2088,2.850000000002E-1);
#2090=CARTESIAN_POINT('',(7.387714175514E-1,1.494E0,2.16E0));
#2091=LINE('',#2090,#2089);
#2092=DIRECTION('',(5.275908400016E-2,0.E0,-9.986072696789E-1));
#2093=VECTOR('',#2092,8.762203386334E-1);
#2094=CARTESIAN_POINT('',(7.387714175514E-1,1.494E0,1.875E0));
#2095=LINE('',#2094,#2093);
#2096=CARTESIAN_POINT('',(9.35E-1,1.494E0,8.15E0));
#2097=DIRECTION('',(0.E0,1.E0,0.E0));
#2098=DIRECTION('',(-1.E0,0.E0,0.E0));
#2099=AXIS2_PLACEMENT_3D('',#2096,#2097,#2098);
#2101=CARTESIAN_POINT('',(1.105E0,1.494E0,8.15E0));
#2102=DIRECTION('',(0.E0,1.E0,0.E0));
#2103=DIRECTION('',(0.E0,0.E0,1.E0));
#2104=AXIS2_PLACEMENT_3D('',#2101,#2102,#2103);
#2106=DIRECTION('',(0.E0,0.E0,-1.E0));
#2107=VECTOR('',#2106,2.95E0);
#2108=CARTESIAN_POINT('',(1.255E0,1.494E0,8.15E0));
#2109=LINE('',#2108,#2107);
#2110=DIRECTION('',(1.E0,0.E0,0.E0));
#2111=VECTOR('',#2110,5.5E-1);
#2112=CARTESIAN_POINT('',(1.255E0,1.494E0,5.2E0));
#2113=LINE('',#2112,#2111);
#2114=CARTESIAN_POINT('',(1.955E0,1.494E0,8.15E0));
#2115=DIRECTION('',(0.E0,1.E0,0.E0));
#2116=DIRECTION('',(-1.E0,0.E0,0.E0));
#2117=AXIS2_PLACEMENT_3D('',#2114,#2115,#2116);
#2119=CARTESIAN_POINT('',(2.125E0,1.494E0,8.15E0));
#2120=DIRECTION('',(0.E0,1.E0,0.E0));
#2121=DIRECTION('',(0.E0,0.E0,1.E0));
#2122=AXIS2_PLACEMENT_3D('',#2119,#2120,#2121);
#2124=DIRECTION('',(-1.744383413235E-14,0.E0,-1.E0));
#2125=VECTOR('',#2124,6.950097860897E0);
#2126=CARTESIAN_POINT('',(2.275E0,1.494E0,8.15E0));
#2127=LINE('',#2126,#2125);
#2128=DIRECTION('',(4.996200259711E-2,0.E0,9.987511192967E-1));
#2129=VECTOR('',#2128,6.759420318567E-1);
#2130=CARTESIAN_POINT('',(2.275E0,1.494E0,1.199902139103E0));
#2131=LINE('',#2130,#2129);
#2132=DIRECTION('',(0.E0,0.E0,1.E0));
#2133=VECTOR('',#2132,2.85E-1);
#2134=CARTESIAN_POINT('',(2.308771417551E0,1.494E0,1.875E0));
#2135=LINE('',#2134,#2133);
#2136=CARTESIAN_POINT('',(2.543771417551E0,1.494E0,2.16E0));
#2137=DIRECTION('',(0.E0,1.E0,0.E0));
#2138=DIRECTION('',(-1.E0,0.E0,0.E0));
#2139=AXIS2_PLACEMENT_3D('',#2136,#2137,#2138);
#2141=CARTESIAN_POINT('',(2.543771417551E0,1.494E0,2.16E0));
#2142=DIRECTION('',(0.E0,1.E0,0.E0));
#2143=DIRECTION('',(0.E0,0.E0,1.E0));
#2144=AXIS2_PLACEMENT_3D('',#2141,#2142,#2143);
#2146=DIRECTION('',(4.269489245611E-13,0.E0,-1.E0));
#2147=VECTOR('',#2146,2.849999999977E-1);
#2148=CARTESIAN_POINT('',(2.778771417551E0,1.494E0,2.16E0));
#2149=LINE('',#2148,#2147);
#2150=DIRECTION('',(5.275908400032E-2,0.E0,-9.986072696789E-1));
#2151=VECTOR('',#2150,8.762203386359E-1);
#2152=CARTESIAN_POINT('',(2.778771417551E0,1.494E0,1.875000000002E0));
#2153=LINE('',#2152,#2151);
#2154=CARTESIAN_POINT('',(2.975E0,1.494E0,8.15E0));
#2155=DIRECTION('',(0.E0,1.E0,0.E0));
#2156=DIRECTION('',(-1.E0,0.E0,0.E0));
#2157=AXIS2_PLACEMENT_3D('',#2154,#2155,#2156);
#2159=DIRECTION('',(0.E0,-2.125284075711E-14,1.E0));
#2160=VECTOR('',#2159,7.E-1);
#2161=CARTESIAN_POINT('',(3.1E0,1.494E0,8.3E0));
#2162=LINE('',#2161,#2160);
#2163=CARTESIAN_POINT('',(-2.975E0,1.494E0,8.15E0));
#2164=DIRECTION('',(0.E0,1.E0,0.E0));
#2165=DIRECTION('',(3.848773152034E-14,0.E0,1.E0));
#2166=AXIS2_PLACEMENT_3D('',#2163,#2164,#2165);
#2168=DIRECTION('',(0.E0,0.E0,-1.E0));
#2169=VECTOR('',#2168,2.95E0);
#2170=CARTESIAN_POINT('',(-2.825E0,1.494E0,8.15E0));
#2171=LINE('',#2170,#2169);
#2172=CARTESIAN_POINT('',(-2.318434618759E0,1.034E0,4.740000866753E0));
#2173=CARTESIAN_POINT('',(-2.321054537533E0,1.049166396823E0,4.755167263575E0));
#2174=CARTESIAN_POINT('',(-2.329022650866E0,1.077828478207E0,4.783828075946E0));
#2175=CARTESIAN_POINT('',(-2.347890580185E0,1.116323687501E0,4.822323795287E0));
#2176=CARTESIAN_POINT('',(-2.372108801333E0,1.149239095152E0,4.855239066271E0));
#2177=CARTESIAN_POINT('',(-2.399529476389E0,1.175758296706E0,4.881758304444E0));
#2178=CARTESIAN_POINT('',(-2.428774523397E0,1.196301928013E0,4.902301925940E0));
#2179=CARTESIAN_POINT('',(-2.458743196823E0,1.211384088464E0,4.917384089020E0));
#2180=CARTESIAN_POINT('',(-2.489258489851E0,1.221737551147E0,4.927737550998E0));
#2181=CARTESIAN_POINT('',(-2.519540771848E0,1.227688829517E0,4.933688829560E0));
#2182=CARTESIAN_POINT('',(-2.550118397737E0,1.229651736778E0,4.935651736757E0));
#2183=CARTESIAN_POINT('',(-2.580307965625E0,1.227704186529E0,4.933704186571E0));
#2184=CARTESIAN_POINT('',(-2.610836935767E0,1.221711700636E0,4.927711700486E0));
#2185=CARTESIAN_POINT('',(-2.641041764417E0,1.211468009734E0,4.917468010290E0));
#2186=CARTESIAN_POINT('',(-2.671192056130E0,1.196327747970E0,4.902327745897E0));
#2187=CARTESIAN_POINT('',(-2.700342668312E0,1.175857551851E0,4.881857559589E0));
#2188=CARTESIAN_POINT('',(-2.727811394605E0,1.149334868704E0,4.855334839823E0));
#2189=CARTESIAN_POINT('',(-2.752061890781E0,1.116410009263E0,4.822410117048E0));
#2190=CARTESIAN_POINT('',(-2.770983782539E0,1.077823984999E0,4.783823582738E0));
#2191=CARTESIAN_POINT('',(-2.778946446351E0,1.049160847838E0,4.755161714591E0));
#2192=CARTESIAN_POINT('',(-2.781565406567E0,1.034E0,4.740000866753E0));
#2194=DIRECTION('',(0.E0,-1.E0,0.E0));
#2195=VECTOR('',#2194,7.34E-1);
#2196=CARTESIAN_POINT('',(-2.785E0,1.034E0,4.7E0));
#2197=LINE('',#2196,#2195);
#2198=DIRECTION('',(0.E0,1.E0,0.E0));
#2199=VECTOR('',#2198,7.34E-1);
#2200=CARTESIAN_POINT('',(-2.315E0,3.E-1,4.7E0));
#2201=LINE('',#2200,#2199);
#2202=DIRECTION('',(-9.999999998009E-1,0.E0,1.995534030652E-5));
#2203=VECTOR('',#2202,4.343461876717E-2);
#2204=CARTESIAN_POINT('',(-2.275E0,1.034E0,4.74E0));
#2205=LINE('',#2204,#2203);
#2206=CARTESIAN_POINT('',(-2.55E0,1.034E0,4.7E0));
#2207=DIRECTION('',(0.E0,1.E0,0.E0));
#2208=DIRECTION('',(9.854073248383E-1,0.E0,1.702128201842E-1));
#2209=AXIS2_PLACEMENT_3D('',#2206,#2207,#2208);
#2211=DIRECTION('',(0.E0,0.E0,-1.E0));
#2212=VECTOR('',#2211,2.849999999997E-1);
#2213=CARTESIAN_POINT('',(-2.315E0,1.034E0,4.7E0));
#2214=LINE('',#2213,#2212);
#2215=DIRECTION('',(1.171222734422E-2,0.E0,-9.999314095130E-1));
#2216=VECTOR('',#2215,3.415234252581E0);
#2217=CARTESIAN_POINT('',(-2.315E0,1.034E0,4.415E0));
#2218=LINE('',#2217,#2216);
#2219=DIRECTION('',(0.E0,-7.071067811865E-1,7.071067811865E-1));
#2220=VECTOR('',#2219,9.277240969168E-1);
#2221=CARTESIAN_POINT('',(-2.275E0,2.7E0,3.344E0));
#2222=LINE('',#2221,#2220);
#2223=DIRECTION('',(0.E0,0.E0,1.E0));
#2224=VECTOR('',#2223,3.197E0);
#2225=CARTESIAN_POINT('',(-2.275E0,2.044E0,4.E0));
#2226=LINE('',#2225,#2224);
#2227=CARTESIAN_POINT('',(-2.275E0,2.547E0,7.197E0));
#2228=DIRECTION('',(-1.E0,0.E0,0.E0));
#2229=DIRECTION('',(0.E0,-1.E0,0.E0));
#2230=AXIS2_PLACEMENT_3D('',#2227,#2228,#2229);
#2232=CARTESIAN_POINT('',(-2.275E0,2.547E0,7.197E0));
#2233=DIRECTION('',(-1.E0,0.E0,0.E0));
#2234=DIRECTION('',(0.E0,0.E0,1.E0));
#2235=AXIS2_PLACEMENT_3D('',#2232,#2233,#2234);
#2237=DIRECTION('',(0.E0,-1.799415772651E-14,-1.E0));
#2238=VECTOR('',#2237,2.221166975080E0);
#2239=CARTESIAN_POINT('',(-2.275E0,3.05E0,7.197E0));
#2240=LINE('',#2239,#2238);
#2241=DIRECTION('',(0.E0,4.999999999999E-1,-8.660254037845E-1));
#2242=VECTOR('',#2241,1.E0);
#2243=CARTESIAN_POINT('',(-2.275E0,3.05E0,4.975833024920E0));
#2244=LINE('',#2243,#2242);
#2245=CARTESIAN_POINT('',(-2.275E0,3.2E0,7.8E0));
#2246=DIRECTION('',(1.E0,0.E0,0.E0));
#2247=DIRECTION('',(0.E0,9.999999999816E-1,-6.066754570954E-6));
#2248=AXIS2_PLACEMENT_3D('',#2245,#2246,#2247);
#2250=DIRECTION('',(0.E0,0.E0,-1.E0));
#2251=VECTOR('',#2250,2.95E0);
#2252=CARTESIAN_POINT('',(-2.275E0,1.494E0,8.15E0));
#2253=LINE('',#2252,#2251);
#2254=DIRECTION('',(0.E0,-7.071067811865E-1,-7.071067811865E-1));
#2255=VECTOR('',#2254,6.505382386916E-1);
#2256=CARTESIAN_POINT('',(-2.275E0,1.494E0,5.2E0));
#2257=LINE('',#2256,#2255);
#2258=DIRECTION('',(0.E0,0.E0,-1.E0));
#2259=VECTOR('',#2258,3.74E0);
#2260=CARTESIAN_POINT('',(-2.275E0,1.034E0,4.74E0));
#2261=LINE('',#2260,#2259);
#2262=DIRECTION('',(0.E0,0.E0,1.E0));
#2263=VECTOR('',#2262,3.197E0);
#2264=CARTESIAN_POINT('',(-2.825E0,2.044E0,4.E0));
#2265=LINE('',#2264,#2263);
#2266=DIRECTION('',(-1.E0,0.E0,0.E0));
#2267=VECTOR('',#2266,5.5E-1);
#2268=CARTESIAN_POINT('',(-2.275E0,2.044E0,7.197E0));
#2269=LINE('',#2268,#2267);
#2270=DIRECTION('',(1.E0,0.E0,0.E0));
#2271=VECTOR('',#2270,5.5E-1);
#2272=CARTESIAN_POINT('',(-2.825E0,3.05E0,7.197E0));
#2273=LINE('',#2272,#2271);
#2274=DIRECTION('',(0.E0,-1.799415772651E-14,-1.E0));
#2275=VECTOR('',#2274,2.221166975080E0);
#2276=CARTESIAN_POINT('',(-2.825E0,3.05E0,7.197E0));
#2277=LINE('',#2276,#2275);
#2278=DIRECTION('',(1.E0,0.E0,0.E0));
#2279=VECTOR('',#2278,5.5E-1);
#2280=CARTESIAN_POINT('',(-2.825E0,3.05E0,4.975833024920E0));
#2281=LINE('',#2280,#2279);
#2282=CARTESIAN_POINT('',(-2.825E0,3.55E0,4.109807621135E0));
#2283=CARTESIAN_POINT('',(-2.825E0,3.5875E0,4.044855715851E0));
#2284=CARTESIAN_POINT('',(-2.843476202125E0,3.634511898938E0,3.963428718331E0));
#2285=CARTESIAN_POINT('',(-2.890226772030E0,3.676761613985E0,3.890250065264E0));
#2286=CARTESIAN_POINT('',(-2.929996176865E0,3.694376911568E0,3.859739474860E0));
#2287=CARTESIAN_POINT('',(-2.95625E0,3.7E0,3.85E0));
#2288=CARTESIAN_POINT('',(-2.975E0,3.7E0,3.85E0));
#2290=CARTESIAN_POINT('',(-2.125E0,3.7E0,3.85E0));
#2291=CARTESIAN_POINT('',(-2.14375E0,3.7E0,3.85E0));
#2292=CARTESIAN_POINT('',(-2.170003823135E0,3.694376911568E0,3.859739474860E0));
#2293=CARTESIAN_POINT('',(-2.209773227970E0,3.676761613985E0,3.890250065264E0));
#2294=CARTESIAN_POINT('',(-2.256523797875E0,3.634511898938E0,3.963428718331E0));
#2295=CARTESIAN_POINT('',(-2.275E0,3.5875E0,4.044855715851E0));
#2296=CARTESIAN_POINT('',(-2.275E0,3.55E0,4.109807621135E0));
#2298=DIRECTION('',(-3.429779157475E-14,-3.045823166996E-8,1.E0));
#2299=VECTOR('',#2298,3.690191671129E0);
#2300=CARTESIAN_POINT('',(-2.825E0,3.55E0,4.109807621135E0));
#2301=LINE('',#2300,#2299);
#2302=DIRECTION('',(0.E0,0.E0,-1.E0));
#2303=VECTOR('',#2302,3.949999999951E0);
#2304=CARTESIAN_POINT('',(-2.975E0,3.7E0,7.799999999951E0));
#2305=LINE('',#2304,#2303);
#2306=CARTESIAN_POINT('',(-2.975E0,3.2E0,7.8E0));
#2307=DIRECTION('',(-1.E0,0.E0,0.E0));
#2308=DIRECTION('',(0.E0,-4.018367860681E-10,1.E0));
#2309=AXIS2_PLACEMENT_3D('',#2306,#2307,#2308);
#2311=CARTESIAN_POINT('',(-2.975E0,3.55E0,7.8E0));
#2312=DIRECTION('',(0.E0,0.E0,-1.E0));
#2313=DIRECTION('',(0.E0,1.E0,0.E0));
#2314=AXIS2_PLACEMENT_3D('',#2311,#2312,#2313);
#2316=CARTESIAN_POINT('',(-2.975E0,3.2E0,8.15E0));
#2317=DIRECTION('',(0.E0,-1.E0,0.E0));
#2318=DIRECTION('',(1.E0,0.E0,0.E0));
#2319=AXIS2_PLACEMENT_3D('',#2316,#2317,#2318);
#2321=DIRECTION('',(-1.E0,-2.678888222363E-10,0.E0));
#2322=VECTOR('',#2321,1.25E-1);
#2323=CARTESIAN_POINT('',(-2.975E0,3.199999999900E0,8.3E0));
#2324=LINE('',#2323,#2322);
#2325=DIRECTION('',(1.E0,0.E0,1.303632757299E-10));
#2326=VECTOR('',#2325,1.25E-1);
#2327=CARTESIAN_POINT('',(-3.1E0,3.7E0,7.799999999935E0));
#2328=LINE('',#2327,#2326);
#2329=DIRECTION('',(-1.E0,0.E0,0.E0));
#2330=VECTOR('',#2329,1.25E-1);
#2331=CARTESIAN_POINT('',(-2.975E0,1.494E0,8.3E0));
#2332=LINE('',#2331,#2330);
#2333=DIRECTION('',(0.E0,1.E0,0.E0));
#2334=VECTOR('',#2333,1.705999999866E0);
#2335=CARTESIAN_POINT('',(-3.1E0,1.494E0,8.3E0));
#2336=LINE('',#2335,#2334);
#2337=DIRECTION('',(0.E0,1.E0,0.E0));
#2338=VECTOR('',#2337,1.705999999900E0);
#2339=CARTESIAN_POINT('',(-2.975E0,1.494E0,8.3E0));
#2340=LINE('',#2339,#2338);
#2341=DIRECTION('',(7.418843922448E-14,-1.E0,6.588318350024E-8));
#2342=VECTOR('',#2341,1.705999292212E0);
#2343=CARTESIAN_POINT('',(-2.825E0,3.199999292212E0,8.149999887603E0));
#2344=LINE('',#2343,#2342);
#2345=DIRECTION('',(0.E0,-2.125284075712E-14,1.E0));
#2346=VECTOR('',#2345,6.999999999998E-1);
#2347=CARTESIAN_POINT('',(-3.1E0,1.494E0,8.3E0));
#2348=LINE('',#2347,#2346);
#2349=DIRECTION('',(0.E0,-1.483404529302E-1,9.889363528683E-1));
#2350=VECTOR('',#2349,2.022374841616E0);
#2351=CARTESIAN_POINT('',(-3.1E0,1.494E0,9.E0));
#2352=LINE('',#2351,#2350);
#2353=CARTESIAN_POINT('',(-3.1E0,3.2E0,1.05E1));
#2354=DIRECTION('',(-1.E0,0.E0,0.E0));
#2355=DIRECTION('',(0.E0,0.E0,1.E0));
#2356=AXIS2_PLACEMENT_3D('',#2353,#2354,#2355);
#2358=CARTESIAN_POINT('',(-3.1E0,3.2E0,7.8E0));
#2359=DIRECTION('',(1.E0,0.E0,0.E0));
#2360=DIRECTION('',(0.E0,1.E0,0.E0));
#2361=AXIS2_PLACEMENT_3D('',#2358,#2359,#2360);
#2363=DIRECTION('',(-1.E0,0.E0,0.E0));
#2364=VECTOR('',#2363,1.84E0);
#2365=CARTESIAN_POINT('',(-3.1E0,3.2E0,1.1E1));
#2366=LINE('',#2365,#2364);
#2367=DIRECTION('',(1.E0,0.E0,0.E0));
#2368=VECTOR('',#2367,1.84E0);
#2369=CARTESIAN_POINT('',(-4.94E0,3.7E0,1.05E1));
#2370=LINE('',#2369,#2368);
#2371=CARTESIAN_POINT('',(-4.94E0,9.73E0,2.5E0));
#2372=DIRECTION('',(1.E0,0.E0,0.E0));
#2373=DIRECTION('',(0.E0,0.E0,1.E0));
#2374=AXIS2_PLACEMENT_3D('',#2371,#2372,#2373);
#2376=DIRECTION('',(0.E0,0.E0,-1.E0));
#2377=VECTOR('',#2376,1.5E0);
#2378=CARTESIAN_POINT('',(-4.94E0,9.53E0,2.5E0));
#2379=LINE('',#2378,#2377);
#2380=DIRECTION('',(0.E0,0.E0,1.E0));
#2381=VECTOR('',#2380,9.5E0);
#2382=CARTESIAN_POINT('',(-4.94E0,3.7E0,1.E0));
#2383=LINE('',#2382,#2381);
#2384=CARTESIAN_POINT('',(-4.94E0,3.2E0,1.05E1));
#2385=DIRECTION('',(1.E0,0.E0,0.E0));
#2386=DIRECTION('',(0.E0,1.E0,0.E0));
#2387=AXIS2_PLACEMENT_3D('',#2384,#2385,#2386);
#2389=DIRECTION('',(0.E0,-9.486832980505E-1,-3.162277660168E-1));
#2390=VECTOR('',#2389,3.162277660168E-1);
#2391=CARTESIAN_POINT('',(-4.94E0,3.E-1,7.2E0));
#2392=LINE('',#2391,#2390);
#2393=DIRECTION('',(0.E0,1.E0,0.E0));
#2394=VECTOR('',#2393,8.E-1);
#2395=CARTESIAN_POINT('',(-4.94E0,9.73E0,2.7E0));
#2396=LINE('',#2395,#2394);
#2397=DIRECTION('',(1.E0,0.E0,0.E0));
#2398=VECTOR('',#2397,1.59E0);
#2399=CARTESIAN_POINT('',(-4.94E0,1.053E1,2.7E0));
#2400=LINE('',#2399,#2398);
#2401=DIRECTION('',(0.E0,-1.E0,0.E0));
#2402=VECTOR('',#2401,8.E-1);
#2403=CARTESIAN_POINT('',(-3.35E0,1.053E1,2.7E0));
#2404=LINE('',#2403,#2402);
#2405=DIRECTION('',(1.E0,0.E0,0.E0));
#2406=VECTOR('',#2405,1.59E0);
#2407=CARTESIAN_POINT('',(-4.94E0,9.73E0,2.7E0));
#2408=LINE('',#2407,#2406);
#2409=DIRECTION('',(-1.E0,0.E0,0.E0));
#2410=VECTOR('',#2409,1.59E0);
#2411=CARTESIAN_POINT('',(-3.35E0,9.53E0,2.5E0));
#2412=LINE('',#2411,#2410);
#2413=CARTESIAN_POINT('',(-3.35E0,9.73E0,2.5E0));
#2414=DIRECTION('',(-1.E0,0.E0,0.E0));
#2415=DIRECTION('',(0.E0,-1.E0,-5.329070518201E-14));
#2416=AXIS2_PLACEMENT_3D('',#2413,#2414,#2415);
#2418=DIRECTION('',(0.E0,0.E0,1.E0));
#2419=VECTOR('',#2418,9.8E0);
#2420=CARTESIAN_POINT('',(-3.35E0,1.053E1,2.7E0));
#2421=LINE('',#2420,#2419);
#2422=DIRECTION('',(0.E0,-8.255744558680E-2,-9.965863074406E-1));
#2423=VECTOR('',#2422,8.478944509784E0);
#2424=CARTESIAN_POINT('',(-3.35E0,1.19E1,9.45E0));
#2425=LINE('',#2424,#2423);
#2426=DIRECTION('',(0.E0,0.E0,1.E0));
#2427=VECTOR('',#2426,9.8E0);
#2428=CARTESIAN_POINT('',(-4.94E0,1.053E1,2.7E0));
#2429=LINE('',#2428,#2427);
#2430=DIRECTION('',(-1.E0,0.E0,0.E0));
#2431=VECTOR('',#2430,1.59E0);
#2432=CARTESIAN_POINT('',(-3.35E0,1.053E1,1.25E1));
#2433=LINE('',#2432,#2431);
#2434=DIRECTION('',(1.E0,0.E0,0.E0));
#2435=VECTOR('',#2434,1.59E0);
#2436=CARTESIAN_POINT('',(-5.44E0,1.103E1,1.3E1));
#2437=LINE('',#2436,#2435);
#2438=CARTESIAN_POINT('',(-3.85E0,1.103E1,1.3E1));
#2439=CARTESIAN_POINT('',(-3.805210388050E0,1.098521038805E1,1.3E1));
#2440=CARTESIAN_POINT('',(-3.719505547642E0,1.089949702080E1,1.298817010864E1));
#2441=CARTESIAN_POINT('',(-3.604707276903E0,1.078471586303E1,1.294110922076E1));
#2442=CARTESIAN_POINT('',(-3.511467977629E0,1.069146199603E1,1.287360418193E1));
#2443=CARTESIAN_POINT('',(-3.438452474290E0,1.061845765220E1,1.279067383364E1));
#2444=CARTESIAN_POINT('',(-3.387215174495E0,1.056722761197E1,1.269859031023E1));
#2445=CARTESIAN_POINT('',(-3.356546904787E0,1.053654219664E1,1.259985713463E1));
#2446=CARTESIAN_POINT('',(-3.35E0,1.053E1,1.253301260876E1));
#2447=CARTESIAN_POINT('',(-3.35E0,1.053E1,1.25E1));
#2449=DIRECTION('',(0.E0,1.E0,0.E0));
#2450=VECTOR('',#2449,1.103E1);
#2451=CARTESIAN_POINT('',(-5.44E0,0.E0,1.3E1));
#2452=LINE('',#2451,#2450);
#2453=CARTESIAN_POINT('',(-5.44E0,1.103E1,1.3E1));
#2454=CARTESIAN_POINT('',(-5.395210388050E0,1.098521038805E1,1.3E1));
#2455=CARTESIAN_POINT('',(-5.309497020796E0,1.089950554765E1,1.298817010864E1));
#2456=CARTESIAN_POINT('',(-5.194715863034E0,1.078470727691E1,1.294110922076E1));
#2457=CARTESIAN_POINT('',(-5.101461996031E0,1.069146797763E1,1.287360418193E1));
#2458=CARTESIAN_POINT('',(-5.028457652204E0,1.061845247429E1,1.279067383364E1));
#2459=CARTESIAN_POINT('',(-4.977227611968E0,1.056721517449E1,1.269859031023E1));
#2460=CARTESIAN_POINT('',(-4.946542196637E0,1.053654690479E1,1.259985713464E1));
#2461=CARTESIAN_POINT('',(-4.94E0,1.053E1,1.253301260876E1));
#2462=CARTESIAN_POINT('',(-4.94E0,1.053E1,1.25E1));
#2464=DIRECTION('',(0.E0,-1.E0,0.E0));
#2465=VECTOR('',#2464,1.053E1);
#2466=CARTESIAN_POINT('',(-4.94E0,1.053E1,1.25E1));
#2467=LINE('',#2466,#2465);
#2468=DIRECTION('',(0.E0,1.E0,0.E0));
#2469=VECTOR('',#2468,1.67E0);
#2470=CARTESIAN_POINT('',(-3.85E0,1.103E1,1.3E1));
#2471=LINE('',#2470,#2469);
#2472=CARTESIAN_POINT('',(-3.85E0,1.27E1,1.3E1));
#2473=CARTESIAN_POINT('',(-3.805210388050E0,1.265521038805E1,1.3E1));
#2474=CARTESIAN_POINT('',(-3.719497020796E0,1.256950554765E1,1.298817010864E1));
#2475=CARTESIAN_POINT('',(-3.604715863034E0,1.245470727691E1,1.294110922076E1));
#2476=CARTESIAN_POINT('',(-3.511461996031E0,1.236146797763E1,1.287360418193E1));
#2477=CARTESIAN_POINT('',(-3.438457652204E0,1.228845247429E1,1.279067383364E1));
#2478=CARTESIAN_POINT('',(-3.387227611968E0,1.223721517449E1,1.269859031023E1));
#2479=CARTESIAN_POINT('',(-3.356542196637E0,1.220654690479E1,1.259985713464E1));
#2480=CARTESIAN_POINT('',(-3.35E0,1.22E1,1.253301260876E1));
#2481=CARTESIAN_POINT('',(-3.35E0,1.22E1,1.25E1));
#2483=DIRECTION('',(0.E0,-1.E0,0.E0));
#2484=VECTOR('',#2483,1.67E0);
#2485=CARTESIAN_POINT('',(-3.35E0,1.22E1,1.25E1));
#2486=LINE('',#2485,#2484);
#2487=DIRECTION('',(0.E0,1.E0,0.E0));
#2488=VECTOR('',#2487,1.2E0);
#2489=CARTESIAN_POINT('',(-2.03E0,1.22E1,9.45E0));
#2490=LINE('',#2489,#2488);
#2491=DIRECTION('',(-1.E0,0.E0,0.E0));
#2492=VECTOR('',#2491,3.075E0);
#2493=CARTESIAN_POINT('',(-2.03E0,1.34E1,9.45E0));
#2494=LINE('',#2493,#2492);
#2495=DIRECTION('',(0.E0,1.E0,0.E0));
#2496=VECTOR('',#2495,3.E-1);
#2497=CARTESIAN_POINT('',(-3.35E0,1.19E1,9.45E0));
#2498=LINE('',#2497,#2496);
#2499=DIRECTION('',(1.E0,0.E0,0.E0));
#2500=VECTOR('',#2499,1.32E0);
#2501=CARTESIAN_POINT('',(-3.35E0,1.22E1,9.45E0));
#2502=LINE('',#2501,#2500);
#2503=DIRECTION('',(-1.E0,0.E0,0.E0));
#2504=VECTOR('',#2503,1.021E1);
#2505=CARTESIAN_POINT('',(5.105E0,1.34E1,0.E0));
#2506=LINE('',#2505,#2504);
#2507=CARTESIAN_POINT('',(2.092328885804E0,1.386262556392E1,1.274175193029E1));
#2508=CARTESIAN_POINT('',(2.050729096946E0,1.385204103365E1,1.266643908411E1));
#2509=CARTESIAN_POINT('',(2.03E0,1.384071401518E1,1.258584315985E1));
#2510=CARTESIAN_POINT('',(2.03E0,1.382864954584E1,1.25E1));
#2512=DIRECTION('',(-1.E0,0.E0,0.E0));
#2513=VECTOR('',#2512,4.06E0);
#2514=CARTESIAN_POINT('',(2.03E0,1.34E1,9.45E0));
#2515=LINE('',#2514,#2513);
#2516=CARTESIAN_POINT('',(-2.03E0,1.382864954584E1,1.25E1));
#2517=CARTESIAN_POINT('',(-2.03E0,1.384071401518E1,1.258584315985E1));
#2518=CARTESIAN_POINT('',(-2.050729096946E0,1.385204103365E1,1.266643908411E1));
#2519=CARTESIAN_POINT('',(-2.092328885804E0,1.386262556392E1,1.274175193029E1));
#2521=DIRECTION('',(0.E0,1.E0,0.E0));
#2522=VECTOR('',#2521,1.2E0);
#2523=CARTESIAN_POINT('',(2.03E0,1.22E1,9.45E0));
#2524=LINE('',#2523,#2522);
#2525=DIRECTION('',(0.E0,1.391731009598E-1,9.902680687416E-1));
#2526=VECTOR('',#2525,3.079974096182E0);
#2527=CARTESIAN_POINT('',(2.03E0,1.34E1,9.45E0));
#2528=LINE('',#2527,#2526);
#2529=DIRECTION('',(0.E0,0.E0,1.E0));
#2530=VECTOR('',#2529,3.05E0);
#2531=CARTESIAN_POINT('',(2.03E0,1.22E1,9.45E0));
#2532=LINE('',#2531,#2530);
#2533=DIRECTION('',(1.E0,0.E0,0.E0));
#2534=VECTOR('',#2533,1.32E0);
#2535=CARTESIAN_POINT('',(2.03E0,1.22E1,9.45E0));
#2536=LINE('',#2535,#2534);
#2537=DIRECTION('',(-1.E0,0.E0,0.E0));
#2538=VECTOR('',#2537,3.075E0);
#2539=CARTESIAN_POINT('',(5.105E0,1.34E1,9.45E0));
#2540=LINE('',#2539,#2538);
#2541=DIRECTION('',(-1.E0,0.E0,0.E0));
#2542=VECTOR('',#2541,1.755E0);
#2543=CARTESIAN_POINT('',(5.105E0,1.19E1,9.45E0));
#2544=LINE('',#2543,#2542);
#2545=DIRECTION('',(0.E0,-1.421085471520E-14,1.E0));
#2546=VECTOR('',#2545,1.E0);
#2547=CARTESIAN_POINT('',(5.105E0,1.12E1,0.E0));
#2548=LINE('',#2547,#2546);
#2549=DIRECTION('',(-1.E0,0.E0,-9.147478596057E-14));
#2550=VECTOR('',#2549,1.755E0);
#2551=CARTESIAN_POINT('',(5.105E0,1.12E1,1.E0));
#2552=LINE('',#2551,#2550);
#2553=DIRECTION('',(-1.E0,0.E0,0.E0));
#2554=VECTOR('',#2553,6.7E0);
#2555=CARTESIAN_POINT('',(3.35E0,1.12E1,1.E0));
#2556=LINE('',#2555,#2554);
#2557=DIRECTION('',(-1.E0,0.E0,9.147478596057E-14));
#2558=VECTOR('',#2557,1.755E0);
#2559=CARTESIAN_POINT('',(-3.35E0,1.12E1,1.E0));
#2560=LINE('',#2559,#2558);
#2561=DIRECTION('',(0.E0,0.E0,1.E0));
#2562=VECTOR('',#2561,9.45E0);
#2563=CARTESIAN_POINT('',(5.105E0,1.34E1,0.E0));
#2564=LINE('',#2563,#2562);
#2565=DIRECTION('',(0.E0,-1.E0,0.E0));
#2566=VECTOR('',#2565,1.5E0);
#2567=CARTESIAN_POINT('',(5.105E0,1.34E1,9.45E0));
#2568=LINE('',#2567,#2566);
#2569=DIRECTION('',(0.E0,-8.255744558680E-2,-9.965863074406E-1));
#2570=VECTOR('',#2569,8.478944509784E0);
#2571=CARTESIAN_POINT('',(5.105E0,1.19E1,9.45E0));
#2572=LINE('',#2571,#2570);
#2573=DIRECTION('',(-1.E0,0.E0,0.E0));
#2574=VECTOR('',#2573,1.755E0);
#2575=CARTESIAN_POINT('',(-3.35E0,1.19E1,9.45E0));
#2576=LINE('',#2575,#2574);
#2577=DIRECTION('',(0.E0,-1.E0,0.E0));
#2578=VECTOR('',#2577,2.2E0);
#2579=CARTESIAN_POINT('',(-5.105E0,1.34E1,0.E0));
#2580=LINE('',#2579,#2578);
#2581=DIRECTION('',(0.E0,-1.421085471520E-14,1.E0));
#2582=VECTOR('',#2581,1.E0);
#2583=CARTESIAN_POINT('',(-5.105E0,1.12E1,0.E0));
#2584=LINE('',#2583,#2582);
#2585=DIRECTION('',(0.E0,8.255744558680E-2,9.965863074406E-1));
#2586=VECTOR('',#2585,8.478944509784E0);
#2587=CARTESIAN_POINT('',(-5.105E0,1.12E1,1.E0));
#2588=LINE('',#2587,#2586);
#2589=DIRECTION('',(0.E0,1.E0,0.E0));
#2590=VECTOR('',#2589,1.5E0);
#2591=CARTESIAN_POINT('',(-5.105E0,1.19E1,9.45E0));
#2592=LINE('',#2591,#2590);
#2593=DIRECTION('',(0.E0,0.E0,-1.E0));
#2594=VECTOR('',#2593,9.45E0);
#2595=CARTESIAN_POINT('',(-5.105E0,1.34E1,9.45E0));
#2596=LINE('',#2595,#2594);
#2597=DIRECTION('',(0.E0,0.E0,-1.E0));
#2598=VECTOR('',#2597,1.5E0);
#2599=CARTESIAN_POINT('',(-3.35E0,9.53E0,2.5E0));
#2600=LINE('',#2599,#2598);
#2601=DIRECTION('',(-1.E0,0.E0,0.E0));
#2602=VECTOR('',#2601,1.59E0);
#2603=CARTESIAN_POINT('',(-3.35E0,9.53E0,1.E0));
#2604=LINE('',#2603,#2602);
#2605=DIRECTION('',(0.E0,0.E0,1.E0));
#2606=VECTOR('',#2605,3.8E0);
#2607=CARTESIAN_POINT('',(-4.94E0,3.E-1,7.2E0));
#2608=LINE('',#2607,#2606);
#2609=DIRECTION('',(1.E0,0.E0,0.E0));
#2610=VECTOR('',#2609,9.88E0);
#2611=CARTESIAN_POINT('',(-4.94E0,3.E-1,7.2E0));
#2612=LINE('',#2611,#2610);
#2613=DIRECTION('',(-1.E0,0.E0,0.E0));
#2614=VECTOR('',#2613,9.88E0);
#2615=CARTESIAN_POINT('',(4.94E0,0.E0,7.1E0));
#2616=LINE('',#2615,#2614);
#2617=DIRECTION('',(0.E0,0.E0,1.E0));
#2618=VECTOR('',#2617,3.949999999902E0);
#2619=CARTESIAN_POINT('',(-2.125E0,3.7E0,3.85E0));
#2620=LINE('',#2619,#2618);
#2621=DIRECTION('',(-3.417744844690E-14,3.045823167039E-8,-1.E0));
#2622=VECTOR('',#2621,3.690191671077E0);
#2623=CARTESIAN_POINT('',(-2.275E0,3.549999887603E0,7.799999292212E0));
#2624=LINE('',#2623,#2622);
#2625=CARTESIAN_POINT('',(-2.125E0,3.2E0,7.8E0));
#2626=DIRECTION('',(1.E0,0.E0,0.E0));
#2627=DIRECTION('',(0.E0,1.E0,0.E0));
#2628=AXIS2_PLACEMENT_3D('',#2625,#2626,#2627);
#2630=CARTESIAN_POINT('',(-2.125E0,3.2E0,8.15E0));
#2631=DIRECTION('',(0.E0,-1.E0,0.E0));
#2632=DIRECTION('',(0.E0,0.E0,1.E0));
#2633=AXIS2_PLACEMENT_3D('',#2630,#2631,#2632);
#2635=CARTESIAN_POINT('',(-2.125E0,3.55E0,7.8E0));
#2636=DIRECTION('',(0.E0,0.E0,-1.E0));
#2637=DIRECTION('',(-1.E0,0.E0,0.E0));
#2638=AXIS2_PLACEMENT_3D('',#2635,#2636,#2637);
#2640=DIRECTION('',(-1.E0,0.E0,0.E0));
#2641=VECTOR('',#2640,1.7E-1);
#2642=CARTESIAN_POINT('',(-1.955E0,3.199999999799E0,8.3E0));
#2643=LINE('',#2642,#2641);
#2644=DIRECTION('',(1.E0,0.E0,0.E0));
#2645=VECTOR('',#2644,1.7E-1);
#2646=CARTESIAN_POINT('',(-2.125E0,3.7E0,7.799999999902E0));
#2647=LINE('',#2646,#2645);
#2648=CARTESIAN_POINT('',(-1.955E0,3.2E0,7.8E0));
#2649=DIRECTION('',(-1.E0,0.E0,0.E0));
#2650=DIRECTION('',(0.E0,-8.040004217946E-10,1.E0));
#2651=AXIS2_PLACEMENT_3D('',#2648,#2649,#2650);
#2653=CARTESIAN_POINT('',(-1.955E0,3.55E0,7.8E0));
#2654=DIRECTION('',(0.E0,0.E0,-1.E0));
#2655=DIRECTION('',(0.E0,1.E0,0.E0));
#2656=AXIS2_PLACEMENT_3D('',#2653,#2654,#2655);
#2658=CARTESIAN_POINT('',(-1.955E0,3.2E0,8.15E0));
#2659=DIRECTION('',(0.E0,-1.E0,0.E0));
#2660=DIRECTION('',(1.E0,0.E0,0.E0));
#2661=AXIS2_PLACEMENT_3D('',#2658,#2659,#2660);
#2663=DIRECTION('',(-3.423762001059E-14,-3.045823166996E-8,1.E0));
#2664=VECTOR('',#2663,3.690191671129E0);
#2665=CARTESIAN_POINT('',(-1.805E0,3.55E0,4.109807621135E0));
#2666=LINE('',#2665,#2664);
#2667=DIRECTION('',(0.E0,0.E0,-1.E0));
#2668=VECTOR('',#2667,3.949999999902E0);
#2669=CARTESIAN_POINT('',(-1.955E0,3.7E0,7.799999999902E0));
#2670=LINE('',#2669,#2668);
#2671=DIRECTION('',(0.E0,7.071067811865E-1,-7.071067811865E-1));
#2672=VECTOR('',#2671,4.242640687119E-1);
#2673=CARTESIAN_POINT('',(-1.805E0,2.044E0,2.175E0));
#2674=LINE('',#2673,#2672);
#2675=DIRECTION('',(0.E0,-1.E0,4.406979831567E-12));
#2676=VECTOR('',#2675,5.5E-1);
#2677=CARTESIAN_POINT('',(-1.805E0,2.044E0,1.199902139101E0));
#2678=LINE('',#2677,#2676);
#2679=CARTESIAN_POINT('',(-1.805E0,3.2E0,7.8E0));
#2680=DIRECTION('',(-1.E0,0.E0,0.E0));
#2681=DIRECTION('',(0.E0,-6.066754587449E-6,9.999999999816E-1));
#2682=AXIS2_PLACEMENT_3D('',#2679,#2680,#2681);
#2684=DIRECTION('',(0.E0,-4.999999999999E-1,8.660254037845E-1));
#2685=VECTOR('',#2684,1.E0);
#2686=CARTESIAN_POINT('',(-1.805E0,3.55E0,4.109807621135E0));
#2687=LINE('',#2686,#2685);
#2688=CARTESIAN_POINT('',(-1.805E0,2.547E0,7.197E0));
#2689=DIRECTION('',(1.E0,0.E0,0.E0));
#2690=DIRECTION('',(0.E0,1.E0,0.E0));
#2691=AXIS2_PLACEMENT_3D('',#2688,#2689,#2690);
#2693=CARTESIAN_POINT('',(-1.805E0,2.547E0,7.197E0));
#2694=DIRECTION('',(1.E0,0.E0,0.E0));
#2695=DIRECTION('',(0.E0,0.E0,1.E0));
#2696=AXIS2_PLACEMENT_3D('',#2693,#2694,#2695);
#2698=DIRECTION('',(-1.E0,0.E0,0.E0));
#2699=VECTOR('',#2698,5.5E-1);
#2700=CARTESIAN_POINT('',(-1.255E0,2.044E0,2.175E0));
#2701=LINE('',#2700,#2699);
#2702=DIRECTION('',(0.E0,0.E0,1.E0));
#2703=VECTOR('',#2702,5.022E0);
#2704=CARTESIAN_POINT('',(-1.805E0,2.044E0,2.175E0));
#2705=LINE('',#2704,#2703);
#2706=DIRECTION('',(-1.E0,0.E0,0.E0));
#2707=VECTOR('',#2706,5.5E-1);
#2708=CARTESIAN_POINT('',(-1.255E0,2.344E0,1.875E0));
#2709=LINE('',#2708,#2707);
#2710=DIRECTION('',(0.E0,-1.E0,0.E0));
#2711=VECTOR('',#2710,3.56E-1);
#2712=CARTESIAN_POINT('',(-1.805E0,2.7E0,1.875E0));
#2713=LINE('',#2712,#2711);
#2714=DIRECTION('',(0.E0,-1.E0,0.E0));
#2715=VECTOR('',#2714,3.56E-1);
#2716=CARTESIAN_POINT('',(-1.255E0,2.7E0,1.875E0));
#2717=LINE('',#2716,#2715);
#2718=DIRECTION('',(0.E0,-7.071067811865E-1,7.071067811865E-1));
#2719=VECTOR('',#2718,4.242640687119E-1);
#2720=CARTESIAN_POINT('',(-1.255E0,2.344E0,1.875E0));
#2721=LINE('',#2720,#2719);
#2722=DIRECTION('',(0.E0,0.E0,1.E0));
#2723=VECTOR('',#2722,5.022E0);
#2724=CARTESIAN_POINT('',(-1.255E0,2.044E0,2.175E0));
#2725=LINE('',#2724,#2723);
#2726=CARTESIAN_POINT('',(-1.255E0,2.547E0,7.197E0));
#2727=DIRECTION('',(-1.E0,0.E0,0.E0));
#2728=DIRECTION('',(0.E0,-1.E0,0.E0));
#2729=AXIS2_PLACEMENT_3D('',#2726,#2727,#2728);
#2731=CARTESIAN_POINT('',(-1.255E0,2.547E0,7.197E0));
#2732=DIRECTION('',(-1.E0,0.E0,0.E0));
#2733=DIRECTION('',(0.E0,0.E0,1.E0));
#2734=AXIS2_PLACEMENT_3D('',#2731,#2732,#2733);
#2736=DIRECTION('',(0.E0,-1.799415772651E-14,-1.E0));
#2737=VECTOR('',#2736,2.221166975080E0);
#2738=CARTESIAN_POINT('',(-1.255E0,3.05E0,7.197E0));
#2739=LINE('',#2738,#2737);
#2740=DIRECTION('',(0.E0,4.999999999999E-1,-8.660254037845E-1));
#2741=VECTOR('',#2740,1.E0);
#2742=CARTESIAN_POINT('',(-1.255E0,3.05E0,4.975833024920E0));
#2743=LINE('',#2742,#2741);
#2744=CARTESIAN_POINT('',(-1.255E0,3.2E0,7.8E0));
#2745=DIRECTION('',(1.E0,0.E0,0.E0));
#2746=DIRECTION('',(0.E0,9.999999999816E-1,-6.066754570954E-6));
#2747=AXIS2_PLACEMENT_3D('',#2744,#2745,#2746);
#2749=DIRECTION('',(0.E0,0.E0,-1.E0));
#2750=VECTOR('',#2749,7.15E0);
#2751=CARTESIAN_POINT('',(-1.255E0,1.494E0,8.15E0));
#2752=LINE('',#2751,#2750);
#2753=DIRECTION('',(-1.E0,0.E0,0.E0));
#2754=VECTOR('',#2753,5.5E-1);
#2755=CARTESIAN_POINT('',(-1.255E0,2.044E0,7.197E0));
#2756=LINE('',#2755,#2754);
#2757=DIRECTION('',(1.E0,0.E0,0.E0));
#2758=VECTOR('',#2757,5.5E-1);
#2759=CARTESIAN_POINT('',(-1.805E0,3.05E0,7.197E0));
#2760=LINE('',#2759,#2758);
#2761=DIRECTION('',(0.E0,-1.799415772651E-14,-1.E0));
#2762=VECTOR('',#2761,2.221166975080E0);
#2763=CARTESIAN_POINT('',(-1.805E0,3.05E0,7.197E0));
#2764=LINE('',#2763,#2762);
#2765=DIRECTION('',(1.E0,0.E0,0.E0));
#2766=VECTOR('',#2765,5.5E-1);
#2767=CARTESIAN_POINT('',(-1.805E0,3.05E0,4.975833024920E0));
#2768=LINE('',#2767,#2766);
#2769=CARTESIAN_POINT('',(-1.805E0,3.55E0,4.109807621135E0));
#2770=CARTESIAN_POINT('',(-1.805E0,3.5875E0,4.044855715851E0));
#2771=CARTESIAN_POINT('',(-1.823476202125E0,3.634511898938E0,3.963428718331E0));
#2772=CARTESIAN_POINT('',(-1.870226772030E0,3.676761613985E0,3.890250065264E0));
#2773=CARTESIAN_POINT('',(-1.909996176865E0,3.694376911568E0,3.859739474860E0));
#2774=CARTESIAN_POINT('',(-1.93625E0,3.7E0,3.85E0));
#2775=CARTESIAN_POINT('',(-1.955E0,3.7E0,3.85E0));
#2777=CARTESIAN_POINT('',(-1.105E0,3.7E0,3.85E0));
#2778=CARTESIAN_POINT('',(-1.12375E0,3.7E0,3.85E0));
#2779=CARTESIAN_POINT('',(-1.150003823135E0,3.694376911568E0,3.859739474860E0));
#2780=CARTESIAN_POINT('',(-1.189773227970E0,3.676761613985E0,3.890250065264E0));
#2781=CARTESIAN_POINT('',(-1.236523797875E0,3.634511898938E0,3.963428718331E0));
#2782=CARTESIAN_POINT('',(-1.255E0,3.5875E0,4.044855715851E0));
#2783=CARTESIAN_POINT('',(-1.255E0,3.55E0,4.109807621135E0));
#2785=DIRECTION('',(0.E0,0.E0,1.E0));
#2786=VECTOR('',#2785,3.949999999902E0);
#2787=CARTESIAN_POINT('',(-1.105E0,3.7E0,3.85E0));
#2788=LINE('',#2787,#2786);
#2789=DIRECTION('',(-3.423762001107E-14,3.045823167039E-8,-1.E0));
#2790=VECTOR('',#2789,3.690191671077E0);
#2791=CARTESIAN_POINT('',(-1.255E0,3.549999887603E0,7.799999292212E0));
#2792=LINE('',#2791,#2790);
#2793=CARTESIAN_POINT('',(-1.105E0,3.2E0,7.8E0));
#2794=DIRECTION('',(1.E0,0.E0,0.E0));
#2795=DIRECTION('',(0.E0,1.E0,0.E0));
#2796=AXIS2_PLACEMENT_3D('',#2793,#2794,#2795);
#2798=CARTESIAN_POINT('',(-1.105E0,3.2E0,8.15E0));
#2799=DIRECTION('',(0.E0,-1.E0,0.E0));
#2800=DIRECTION('',(0.E0,0.E0,1.E0));
#2801=AXIS2_PLACEMENT_3D('',#2798,#2799,#2800);
#2803=CARTESIAN_POINT('',(-1.105E0,3.55E0,7.8E0));
#2804=DIRECTION('',(0.E0,0.E0,-1.E0));
#2805=DIRECTION('',(-1.E0,0.E0,0.E0));
#2806=AXIS2_PLACEMENT_3D('',#2803,#2804,#2805);
#2808=DIRECTION('',(-1.E0,0.E0,0.E0));
#2809=VECTOR('',#2808,1.7E-1);
#2810=CARTESIAN_POINT('',(-9.35E-1,3.199999999799E0,8.3E0));
#2811=LINE('',#2810,#2809);
#2812=DIRECTION('',(1.E0,0.E0,0.E0));
#2813=VECTOR('',#2812,1.7E-1);
#2814=CARTESIAN_POINT('',(-1.105E0,3.7E0,7.799999999902E0));
#2815=LINE('',#2814,#2813);
#2816=CARTESIAN_POINT('',(-9.35E-1,3.2E0,7.8E0));
#2817=DIRECTION('',(-1.E0,0.E0,0.E0));
#2818=DIRECTION('',(0.E0,-8.040004217946E-10,1.E0));
#2819=AXIS2_PLACEMENT_3D('',#2816,#2817,#2818);
#2821=CARTESIAN_POINT('',(-9.35E-1,3.55E0,7.8E0));
#2822=DIRECTION('',(0.E0,0.E0,-1.E0));
#2823=DIRECTION('',(0.E0,1.E0,0.E0));
#2824=AXIS2_PLACEMENT_3D('',#2821,#2822,#2823);
#2826=CARTESIAN_POINT('',(-9.35E-1,3.2E0,8.15E0));
#2827=DIRECTION('',(0.E0,-1.E0,0.E0));
#2828=DIRECTION('',(1.E0,0.E0,0.E0));
#2829=AXIS2_PLACEMENT_3D('',#2826,#2827,#2828);
#2831=DIRECTION('',(-3.426770579267E-14,-3.045823166996E-8,1.E0));
#2832=VECTOR('',#2831,3.690191671129E0);
#2833=CARTESIAN_POINT('',(-7.85E-1,3.55E0,4.109807621135E0));
#2834=LINE('',#2833,#2832);
#2835=DIRECTION('',(0.E0,0.E0,-1.E0));
#2836=VECTOR('',#2835,3.949999999902E0);
#2837=CARTESIAN_POINT('',(-9.35E-1,3.7E0,7.799999999902E0));
#2838=LINE('',#2837,#2836);
#2839=DIRECTION('',(0.E0,7.071067811865E-1,7.071067811865E-1));
#2840=VECTOR('',#2839,6.505382386916E-1);
#2841=CARTESIAN_POINT('',(-7.85E-1,1.034E0,4.74E0));
#2842=LINE('',#2841,#2840);
#2843=CARTESIAN_POINT('',(-7.850000000004E-1,3.2E0,7.8E0));
#2844=DIRECTION('',(-1.E0,0.E0,0.E0));
#2845=DIRECTION('',(0.E0,-6.066754587449E-6,9.999999999816E-1));
#2846=AXIS2_PLACEMENT_3D('',#2843,#2844,#2845);
#2848=DIRECTION('',(0.E0,-4.999999999999E-1,8.660254037845E-1));
#2849=VECTOR('',#2848,1.E0);
#2850=CARTESIAN_POINT('',(-7.85E-1,3.55E0,4.109807621135E0));
#2851=LINE('',#2850,#2849);
#2852=CARTESIAN_POINT('',(-7.85E-1,2.547E0,7.197E0));
#2853=DIRECTION('',(1.E0,0.E0,0.E0));
#2854=DIRECTION('',(0.E0,1.E0,0.E0));
#2855=AXIS2_PLACEMENT_3D('',#2852,#2853,#2854);
#2857=CARTESIAN_POINT('',(-7.85E-1,2.547E0,7.197E0));
#2858=DIRECTION('',(1.E0,0.E0,0.E0));
#2859=DIRECTION('',(0.E0,0.E0,1.E0));
#2860=AXIS2_PLACEMENT_3D('',#2857,#2858,#2859);
#2862=DIRECTION('',(0.E0,7.071067811865E-1,-7.071067811865E-1));
#2863=VECTOR('',#2862,9.277240969168E-1);
#2864=CARTESIAN_POINT('',(-7.85E-1,2.044E0,4.E0));
#2865=LINE('',#2864,#2863);
#2866=DIRECTION('',(0.E0,0.E0,-1.E0));
#2867=VECTOR('',#2866,2.344E0);
#2868=CARTESIAN_POINT('',(-7.85E-1,2.7E0,3.344E0));
#2869=LINE('',#2868,#2867);
#2870=CARTESIAN_POINT('',(-2.784346187586E-1,1.034E0,4.740000866753E0));
#2871=CARTESIAN_POINT('',(-2.810545375331E-1,1.049166396823E0,
4.755167263575E0));
#2872=CARTESIAN_POINT('',(-2.890226508660E-1,1.077828478207E0,
4.783828075946E0));
#2873=CARTESIAN_POINT('',(-3.078905801848E-1,1.116323687501E0,
4.822323795287E0));
#2874=CARTESIAN_POINT('',(-3.321088013326E-1,1.149239095152E0,
4.855239066271E0));
#2875=CARTESIAN_POINT('',(-3.595294763888E-1,1.175758296706E0,
4.881758304444E0));
#2876=CARTESIAN_POINT('',(-3.887745233966E-1,1.196301928013E0,
4.902301925940E0));
#2877=CARTESIAN_POINT('',(-4.187431968234E-1,1.211384088464E0,
4.917384089020E0));
#2878=CARTESIAN_POINT('',(-4.492584898513E-1,1.221737551147E0,
4.927737550998E0));
#2879=CARTESIAN_POINT('',(-4.795407718478E-1,1.227688829517E0,
4.933688829560E0));
#2880=CARTESIAN_POINT('',(-5.101183977373E-1,1.229651736778E0,
4.935651736757E0));
#2881=CARTESIAN_POINT('',(-5.403079656252E-1,1.227704186529E0,
4.933704186571E0));
#2882=CARTESIAN_POINT('',(-5.708369357673E-1,1.221711700636E0,
4.927711700486E0));
#2883=CARTESIAN_POINT('',(-6.010417644167E-1,1.211468009734E0,
4.917468010290E0));
#2884=CARTESIAN_POINT('',(-6.311920561298E-1,1.196327747970E0,
4.902327745897E0));
#2885=CARTESIAN_POINT('',(-6.603426683117E-1,1.175857551851E0,
4.881857559589E0));
#2886=CARTESIAN_POINT('',(-6.878113946054E-1,1.149334868704E0,
4.855334839823E0));
#2887=CARTESIAN_POINT('',(-7.120618907810E-1,1.116410009263E0,
4.822410117048E0));
#2888=CARTESIAN_POINT('',(-7.309837825386E-1,1.077823984999E0,
4.783823582738E0));
#2889=CARTESIAN_POINT('',(-7.389464463512E-1,1.049160847838E0,
4.755161714591E0));
#2890=CARTESIAN_POINT('',(-7.415654065666E-1,1.034E0,4.740000866753E0));
#2892=DIRECTION('',(0.E0,-1.E0,0.E0));
#2893=VECTOR('',#2892,7.34E-1);
#2894=CARTESIAN_POINT('',(-7.45E-1,1.034E0,4.7E0));
#2895=LINE('',#2894,#2893);
#2896=DIRECTION('',(0.E0,1.E0,0.E0));
#2897=VECTOR('',#2896,7.34E-1);
#2898=CARTESIAN_POINT('',(-2.75E-1,3.E-1,4.7E0));
#2899=LINE('',#2898,#2897);
#2900=DIRECTION('',(-9.999999998009E-1,0.E0,1.995534042920E-5));
#2901=VECTOR('',#2900,4.343461876720E-2);
#2902=CARTESIAN_POINT('',(-2.35E-1,1.034E0,4.74E0));
#2903=LINE('',#2902,#2901);
#2904=CARTESIAN_POINT('',(-5.1E-1,1.034E0,4.7E0));
#2905=DIRECTION('',(0.E0,1.E0,0.E0));
#2906=DIRECTION('',(9.854073248383E-1,0.E0,1.702128201842E-1));
#2907=AXIS2_PLACEMENT_3D('',#2904,#2905,#2906);
#2909=DIRECTION('',(1.032312636933E-14,0.E0,-1.E0));
#2910=VECTOR('',#2909,2.849999999998E-1);
#2911=CARTESIAN_POINT('',(-2.75E-1,1.034E0,4.7E0));
#2912=LINE('',#2911,#2910);
#2913=DIRECTION('',(1.171222734422E-2,0.E0,-9.999314095130E-1));
#2914=VECTOR('',#2913,3.415234252581E0);
#2915=CARTESIAN_POINT('',(-2.75E-1,1.034E0,4.415E0));
#2916=LINE('',#2915,#2914);
#2917=DIRECTION('',(0.E0,0.E0,-1.E0));
#2918=VECTOR('',#2917,3.74E0);
#2919=CARTESIAN_POINT('',(-2.35E-1,1.034E0,4.74E0));
#2920=LINE('',#2919,#2918);
#2921=DIRECTION('',(0.E0,-7.071067811865E-1,7.071067811865E-1));
#2922=VECTOR('',#2921,9.277240969168E-1);
#2923=CARTESIAN_POINT('',(-2.35E-1,2.7E0,3.344E0));
#2924=LINE('',#2923,#2922);
#2925=DIRECTION('',(0.E0,0.E0,1.E0));
#2926=VECTOR('',#2925,3.197E0);
#2927=CARTESIAN_POINT('',(-2.35E-1,2.044E0,4.E0));
#2928=LINE('',#2927,#2926);
#2929=CARTESIAN_POINT('',(-2.35E-1,2.547E0,7.197E0));
#2930=DIRECTION('',(-1.E0,0.E0,0.E0));
#2931=DIRECTION('',(0.E0,-1.E0,0.E0));
#2932=AXIS2_PLACEMENT_3D('',#2929,#2930,#2931);
#2934=CARTESIAN_POINT('',(-2.35E-1,2.547E0,7.197E0));
#2935=DIRECTION('',(-1.E0,0.E0,0.E0));
#2936=DIRECTION('',(0.E0,0.E0,1.E0));
#2937=AXIS2_PLACEMENT_3D('',#2934,#2935,#2936);
#2939=DIRECTION('',(0.E0,-1.799415772651E-14,-1.E0));
#2940=VECTOR('',#2939,2.221166975080E0);
#2941=CARTESIAN_POINT('',(-2.35E-1,3.05E0,7.197E0));
#2942=LINE('',#2941,#2940);
#2943=DIRECTION('',(0.E0,4.999999999999E-1,-8.660254037845E-1));
#2944=VECTOR('',#2943,1.E0);
#2945=CARTESIAN_POINT('',(-2.35E-1,3.05E0,4.975833024920E0));
#2946=LINE('',#2945,#2944);
#2947=CARTESIAN_POINT('',(-2.349999999996E-1,3.2E0,7.8E0));
#2948=DIRECTION('',(1.E0,0.E0,0.E0));
#2949=DIRECTION('',(0.E0,9.999999999816E-1,-6.066754570954E-6));
#2950=AXIS2_PLACEMENT_3D('',#2947,#2948,#2949);
#2952=DIRECTION('',(0.E0,0.E0,-1.E0));
#2953=VECTOR('',#2952,2.95E0);
#2954=CARTESIAN_POINT('',(-2.35E-1,1.494E0,8.15E0));
#2955=LINE('',#2954,#2953);
#2956=DIRECTION('',(0.E0,-7.071067811865E-1,-7.071067811865E-1));
#2957=VECTOR('',#2956,6.505382386916E-1);
#2958=CARTESIAN_POINT('',(-2.35E-1,1.494E0,5.2E0));
#2959=LINE('',#2958,#2957);
#2960=DIRECTION('',(1.E0,0.E0,0.E0));
#2961=VECTOR('',#2960,4.6E-1);
#2962=CARTESIAN_POINT('',(-2.35E-1,3.E-1,1.E0));
#2963=LINE('',#2962,#2961);
#2964=DIRECTION('',(0.E0,1.E0,0.E0));
#2965=VECTOR('',#2964,1.744E0);
#2966=CARTESIAN_POINT('',(2.25E-1,3.E-1,1.E0));
#2967=LINE('',#2966,#2965);
#2968=DIRECTION('',(1.E0,0.E0,6.661338147758E-14));
#2969=VECTOR('',#2968,9.999999999989E-3);
#2970=CARTESIAN_POINT('',(2.25E-1,2.044E0,1.E0));
#2971=LINE('',#2970,#2969);
#2972=DIRECTION('',(0.E0,1.E0,0.E0));
#2973=VECTOR('',#2972,6.56E-1);
#2974=CARTESIAN_POINT('',(2.35E-1,2.044E0,1.E0));
#2975=LINE('',#2974,#2973);
#2976=DIRECTION('',(-1.E0,0.E0,0.E0));
#2977=VECTOR('',#2976,4.7E-1);
#2978=CARTESIAN_POINT('',(2.35E-1,2.7E0,1.E0));
#2979=LINE('',#2978,#2977);
#2980=DIRECTION('',(0.E0,-1.E0,0.E0));
#2981=VECTOR('',#2980,1.666E0);
#2982=CARTESIAN_POINT('',(-2.35E-1,2.7E0,1.E0));
#2983=LINE('',#2982,#2981);
#2984=DIRECTION('',(0.E0,1.E0,0.E0));
#2985=VECTOR('',#2984,7.34E-1);
#2986=CARTESIAN_POINT('',(-2.35E-1,3.E-1,1.E0));
#2987=LINE('',#2986,#2985);
#2988=DIRECTION('',(1.032312636933E-14,0.E0,-1.E0));
#2989=VECTOR('',#2988,2.849999999998E-1);
#2990=CARTESIAN_POINT('',(-2.75E-1,3.E-1,4.7E0));
#2991=LINE('',#2990,#2989);
#2992=DIRECTION('',(0.E0,1.E0,0.E0));
#2993=VECTOR('',#2992,7.34E-1);
#2994=CARTESIAN_POINT('',(-2.75E-1,3.E-1,4.415E0));
#2995=LINE('',#2994,#2993);
#2996=DIRECTION('',(-5.275908400032E-2,0.E0,9.986072696789E-1));
#2997=VECTOR('',#2996,8.762203386359E-1);
#2998=CARTESIAN_POINT('',(-1.255E0,3.E-1,1.E0));
#2999=LINE('',#2998,#2997);
#3000=CARTESIAN_POINT('',(-1.536228582449E0,3.E-1,2.16E0));
#3001=DIRECTION('',(0.E0,-1.E0,0.E0));
#3002=DIRECTION('',(1.E0,0.E0,0.E0));
#3003=AXIS2_PLACEMENT_3D('',#3000,#3001,#3002);
#3005=CARTESIAN_POINT('',(-1.536228582449E0,3.E-1,2.16E0));
#3006=DIRECTION('',(0.E0,-1.E0,0.E0));
#3007=DIRECTION('',(0.E0,0.E0,1.E0));
#3008=AXIS2_PLACEMENT_3D('',#3005,#3006,#3007);
#3010=DIRECTION('',(-4.996200259715E-2,0.E0,-9.987511192967E-1));
#3011=VECTOR('',#3010,8.760941370620E-1);
#3012=CARTESIAN_POINT('',(-1.771228582449E0,3.E-1,1.875E0));
#3013=LINE('',#3012,#3011);
#3014=DIRECTION('',(-1.171222734422E-2,0.E0,9.999314095130E-1));
#3015=VECTOR('',#3014,3.415234252581E0);
#3016=CARTESIAN_POINT('',(-2.275E0,3.E-1,1.E0));
#3017=LINE('',#3016,#3015);
#3018=CARTESIAN_POINT('',(-2.55E0,3.E-1,4.7E0));
#3019=DIRECTION('',(0.E0,-1.E0,0.E0));
#3020=DIRECTION('',(1.E0,0.E0,0.E0));
#3021=AXIS2_PLACEMENT_3D('',#3018,#3019,#3020);
#3023=CARTESIAN_POINT('',(-2.55E0,3.E-1,4.7E0));
#3024=DIRECTION('',(0.E0,-1.E0,0.E0));
#3025=DIRECTION('',(0.E0,0.E0,1.E0));
#3026=AXIS2_PLACEMENT_3D('',#3023,#3024,#3025);
#3028=DIRECTION('',(-1.171222734422E-2,0.E0,-9.999314095130E-1));
#3029=VECTOR('',#3028,3.415234252581E0);
#3030=CARTESIAN_POINT('',(-2.785E0,3.E-1,4.415E0));
#3031=LINE('',#3030,#3029);
#3032=DIRECTION('',(0.E0,0.E0,1.E0));
#3033=VECTOR('',#3032,5.8E0);
#3034=CARTESIAN_POINT('',(-4.94E0,3.E-1,1.E0));
#3035=LINE('',#3034,#3033);
#3036=DIRECTION('',(1.E0,0.E0,0.E0));
#3037=VECTOR('',#3036,9.88E0);
#3038=CARTESIAN_POINT('',(-4.94E0,3.E-1,6.8E0));
#3039=LINE('',#3038,#3037);
#3040=DIRECTION('',(-5.275908400032E-2,0.E0,9.986072696789E-1));
#3041=VECTOR('',#3040,8.762203386359E-1);
#3042=CARTESIAN_POINT('',(2.825E0,3.E-1,1.E0));
#3043=LINE('',#3042,#3041);
#3044=CARTESIAN_POINT('',(2.543771417551E0,3.E-1,2.16E0));
#3045=DIRECTION('',(0.E0,-1.E0,0.E0));
#3046=DIRECTION('',(1.E0,0.E0,0.E0));
#3047=AXIS2_PLACEMENT_3D('',#3044,#3045,#3046);
#3049=CARTESIAN_POINT('',(2.543771417551E0,3.E-1,2.16E0));
#3050=DIRECTION('',(0.E0,-1.E0,0.E0));
#3051=DIRECTION('',(0.E0,0.E0,1.E0));
#3052=AXIS2_PLACEMENT_3D('',#3049,#3050,#3051);
#3054=DIRECTION('',(-4.996200259715E-2,0.E0,-9.987511192967E-1));
#3055=VECTOR('',#3054,8.760941370620E-1);
#3056=CARTESIAN_POINT('',(2.308771417551E0,3.E-1,1.875E0));
#3057=LINE('',#3056,#3055);
#3058=DIRECTION('',(-1.171222734422E-2,0.E0,9.999314095130E-1));
#3059=VECTOR('',#3058,3.415234252581E0);
#3060=CARTESIAN_POINT('',(1.805E0,3.E-1,1.E0));
#3061=LINE('',#3060,#3059);
#3062=CARTESIAN_POINT('',(1.53E0,3.E-1,4.7E0));
#3063=DIRECTION('',(0.E0,-1.E0,0.E0));
#3064=DIRECTION('',(1.E0,0.E0,1.133844791107E-14));
#3065=AXIS2_PLACEMENT_3D('',#3062,#3063,#3064);
#3067=CARTESIAN_POINT('',(1.53E0,3.E-1,4.7E0));
#3068=DIRECTION('',(0.E0,-1.E0,0.E0));
#3069=DIRECTION('',(0.E0,0.E0,1.E0));
#3070=AXIS2_PLACEMENT_3D('',#3067,#3068,#3069);
#3072=DIRECTION('',(-1.171222734422E-2,0.E0,-9.999314095130E-1));
#3073=VECTOR('',#3072,3.415234252581E0);
#3074=CARTESIAN_POINT('',(1.295E0,3.E-1,4.415E0));
#3075=LINE('',#3074,#3073);
#3076=DIRECTION('',(-5.275908400016E-2,0.E0,9.986072696789E-1));
#3077=VECTOR('',#3076,8.762203386334E-1);
#3078=CARTESIAN_POINT('',(7.85E-1,3.E-1,1.E0));
#3079=LINE('',#3078,#3077);
#3080=CARTESIAN_POINT('',(5.037714175514E-1,3.E-1,2.16E0));
#3081=DIRECTION('',(0.E0,-1.E0,0.E0));
#3082=DIRECTION('',(1.E0,0.E0,0.E0));
#3083=AXIS2_PLACEMENT_3D('',#3080,#3081,#3082);
#3085=CARTESIAN_POINT('',(5.037714175514E-1,3.E-1,2.16E0));
#3086=DIRECTION('',(0.E0,-1.E0,0.E0));
#3087=DIRECTION('',(0.E0,0.E0,1.E0));
#3088=AXIS2_PLACEMENT_3D('',#3085,#3086,#3087);
#3090=DIRECTION('',(-4.996200259730E-2,0.E0,-9.987511192967E-1));
#3091=VECTOR('',#3090,8.760941370620E-1);
#3092=CARTESIAN_POINT('',(2.687714175514E-1,3.E-1,1.875E0));
#3093=LINE('',#3092,#3091);
#3094=DIRECTION('',(-1.171222734422E-2,0.E0,9.999314095130E-1));
#3095=VECTOR('',#3094,3.415234252581E0);
#3096=CARTESIAN_POINT('',(-2.35E-1,3.E-1,1.E0));
#3097=LINE('',#3096,#3095);
#3098=CARTESIAN_POINT('',(-5.1E-1,3.E-1,4.7E0));
#3099=DIRECTION('',(0.E0,-1.E0,0.E0));
#3100=DIRECTION('',(1.E0,0.E0,0.E0));
#3101=AXIS2_PLACEMENT_3D('',#3098,#3099,#3100);
#3103=CARTESIAN_POINT('',(-5.1E-1,3.E-1,4.7E0));
#3104=DIRECTION('',(0.E0,-1.E0,0.E0));
#3105=DIRECTION('',(0.E0,0.E0,1.E0));
#3106=AXIS2_PLACEMENT_3D('',#3103,#3104,#3105);
#3108=DIRECTION('',(-1.171222734422E-2,0.E0,-9.999314095130E-1));
#3109=VECTOR('',#3108,3.415234252581E0);
#3110=CARTESIAN_POINT('',(-7.45E-1,3.E-1,4.415E0));
#3111=LINE('',#3110,#3109);
#3112=DIRECTION('',(0.E0,1.E0,0.E0));
#3113=VECTOR('',#3112,1.194E0);
#3114=CARTESIAN_POINT('',(-1.255E0,3.E-1,1.E0));
#3115=LINE('',#3114,#3113);
#3116=DIRECTION('',(4.261698206841E-13,0.E0,-1.E0));
#3117=VECTOR('',#3116,2.849999999977E-1);
#3118=CARTESIAN_POINT('',(-1.301228582449E0,3.E-1,2.16E0));
#3119=LINE('',#3118,#3117);
#3120=DIRECTION('',(0.E0,1.E0,0.E0));
#3121=VECTOR('',#3120,1.194E0);
#3122=CARTESIAN_POINT('',(-1.301228582449E0,3.E-1,1.875000000002E0));
#3123=LINE('',#3122,#3121);
#3124=DIRECTION('',(0.E0,-1.E0,0.E0));
#3125=VECTOR('',#3124,1.194E0);
#3126=CARTESIAN_POINT('',(-1.771228582449E0,1.494E0,2.16E0));
#3127=LINE('',#3126,#3125);
#3128=DIRECTION('',(0.E0,1.E0,0.E0));
#3129=VECTOR('',#3128,1.194E0);
#3130=CARTESIAN_POINT('',(-1.301228582449E0,3.E-1,2.16E0));
#3131=LINE('',#3130,#3129);
#3132=DIRECTION('',(0.E0,0.E0,1.E0));
#3133=VECTOR('',#3132,2.85E-1);
#3134=CARTESIAN_POINT('',(-1.771228582449E0,3.E-1,1.875E0));
#3135=LINE('',#3134,#3133);
#3136=DIRECTION('',(0.E0,1.E0,0.E0));
#3137=VECTOR('',#3136,1.194E0);
#3138=CARTESIAN_POINT('',(-1.771228582449E0,3.E-1,1.875E0));
#3139=LINE('',#3138,#3137);
#3140=DIRECTION('',(4.996200259729E-2,0.E0,9.987511192967E-1));
#3141=VECTOR('',#3140,2.001521052029E-1);
#3142=CARTESIAN_POINT('',(-1.815E0,2.044E0,1.E0));
#3143=LINE('',#3142,#3141);
#3144=DIRECTION('',(6.053677575856E-13,0.E0,-1.E0));
#3145=VECTOR('',#3144,1.999021391010E-1);
#3146=CARTESIAN_POINT('',(-1.805E0,2.044E0,1.199902139101E0));
#3147=LINE('',#3146,#3145);
#3148=DIRECTION('',(1.E0,0.E0,1.255034723490E-14));
#3149=VECTOR('',#3148,4.599999999998E-1);
#3150=CARTESIAN_POINT('',(-2.275E0,3.E-1,1.E0));
#3151=LINE('',#3150,#3149);
#3152=DIRECTION('',(6.951625819327E-14,1.E0,0.E0));
#3153=VECTOR('',#3152,1.744E0);
#3154=CARTESIAN_POINT('',(-1.815E0,3.E-1,1.E0));
#3155=LINE('',#3154,#3153);
#3156=DIRECTION('',(1.E0,0.E0,-5.773159727981E-13));
#3157=VECTOR('',#3156,1.000000000012E-2);
#3158=CARTESIAN_POINT('',(-1.815E0,2.044E0,1.E0));
#3159=LINE('',#3158,#3157);
#3160=DIRECTION('',(0.E0,1.E0,0.E0));
#3161=VECTOR('',#3160,6.56E-1);
#3162=CARTESIAN_POINT('',(-1.805E0,2.044E0,1.E0));
#3163=LINE('',#3162,#3161);
#3164=DIRECTION('',(-1.E0,0.E0,0.E0));
#3165=VECTOR('',#3164,4.7E-1);
#3166=CARTESIAN_POINT('',(-1.805E0,2.7E0,1.E0));
#3167=LINE('',#3166,#3165);
#3168=DIRECTION('',(0.E0,-1.E0,0.E0));
#3169=VECTOR('',#3168,1.666E0);
#3170=CARTESIAN_POINT('',(-2.275E0,2.7E0,1.E0));
#3171=LINE('',#3170,#3169);
#3172=DIRECTION('',(0.E0,1.E0,0.E0));
#3173=VECTOR('',#3172,7.34E-1);
#3174=CARTESIAN_POINT('',(-2.275E0,3.E-1,1.E0));
#3175=LINE('',#3174,#3173);
#3176=DIRECTION('',(1.090745427703E-14,0.E0,-1.E0));
#3177=VECTOR('',#3176,2.849999999997E-1);
#3178=CARTESIAN_POINT('',(-2.315E0,3.E-1,4.7E0));
#3179=LINE('',#3178,#3177);
#3180=DIRECTION('',(0.E0,1.E0,-3.388146560164E-14));
#3181=VECTOR('',#3180,7.34E-1);
#3182=CARTESIAN_POINT('',(-2.315E0,3.E-1,4.415E0));
#3183=LINE('',#3182,#3181);
#3184=DIRECTION('',(0.E0,1.E0,1.116887028374E-13));
#3185=VECTOR('',#3184,1.666E0);
#3186=CARTESIAN_POINT('',(-7.85E-1,1.034E0,9.999999999998E-1));
#3187=LINE('',#3186,#3185);
#3188=DIRECTION('',(-1.E0,0.E0,0.E0));
#3189=VECTOR('',#3188,4.7E-1);
#3190=CARTESIAN_POINT('',(-7.85E-1,2.7E0,1.E0));
#3191=LINE('',#3190,#3189);
#3192=DIRECTION('',(0.E0,-1.E0,0.E0));
#3193=VECTOR('',#3192,1.206E0);
#3194=CARTESIAN_POINT('',(-1.255E0,2.7E0,1.E0));
#3195=LINE('',#3194,#3193);
#3196=DIRECTION('',(1.E0,0.E0,0.E0));
#3197=VECTOR('',#3196,4.7E-1);
#3198=CARTESIAN_POINT('',(-1.255E0,3.E-1,1.E0));
#3199=LINE('',#3198,#3197);
#3200=DIRECTION('',(0.E0,1.E0,-2.538084789266E-13));
#3201=VECTOR('',#3200,7.34E-1);
#3202=CARTESIAN_POINT('',(-7.85E-1,3.E-1,1.E0));
#3203=LINE('',#3202,#3201);
#3204=DIRECTION('',(0.E0,1.E0,0.E0));
#3205=VECTOR('',#3204,7.34E-1);
#3206=CARTESIAN_POINT('',(-7.45E-1,3.E-1,4.415E0));
#3207=LINE('',#3206,#3205);
#3208=DIRECTION('',(-9.999999998009E-1,0.E0,-1.995535208490E-5));
#3209=VECTOR('',#3208,4.343459344203E-2);
#3210=CARTESIAN_POINT('',(-7.415654065666E-1,1.034E0,4.740000866753E0));
#3211=LINE('',#3210,#3209);
#3212=DIRECTION('',(0.E0,0.E0,-1.E0));
#3213=VECTOR('',#3212,3.74E0);
#3214=CARTESIAN_POINT('',(-7.85E-1,1.034E0,4.74E0));
#3215=LINE('',#3214,#3213);
#3216=DIRECTION('',(1.171222734422E-2,0.E0,9.999314095130E-1));
#3217=VECTOR('',#3216,3.415234252581E0);
#3218=CARTESIAN_POINT('',(-7.85E-1,1.034E0,9.999999999998E-1));
#3219=LINE('',#3218,#3217);
#3220=DIRECTION('',(0.E0,0.E0,1.E0));
#3221=VECTOR('',#3220,2.85E-1);
#3222=CARTESIAN_POINT('',(-7.45E-1,1.034E0,4.415E0));
#3223=LINE('',#3222,#3221);
#3224=CARTESIAN_POINT('',(-5.1E-1,1.034E0,4.7E0));
#3225=DIRECTION('',(0.E0,1.E0,0.E0));
#3226=DIRECTION('',(-1.E0,0.E0,0.E0));
#3227=AXIS2_PLACEMENT_3D('',#3224,#3225,#3226);
#3229=DIRECTION('',(0.E0,0.E0,1.E0));
#3230=VECTOR('',#3229,2.85E-1);
#3231=CARTESIAN_POINT('',(-7.45E-1,3.E-1,4.415E0));
#3232=LINE('',#3231,#3230);
#3233=DIRECTION('',(0.E0,0.E0,1.E0));
#3234=VECTOR('',#3233,2.85E-1);
#3235=CARTESIAN_POINT('',(-2.785E0,3.E-1,4.415E0));
#3236=LINE('',#3235,#3234);
#3237=DIRECTION('',(-9.999999998009E-1,0.E0,-1.995535194177E-5));
#3238=VECTOR('',#3237,4.343459344200E-2);
#3239=CARTESIAN_POINT('',(-2.781565406567E0,1.034E0,4.740000866753E0));
#3240=LINE('',#3239,#3238);
#3241=DIRECTION('',(0.E0,0.E0,-1.E0));
#3242=VECTOR('',#3241,3.74E0);
#3243=CARTESIAN_POINT('',(-2.825E0,1.034E0,4.74E0));
#3244=LINE('',#3243,#3242);
#3245=DIRECTION('',(1.171222734422E-2,0.E0,9.999314095130E-1));
#3246=VECTOR('',#3245,3.415234252581E0);
#3247=CARTESIAN_POINT('',(-2.825E0,1.034E0,1.E0));
#3248=LINE('',#3247,#3246);
#3249=DIRECTION('',(0.E0,0.E0,1.E0));
#3250=VECTOR('',#3249,2.849999999997E-1);
#3251=CARTESIAN_POINT('',(-2.785E0,1.034E0,4.415E0));
#3252=LINE('',#3251,#3250);
#3253=CARTESIAN_POINT('',(-2.55E0,1.034E0,4.7E0));
#3254=DIRECTION('',(0.E0,1.E0,0.E0));
#3255=DIRECTION('',(-1.E0,0.E0,-6.425120482937E-14));
#3256=AXIS2_PLACEMENT_3D('',#3253,#3254,#3255);
#3258=DIRECTION('',(0.E0,1.E0,3.388146560164E-13));
#3259=VECTOR('',#3258,7.34E-1);
#3260=CARTESIAN_POINT('',(-2.785E0,3.E-1,4.415E0));
#3261=LINE('',#3260,#3259);
#3262=DIRECTION('',(0.E0,1.E0,0.E0));
#3263=VECTOR('',#3262,1.666E0);
#3264=CARTESIAN_POINT('',(3.325E0,1.034E0,1.E0));
#3265=LINE('',#3264,#3263);
#3266=DIRECTION('',(-1.E0,0.E0,0.E0));
#3267=VECTOR('',#3266,5.E-1);
#3268=CARTESIAN_POINT('',(3.325E0,2.7E0,1.E0));
#3269=LINE('',#3268,#3267);
#3270=DIRECTION('',(0.E0,-1.E0,0.E0));
#3271=VECTOR('',#3270,1.206E0);
#3272=CARTESIAN_POINT('',(2.825E0,2.7E0,1.E0));
#3273=LINE('',#3272,#3271);
#3274=DIRECTION('',(1.E0,0.E0,0.E0));
#3275=VECTOR('',#3274,2.115E0);
#3276=CARTESIAN_POINT('',(2.825E0,3.E-1,1.E0));
#3277=LINE('',#3276,#3275);
#3278=DIRECTION('',(0.E0,1.E0,0.E0));
#3279=VECTOR('',#3278,7.34E-1);
#3280=CARTESIAN_POINT('',(4.94E0,3.E-1,1.E0));
#3281=LINE('',#3280,#3279);
#3282=DIRECTION('',(1.E0,0.E0,0.E0));
#3283=VECTOR('',#3282,1.615E0);
#3284=CARTESIAN_POINT('',(3.325E0,1.034E0,1.E0));
#3285=LINE('',#3284,#3283);
#3286=DIRECTION('',(0.E0,0.E0,-1.E0));
#3287=VECTOR('',#3286,8.45E0);
#3288=CARTESIAN_POINT('',(3.325E0,1.034E0,9.45E0));
#3289=LINE('',#3288,#3287);
#3290=DIRECTION('',(0.E0,1.E0,0.E0));
#3291=VECTOR('',#3290,1.666E0);
#3292=CARTESIAN_POINT('',(4.94E0,1.034E0,9.45E0));
#3293=LINE('',#3292,#3291);
#3294=DIRECTION('',(-1.E0,0.E0,0.E0));
#3295=VECTOR('',#3294,1.615E0);
#3296=CARTESIAN_POINT('',(4.94E0,2.7E0,9.45E0));
#3297=LINE('',#3296,#3295);
#3298=DIRECTION('',(0.E0,-1.E0,0.E0));
#3299=VECTOR('',#3298,1.666E0);
#3300=CARTESIAN_POINT('',(3.325E0,2.7E0,9.45E0));
#3301=LINE('',#3300,#3299);
#3302=DIRECTION('',(1.E0,0.E0,0.E0));
#3303=VECTOR('',#3302,1.615E0);
#3304=CARTESIAN_POINT('',(3.325E0,1.034E0,9.45E0));
#3305=LINE('',#3304,#3303);
#3306=DIRECTION('',(0.E0,0.E0,-1.E0));
#3307=VECTOR('',#3306,8.45E0);
#3308=CARTESIAN_POINT('',(3.325E0,2.7E0,9.45E0));
#3309=LINE('',#3308,#3307);
#3310=DIRECTION('',(0.E0,-1.E0,0.E0));
#3311=VECTOR('',#3310,3.56E-1);
#3312=CARTESIAN_POINT('',(2.825E0,2.7E0,1.875E0));
#3313=LINE('',#3312,#3311);
#3314=DIRECTION('',(0.E0,-7.071067811865E-1,7.071067811865E-1));
#3315=VECTOR('',#3314,4.242640687119E-1);
#3316=CARTESIAN_POINT('',(2.825E0,2.344E0,1.875E0));
#3317=LINE('',#3316,#3315);
#3318=DIRECTION('',(0.E0,0.E0,1.E0));
#3319=VECTOR('',#3318,5.022E0);
#3320=CARTESIAN_POINT('',(2.825E0,2.044E0,2.175E0));
#3321=LINE('',#3320,#3319);
#3322=CARTESIAN_POINT('',(2.825E0,2.547E0,7.197E0));
#3323=DIRECTION('',(-1.E0,0.E0,0.E0));
#3324=DIRECTION('',(0.E0,-1.E0,0.E0));
#3325=AXIS2_PLACEMENT_3D('',#3322,#3323,#3324);
#3327=CARTESIAN_POINT('',(2.825E0,2.547E0,7.197E0));
#3328=DIRECTION('',(-1.E0,0.E0,0.E0));
#3329=DIRECTION('',(0.E0,0.E0,1.E0));
#3330=AXIS2_PLACEMENT_3D('',#3327,#3328,#3329);
#3332=DIRECTION('',(0.E0,-1.799415772651E-14,-1.E0));
#3333=VECTOR('',#3332,2.221166975080E0);
#3334=CARTESIAN_POINT('',(2.825E0,3.05E0,7.197E0));
#3335=LINE('',#3334,#3333);
#3336=DIRECTION('',(0.E0,4.999999999999E-1,-8.660254037845E-1));
#3337=VECTOR('',#3336,1.E0);
#3338=CARTESIAN_POINT('',(2.825E0,3.05E0,4.975833024920E0));
#3339=LINE('',#3338,#3337);
#3340=CARTESIAN_POINT('',(2.825E0,3.2E0,7.8E0));
#3341=DIRECTION('',(1.E0,0.E0,0.E0));
#3342=DIRECTION('',(0.E0,9.999999999816E-1,-6.066754570954E-6));
#3343=AXIS2_PLACEMENT_3D('',#3340,#3341,#3342);
#3345=DIRECTION('',(0.E0,0.E0,-1.E0));
#3346=VECTOR('',#3345,7.15E0);
#3347=CARTESIAN_POINT('',(2.825E0,1.494E0,8.15E0));
#3348=LINE('',#3347,#3346);
#3349=DIRECTION('',(0.E0,-1.E0,0.E0));
#3350=VECTOR('',#3349,3.56E-1);
#3351=CARTESIAN_POINT('',(2.275E0,2.7E0,1.875E0));
#3352=LINE('',#3351,#3350);
#3353=DIRECTION('',(-1.E0,0.E0,0.E0));
#3354=VECTOR('',#3353,5.5E-1);
#3355=CARTESIAN_POINT('',(2.825E0,2.344E0,1.875E0));
#3356=LINE('',#3355,#3354);
#3357=DIRECTION('',(0.E0,7.071067811865E-1,-7.071067811865E-1));
#3358=VECTOR('',#3357,4.242640687119E-1);
#3359=CARTESIAN_POINT('',(2.275E0,2.044E0,2.175E0));
#3360=LINE('',#3359,#3358);
#3361=DIRECTION('',(0.E0,-1.E0,4.401327787078E-12));
#3362=VECTOR('',#3361,5.5E-1);
#3363=CARTESIAN_POINT('',(2.275E0,2.044E0,1.199902139101E0));
#3364=LINE('',#3363,#3362);
#3365=CARTESIAN_POINT('',(2.275E0,3.2E0,7.8E0));
#3366=DIRECTION('',(-1.E0,0.E0,0.E0));
#3367=DIRECTION('',(0.E0,-6.066754587449E-6,9.999999999816E-1));
#3368=AXIS2_PLACEMENT_3D('',#3365,#3366,#3367);
#3370=DIRECTION('',(0.E0,-4.999999999999E-1,8.660254037845E-1));
#3371=VECTOR('',#3370,1.E0);
#3372=CARTESIAN_POINT('',(2.275E0,3.55E0,4.109807621135E0));
#3373=LINE('',#3372,#3371);
#3374=CARTESIAN_POINT('',(2.275E0,2.547E0,7.197E0));
#3375=DIRECTION('',(1.E0,0.E0,0.E0));
#3376=DIRECTION('',(0.E0,1.E0,0.E0));
#3377=AXIS2_PLACEMENT_3D('',#3374,#3375,#3376);
#3379=CARTESIAN_POINT('',(2.275E0,2.547E0,7.197E0));
#3380=DIRECTION('',(1.E0,0.E0,0.E0));
#3381=DIRECTION('',(0.E0,0.E0,1.E0));
#3382=AXIS2_PLACEMENT_3D('',#3379,#3380,#3381);
#3384=DIRECTION('',(-1.E0,0.E0,0.E0));
#3385=VECTOR('',#3384,5.5E-1);
#3386=CARTESIAN_POINT('',(2.825E0,2.044E0,2.175E0));
#3387=LINE('',#3386,#3385);
#3388=DIRECTION('',(0.E0,0.E0,1.E0));
#3389=VECTOR('',#3388,5.022E0);
#3390=CARTESIAN_POINT('',(2.275E0,2.044E0,2.175E0));
#3391=LINE('',#3390,#3389);
#3392=DIRECTION('',(-1.E0,0.E0,0.E0));
#3393=VECTOR('',#3392,5.5E-1);
#3394=CARTESIAN_POINT('',(2.825E0,2.044E0,7.197E0));
#3395=LINE('',#3394,#3393);
#3396=DIRECTION('',(1.E0,0.E0,0.E0));
#3397=VECTOR('',#3396,5.5E-1);
#3398=CARTESIAN_POINT('',(2.275E0,3.05E0,7.197E0));
#3399=LINE('',#3398,#3397);
#3400=DIRECTION('',(0.E0,-1.799415772651E-14,-1.E0));
#3401=VECTOR('',#3400,2.221166975080E0);
#3402=CARTESIAN_POINT('',(2.275E0,3.05E0,7.197E0));
#3403=LINE('',#3402,#3401);
#3404=DIRECTION('',(1.E0,0.E0,0.E0));
#3405=VECTOR('',#3404,5.5E-1);
#3406=CARTESIAN_POINT('',(2.275E0,3.05E0,4.975833024920E0));
#3407=LINE('',#3406,#3405);
#3408=CARTESIAN_POINT('',(2.975E0,3.7E0,3.85E0));
#3409=CARTESIAN_POINT('',(2.95625E0,3.7E0,3.85E0));
#3410=CARTESIAN_POINT('',(2.929996176865E0,3.694376911568E0,3.859739474860E0));
#3411=CARTESIAN_POINT('',(2.890226772030E0,3.676761613985E0,3.890250065264E0));
#3412=CARTESIAN_POINT('',(2.843476202125E0,3.634511898938E0,3.963428718331E0));
#3413=CARTESIAN_POINT('',(2.825E0,3.5875E0,4.044855715851E0));
#3414=CARTESIAN_POINT('',(2.825E0,3.55E0,4.109807621135E0));
#3416=CARTESIAN_POINT('',(2.275E0,3.55E0,4.109807621135E0));
#3417=CARTESIAN_POINT('',(2.275E0,3.5875E0,4.044855715851E0));
#3418=CARTESIAN_POINT('',(2.256523797875E0,3.634511898938E0,3.963428718331E0));
#3419=CARTESIAN_POINT('',(2.209773227970E0,3.676761613985E0,3.890250065264E0));
#3420=CARTESIAN_POINT('',(2.170003823135E0,3.694376911568E0,3.859739474860E0));
#3421=CARTESIAN_POINT('',(2.14375E0,3.7E0,3.85E0));
#3422=CARTESIAN_POINT('',(2.125E0,3.7E0,3.85E0));
#3424=DIRECTION('',(0.E0,0.E0,1.E0));
#3425=VECTOR('',#3424,3.949999999951E0);
#3426=CARTESIAN_POINT('',(2.975E0,3.7E0,3.85E0));
#3427=LINE('',#3426,#3425);
#3428=DIRECTION('',(-3.429779157524E-14,3.045823167039E-8,-1.E0));
#3429=VECTOR('',#3428,3.690191671077E0);
#3430=CARTESIAN_POINT('',(2.825E0,3.549999887603E0,7.799999292212E0));
#3431=LINE('',#3430,#3429);
#3432=CARTESIAN_POINT('',(2.975E0,3.2E0,7.8E0));
#3433=DIRECTION('',(1.E0,0.E0,0.E0));
#3434=DIRECTION('',(0.E0,1.E0,0.E0));
#3435=AXIS2_PLACEMENT_3D('',#3432,#3433,#3434);
#3437=CARTESIAN_POINT('',(2.975E0,3.2E0,8.15E0));
#3438=DIRECTION('',(0.E0,-1.E0,0.E0));
#3439=DIRECTION('',(0.E0,0.E0,1.E0));
#3440=AXIS2_PLACEMENT_3D('',#3437,#3438,#3439);
#3442=CARTESIAN_POINT('',(2.975E0,3.55E0,7.8E0));
#3443=DIRECTION('',(0.E0,0.E0,-1.E0));
#3444=DIRECTION('',(-1.E0,0.E0,0.E0));
#3445=AXIS2_PLACEMENT_3D('',#3442,#3443,#3444);
#3447=DIRECTION('',(1.E0,0.E0,-1.302851160290E-10));
#3448=VECTOR('',#3447,1.25E-1);
#3449=CARTESIAN_POINT('',(2.975E0,3.7E0,7.799999999951E0));
#3450=LINE('',#3449,#3448);
#3451=DIRECTION('',(-1.E0,2.681126431980E-10,0.E0));
#3452=VECTOR('',#3451,1.25E-1);
#3453=CARTESIAN_POINT('',(3.1E0,3.199999999866E0,8.3E0));
#3454=LINE('',#3453,#3452);
#3455=DIRECTION('',(0.E0,1.483404529302E-1,-9.889363528683E-1));
#3456=VECTOR('',#3455,2.022374841616E0);
#3457=CARTESIAN_POINT('',(3.1E0,1.194E0,1.1E1));
#3458=LINE('',#3457,#3456);
#3459=CARTESIAN_POINT('',(3.1E0,3.2E0,7.8E0));
#3460=DIRECTION('',(-1.E0,0.E0,0.E0));
#3461=DIRECTION('',(0.E0,0.E0,1.E0));
#3462=AXIS2_PLACEMENT_3D('',#3459,#3460,#3461);
#3464=CARTESIAN_POINT('',(3.1E0,3.2E0,1.05E1));
#3465=DIRECTION('',(1.E0,0.E0,0.E0));
#3466=DIRECTION('',(0.E0,1.E0,0.E0));
#3467=AXIS2_PLACEMENT_3D('',#3464,#3465,#3466);
#3469=DIRECTION('',(0.E0,-1.E0,0.E0));
#3470=VECTOR('',#3469,1.705999999866E0);
#3471=CARTESIAN_POINT('',(3.1E0,3.199999999866E0,8.3E0));
#3472=LINE('',#3471,#3470);
#3473=DIRECTION('',(-1.E0,0.E0,0.E0));
#3474=VECTOR('',#3473,1.25E-1);
#3475=CARTESIAN_POINT('',(3.1E0,1.494E0,8.3E0));
#3476=LINE('',#3475,#3474);
#3477=DIRECTION('',(7.392812890916E-14,1.E0,-6.588318453949E-8));
#3478=VECTOR('',#3477,1.705999292264E0);
#3479=CARTESIAN_POINT('',(2.825E0,1.494E0,8.15E0));
#3480=LINE('',#3479,#3478);
#3481=DIRECTION('',(0.E0,-1.E0,0.E0));
#3482=VECTOR('',#3481,1.705999999899E0);
#3483=CARTESIAN_POINT('',(2.975E0,3.199999999899E0,8.3E0));
#3484=LINE('',#3483,#3482);
#3485=DIRECTION('',(-3.429779157475E-14,-3.045823166996E-8,1.E0));
#3486=VECTOR('',#3485,3.690191671129E0);
#3487=CARTESIAN_POINT('',(2.275E0,3.55E0,4.109807621135E0));
#3488=LINE('',#3487,#3486);
#3489=DIRECTION('',(0.E0,0.E0,-1.E0));
#3490=VECTOR('',#3489,3.949999999902E0);
#3491=CARTESIAN_POINT('',(2.125E0,3.7E0,7.799999999902E0));
#3492=LINE('',#3491,#3490);
#3493=CARTESIAN_POINT('',(2.125E0,3.2E0,7.8E0));
#3494=DIRECTION('',(-1.E0,0.E0,0.E0));
#3495=DIRECTION('',(0.E0,-8.040004217946E-10,1.E0));
#3496=AXIS2_PLACEMENT_3D('',#3493,#3494,#3495);
#3498=CARTESIAN_POINT('',(2.125E0,3.55E0,7.8E0));
#3499=DIRECTION('',(0.E0,0.E0,-1.E0));
#3500=DIRECTION('',(0.E0,1.E0,0.E0));
#3501=AXIS2_PLACEMENT_3D('',#3498,#3499,#3500);
#3503=CARTESIAN_POINT('',(2.125E0,3.2E0,8.15E0));
#3504=DIRECTION('',(0.E0,-1.E0,0.E0));
#3505=DIRECTION('',(1.E0,0.E0,0.E0));
#3506=AXIS2_PLACEMENT_3D('',#3503,#3504,#3505);
#3508=DIRECTION('',(-1.E0,0.E0,0.E0));
#3509=VECTOR('',#3508,1.7E-1);
#3510=CARTESIAN_POINT('',(2.125E0,3.199999999799E0,8.3E0));
#3511=LINE('',#3510,#3509);
#3512=DIRECTION('',(1.E0,0.E0,0.E0));
#3513=VECTOR('',#3512,1.7E-1);
#3514=CARTESIAN_POINT('',(1.955E0,3.7E0,7.799999999902E0));
#3515=LINE('',#3514,#3513);
#3516=DIRECTION('',(-1.E0,0.E0,0.E0));
#3517=VECTOR('',#3516,1.7E-1);
#3518=CARTESIAN_POINT('',(2.125E0,1.494E0,8.3E0));
#3519=LINE('',#3518,#3517);
#3520=DIRECTION('',(0.E0,1.E0,0.E0));
#3521=VECTOR('',#3520,1.705999999799E0);
#3522=CARTESIAN_POINT('',(2.125E0,1.494E0,8.3E0));
#3523=LINE('',#3522,#3521);
#3524=DIRECTION('',(7.392812891141E-14,-1.E0,6.588318350024E-8));
#3525=VECTOR('',#3524,1.705999292212E0);
#3526=CARTESIAN_POINT('',(2.275E0,3.199999292212E0,8.149999887603E0));
#3527=LINE('',#3526,#3525);
#3528=DIRECTION('',(7.405828406569E-14,1.E0,-6.588318453949E-8));
#3529=VECTOR('',#3528,1.705999292264E0);
#3530=CARTESIAN_POINT('',(1.805E0,1.494E0,8.15E0));
#3531=LINE('',#3530,#3529);
#3532=DIRECTION('',(0.E0,-1.E0,0.E0));
#3533=VECTOR('',#3532,1.705999999799E0);
#3534=CARTESIAN_POINT('',(1.955E0,3.199999999799E0,8.3E0));
#3535=LINE('',#3534,#3533);
#3536=DIRECTION('',(0.E0,0.E0,-1.E0));
#3537=VECTOR('',#3536,3.74E0);
#3538=CARTESIAN_POINT('',(1.805E0,1.034E0,4.74E0));
#3539=LINE('',#3538,#3537);
#3540=DIRECTION('',(0.E0,-7.071067811865E-1,7.071067811865E-1));
#3541=VECTOR('',#3540,9.277240969168E-1);
#3542=CARTESIAN_POINT('',(1.805E0,2.7E0,3.344E0));
#3543=LINE('',#3542,#3541);
#3544=DIRECTION('',(0.E0,0.E0,1.E0));
#3545=VECTOR('',#3544,3.197E0);
#3546=CARTESIAN_POINT('',(1.805E0,2.044E0,4.E0));
#3547=LINE('',#3546,#3545);
#3548=CARTESIAN_POINT('',(1.805E0,2.547E0,7.197E0));
#3549=DIRECTION('',(-1.E0,0.E0,0.E0));
#3550=DIRECTION('',(0.E0,-1.E0,0.E0));
#3551=AXIS2_PLACEMENT_3D('',#3548,#3549,#3550);
#3553=CARTESIAN_POINT('',(1.805E0,2.547E0,7.197E0));
#3554=DIRECTION('',(-1.E0,0.E0,0.E0));
#3555=DIRECTION('',(0.E0,0.E0,1.E0));
#3556=AXIS2_PLACEMENT_3D('',#3553,#3554,#3555);
#3558=DIRECTION('',(0.E0,-1.799415772651E-14,-1.E0));
#3559=VECTOR('',#3558,2.221166975080E0);
#3560=CARTESIAN_POINT('',(1.805E0,3.05E0,7.197E0));
#3561=LINE('',#3560,#3559);
#3562=DIRECTION('',(0.E0,4.999999999999E-1,-8.660254037845E-1));
#3563=VECTOR('',#3562,1.E0);
#3564=CARTESIAN_POINT('',(1.805E0,3.05E0,4.975833024920E0));
#3565=LINE('',#3564,#3563);
#3566=CARTESIAN_POINT('',(1.805E0,3.2E0,7.8E0));
#3567=DIRECTION('',(1.E0,0.E0,0.E0));
#3568=DIRECTION('',(0.E0,9.999999999816E-1,-6.066754570954E-6));
#3569=AXIS2_PLACEMENT_3D('',#3566,#3567,#3568);
#3571=DIRECTION('',(0.E0,0.E0,-1.E0));
#3572=VECTOR('',#3571,2.95E0);
#3573=CARTESIAN_POINT('',(1.805E0,1.494E0,8.15E0));
#3574=LINE('',#3573,#3572);
#3575=DIRECTION('',(0.E0,-7.071067811865E-1,-7.071067811865E-1));
#3576=VECTOR('',#3575,6.505382386916E-1);
#3577=CARTESIAN_POINT('',(1.805E0,1.494E0,5.2E0));
#3578=LINE('',#3577,#3576);
#3579=DIRECTION('',(-9.999999998009E-1,0.E0,1.995534030652E-5));
#3580=VECTOR('',#3579,4.343461876717E-2);
#3581=CARTESIAN_POINT('',(1.805E0,1.034E0,4.74E0));
#3582=LINE('',#3581,#3580);
#3583=CARTESIAN_POINT('',(1.53E0,1.034E0,4.7E0));
#3584=DIRECTION('',(0.E0,1.E0,0.E0));
#3585=DIRECTION('',(9.854073248383E-1,0.E0,1.702128201842E-1));
#3586=AXIS2_PLACEMENT_3D('',#3583,#3584,#3585);
#3588=DIRECTION('',(1.012835040010E-14,0.E0,-1.E0));
#3589=VECTOR('',#3588,2.849999999998E-1);
#3590=CARTESIAN_POINT('',(1.765E0,1.034E0,4.7E0));
#3591=LINE('',#3590,#3589);
#3592=DIRECTION('',(1.171222734422E-2,0.E0,-9.999314095130E-1));
#3593=VECTOR('',#3592,3.415234252581E0);
#3594=CARTESIAN_POINT('',(1.765E0,1.034E0,4.415E0));
#3595=LINE('',#3594,#3593);
#3596=CARTESIAN_POINT('',(1.761565381241E0,1.034E0,4.740000866753E0));
#3597=CARTESIAN_POINT('',(1.758945462467E0,1.049166396823E0,4.755167263575E0));
#3598=CARTESIAN_POINT('',(1.750977349134E0,1.077828478207E0,4.783828075946E0));
#3599=CARTESIAN_POINT('',(1.732109419815E0,1.116323687501E0,4.822323795287E0));
#3600=CARTESIAN_POINT('',(1.707891198667E0,1.149239095152E0,4.855239066271E0));
#3601=CARTESIAN_POINT('',(1.680470523611E0,1.175758296706E0,4.881758304444E0));
#3602=CARTESIAN_POINT('',(1.651225476603E0,1.196301928013E0,4.902301925940E0));
#3603=CARTESIAN_POINT('',(1.621256803177E0,1.211384088464E0,4.917384089020E0));
#3604=CARTESIAN_POINT('',(1.590741510149E0,1.221737551147E0,4.927737550998E0));
#3605=CARTESIAN_POINT('',(1.560459228152E0,1.227688829517E0,4.933688829560E0));
#3606=CARTESIAN_POINT('',(1.529881602263E0,1.229651736778E0,4.935651736757E0));
#3607=CARTESIAN_POINT('',(1.499692034375E0,1.227704186529E0,4.933704186571E0));
#3608=CARTESIAN_POINT('',(1.469163064233E0,1.221711700636E0,4.927711700486E0));
#3609=CARTESIAN_POINT('',(1.438958235583E0,1.211468009734E0,4.917468010290E0));
#3610=CARTESIAN_POINT('',(1.408807943870E0,1.196327747970E0,4.902327745897E0));
#3611=CARTESIAN_POINT('',(1.379657331688E0,1.175857551851E0,4.881857559589E0));
#3612=CARTESIAN_POINT('',(1.352188605395E0,1.149334868704E0,4.855334839823E0));
#3613=CARTESIAN_POINT('',(1.327938109219E0,1.116410009263E0,4.822410117048E0));
#3614=CARTESIAN_POINT('',(1.309016217461E0,1.077823984999E0,4.783823582738E0));
#3615=CARTESIAN_POINT('',(1.301053553649E0,1.049160847838E0,4.755161714591E0));
#3616=CARTESIAN_POINT('',(1.298434593433E0,1.034E0,4.740000866753E0));
#3618=DIRECTION('',(0.E0,-1.E0,0.E0));
#3619=VECTOR('',#3618,7.34E-1);
#3620=CARTESIAN_POINT('',(1.295E0,1.034E0,4.7E0));
#3621=LINE('',#3620,#3619);
#3622=DIRECTION('',(0.E0,1.E0,0.E0));
#3623=VECTOR('',#3622,7.34E-1);
#3624=CARTESIAN_POINT('',(1.765E0,3.E-1,4.7E0));
#3625=LINE('',#3624,#3623);
#3626=DIRECTION('',(-9.999999998009E-1,0.E0,-1.995535194177E-5));
#3627=VECTOR('',#3626,4.343459344200E-2);
#3628=CARTESIAN_POINT('',(1.298434593433E0,1.034E0,4.740000866753E0));
#3629=LINE('',#3628,#3627);
#3630=DIRECTION('',(0.E0,0.E0,-1.E0));
#3631=VECTOR('',#3630,3.74E0);
#3632=CARTESIAN_POINT('',(1.255E0,1.034E0,4.74E0));
#3633=LINE('',#3632,#3631);
#3634=DIRECTION('',(1.171222734422E-2,0.E0,9.999314095130E-1));
#3635=VECTOR('',#3634,3.415234252581E0);
#3636=CARTESIAN_POINT('',(1.255E0,1.034E0,9.999999999998E-1));
#3637=LINE('',#3636,#3635);
#3638=DIRECTION('',(0.E0,0.E0,1.E0));
#3639=VECTOR('',#3638,2.85E-1);
#3640=CARTESIAN_POINT('',(1.295E0,1.034E0,4.415E0));
#3641=LINE('',#3640,#3639);
#3642=CARTESIAN_POINT('',(1.53E0,1.034E0,4.7E0));
#3643=DIRECTION('',(0.E0,1.E0,0.E0));
#3644=DIRECTION('',(-1.E0,0.E0,0.E0));
#3645=AXIS2_PLACEMENT_3D('',#3642,#3643,#3644);
#3647=DIRECTION('',(0.E0,7.071067811865E-1,7.071067811865E-1));
#3648=VECTOR('',#3647,6.505382386916E-1);
#3649=CARTESIAN_POINT('',(1.255E0,1.034E0,4.74E0));
#3650=LINE('',#3649,#3648);
#3651=CARTESIAN_POINT('',(1.255E0,3.2E0,7.8E0));
#3652=DIRECTION('',(-1.E0,0.E0,0.E0));
#3653=DIRECTION('',(0.E0,-6.066754587449E-6,9.999999999816E-1));
#3654=AXIS2_PLACEMENT_3D('',#3651,#3652,#3653);
#3656=DIRECTION('',(0.E0,-4.999999999999E-1,8.660254037845E-1));
#3657=VECTOR('',#3656,1.E0);
#3658=CARTESIAN_POINT('',(1.255E0,3.55E0,4.109807621135E0));
#3659=LINE('',#3658,#3657);
#3660=CARTESIAN_POINT('',(1.255E0,2.547E0,7.197E0));
#3661=DIRECTION('',(1.E0,0.E0,0.E0));
#3662=DIRECTION('',(0.E0,1.E0,0.E0));
#3663=AXIS2_PLACEMENT_3D('',#3660,#3661,#3662);
#3665=CARTESIAN_POINT('',(1.255E0,2.547E0,7.197E0));
#3666=DIRECTION('',(1.E0,0.E0,0.E0));
#3667=DIRECTION('',(0.E0,0.E0,1.E0));
#3668=AXIS2_PLACEMENT_3D('',#3665,#3666,#3667);
#3670=DIRECTION('',(0.E0,7.071067811865E-1,-7.071067811865E-1));
#3671=VECTOR('',#3670,9.277240969168E-1);
#3672=CARTESIAN_POINT('',(1.255E0,2.044E0,4.E0));
#3673=LINE('',#3672,#3671);
#3674=DIRECTION('',(0.E0,0.E0,-1.E0));
#3675=VECTOR('',#3674,2.344E0);
#3676=CARTESIAN_POINT('',(1.255E0,2.7E0,3.344E0));
#3677=LINE('',#3676,#3675);
#3678=DIRECTION('',(0.E0,1.E0,0.E0));
#3679=VECTOR('',#3678,1.705999999799E0);
#3680=CARTESIAN_POINT('',(1.105E0,1.494E0,8.3E0));
#3681=LINE('',#3680,#3679);
#3682=DIRECTION('',(7.405828406794E-14,-1.E0,6.588318350024E-8));
#3683=VECTOR('',#3682,1.705999292212E0);
#3684=CARTESIAN_POINT('',(1.255E0,3.199999292212E0,8.149999887603E0));
#3685=LINE('',#3684,#3683);
#3686=DIRECTION('',(-1.E0,0.E0,0.E0));
#3687=VECTOR('',#3686,1.7E-1);
#3688=CARTESIAN_POINT('',(1.105E0,1.494E0,8.3E0));
#3689=LINE('',#3688,#3687);
#3690=DIRECTION('',(7.412336164396E-14,1.E0,-6.588318453949E-8));
#3691=VECTOR('',#3690,1.705999292264E0);
#3692=CARTESIAN_POINT('',(7.85E-1,1.494E0,8.15E0));
#3693=LINE('',#3692,#3691);
#3694=DIRECTION('',(0.E0,-1.E0,0.E0));
#3695=VECTOR('',#3694,1.705999999799E0);
#3696=CARTESIAN_POINT('',(9.35E-1,3.199999999799E0,8.3E0));
#3697=LINE('',#3696,#3695);
#3698=DIRECTION('',(0.E0,-1.E0,0.E0));
#3699=VECTOR('',#3698,3.56E-1);
#3700=CARTESIAN_POINT('',(7.85E-1,2.7E0,1.875E0));
#3701=LINE('',#3700,#3699);
#3702=DIRECTION('',(0.E0,-7.071067811865E-1,7.071067811865E-1));
#3703=VECTOR('',#3702,4.242640687119E-1);
#3704=CARTESIAN_POINT('',(7.85E-1,2.344E0,1.875E0));
#3705=LINE('',#3704,#3703);
#3706=DIRECTION('',(0.E0,0.E0,1.E0));
#3707=VECTOR('',#3706,5.022E0);
#3708=CARTESIAN_POINT('',(7.85E-1,2.044E0,2.175E0));
#3709=LINE('',#3708,#3707);
#3710=CARTESIAN_POINT('',(7.85E-1,2.547E0,7.197E0));
#3711=DIRECTION('',(-1.E0,0.E0,0.E0));
#3712=DIRECTION('',(0.E0,-1.E0,0.E0));
#3713=AXIS2_PLACEMENT_3D('',#3710,#3711,#3712);
#3715=CARTESIAN_POINT('',(7.85E-1,2.547E0,7.197E0));
#3716=DIRECTION('',(-1.E0,0.E0,0.E0));
#3717=DIRECTION('',(0.E0,0.E0,1.E0));
#3718=AXIS2_PLACEMENT_3D('',#3715,#3716,#3717);
#3720=DIRECTION('',(0.E0,-1.799415772651E-14,-1.E0));
#3721=VECTOR('',#3720,2.221166975080E0);
#3722=CARTESIAN_POINT('',(7.85E-1,3.05E0,7.197E0));
#3723=LINE('',#3722,#3721);
#3724=DIRECTION('',(0.E0,4.999999999999E-1,-8.660254037845E-1));
#3725=VECTOR('',#3724,1.E0);
#3726=CARTESIAN_POINT('',(7.85E-1,3.05E0,4.975833024920E0));
#3727=LINE('',#3726,#3725);
#3728=CARTESIAN_POINT('',(7.850000000004E-1,3.2E0,7.8E0));
#3729=DIRECTION('',(1.E0,0.E0,0.E0));
#3730=DIRECTION('',(0.E0,9.999999999816E-1,-6.066754570954E-6));
#3731=AXIS2_PLACEMENT_3D('',#3728,#3729,#3730);
#3733=DIRECTION('',(0.E0,0.E0,-1.E0));
#3734=VECTOR('',#3733,7.15E0);
#3735=CARTESIAN_POINT('',(7.85E-1,1.494E0,8.15E0));
#3736=LINE('',#3735,#3734);
#3737=DIRECTION('',(0.E0,-1.E0,0.E0));
#3738=VECTOR('',#3737,3.56E-1);
#3739=CARTESIAN_POINT('',(2.35E-1,2.7E0,1.875E0));
#3740=LINE('',#3739,#3738);
#3741=DIRECTION('',(-1.E0,0.E0,0.E0));
#3742=VECTOR('',#3741,5.5E-1);
#3743=CARTESIAN_POINT('',(7.85E-1,2.344E0,1.875E0));
#3744=LINE('',#3743,#3742);
#3745=DIRECTION('',(0.E0,7.071067811865E-1,-7.071067811865E-1));
#3746=VECTOR('',#3745,4.242640687119E-1);
#3747=CARTESIAN_POINT('',(2.35E-1,2.044E0,2.175E0));
#3748=LINE('',#3747,#3746);
#3749=DIRECTION('',(0.E0,-1.E0,-4.408594701421E-13));
#3750=VECTOR('',#3749,5.5E-1);
#3751=CARTESIAN_POINT('',(2.35E-1,2.044E0,1.199902139101E0));
#3752=LINE('',#3751,#3750);
#3753=CARTESIAN_POINT('',(2.349999999996E-1,3.2E0,7.8E0));
#3754=DIRECTION('',(-1.E0,0.E0,0.E0));
#3755=DIRECTION('',(0.E0,-6.066754587449E-6,9.999999999816E-1));
#3756=AXIS2_PLACEMENT_3D('',#3753,#3754,#3755);
#3758=DIRECTION('',(0.E0,-4.999999999999E-1,8.660254037845E-1));
#3759=VECTOR('',#3758,1.E0);
#3760=CARTESIAN_POINT('',(2.35E-1,3.55E0,4.109807621135E0));
#3761=LINE('',#3760,#3759);
#3762=CARTESIAN_POINT('',(2.35E-1,2.547E0,7.197E0));
#3763=DIRECTION('',(1.E0,0.E0,0.E0));
#3764=DIRECTION('',(0.E0,1.E0,0.E0));
#3765=AXIS2_PLACEMENT_3D('',#3762,#3763,#3764);
#3767=CARTESIAN_POINT('',(2.35E-1,2.547E0,7.197E0));
#3768=DIRECTION('',(1.E0,0.E0,0.E0));
#3769=DIRECTION('',(0.E0,0.E0,1.E0));
#3770=AXIS2_PLACEMENT_3D('',#3767,#3768,#3769);
#3772=DIRECTION('',(-1.E0,0.E0,0.E0));
#3773=VECTOR('',#3772,5.5E-1);
#3774=CARTESIAN_POINT('',(7.85E-1,2.044E0,2.175E0));
#3775=LINE('',#3774,#3773);
#3776=DIRECTION('',(0.E0,0.E0,1.E0));
#3777=VECTOR('',#3776,5.022E0);
#3778=CARTESIAN_POINT('',(2.35E-1,2.044E0,2.175E0));
#3779=LINE('',#3778,#3777);
#3780=DIRECTION('',(-1.E0,0.E0,0.E0));
#3781=VECTOR('',#3780,5.5E-1);
#3782=CARTESIAN_POINT('',(7.85E-1,2.044E0,7.197E0));
#3783=LINE('',#3782,#3781);
#3784=DIRECTION('',(1.E0,0.E0,0.E0));
#3785=VECTOR('',#3784,5.5E-1);
#3786=CARTESIAN_POINT('',(2.35E-1,3.05E0,7.197E0));
#3787=LINE('',#3786,#3785);
#3788=DIRECTION('',(0.E0,-1.799415772651E-14,-1.E0));
#3789=VECTOR('',#3788,2.221166975080E0);
#3790=CARTESIAN_POINT('',(2.35E-1,3.05E0,7.197E0));
#3791=LINE('',#3790,#3789);
#3792=DIRECTION('',(1.E0,0.E0,0.E0));
#3793=VECTOR('',#3792,5.5E-1);
#3794=CARTESIAN_POINT('',(2.35E-1,3.05E0,4.975833024920E0));
#3795=LINE('',#3794,#3793);
#3796=CARTESIAN_POINT('',(2.35E-1,3.55E0,4.109807621135E0));
#3797=CARTESIAN_POINT('',(2.35E-1,3.5875E0,4.044855715851E0));
#3798=CARTESIAN_POINT('',(2.165237978752E-1,3.634511898938E0,3.963428718331E0));
#3799=CARTESIAN_POINT('',(1.697732279702E-1,3.676761613985E0,3.890250065264E0));
#3800=CARTESIAN_POINT('',(1.300038231353E-1,3.694376911568E0,3.859739474860E0));
#3801=CARTESIAN_POINT('',(1.0375E-1,3.7E0,3.85E0));
#3802=CARTESIAN_POINT('',(8.5E-2,3.7E0,3.85E0));
#3804=CARTESIAN_POINT('',(9.35E-1,3.7E0,3.85E0));
#3805=CARTESIAN_POINT('',(9.1625E-1,3.7E0,3.85E0));
#3806=CARTESIAN_POINT('',(8.899961768647E-1,3.694376911568E0,3.859739474860E0));
#3807=CARTESIAN_POINT('',(8.502267720298E-1,3.676761613985E0,3.890250065264E0));
#3808=CARTESIAN_POINT('',(8.034762021248E-1,3.634511898938E0,3.963428718331E0));
#3809=CARTESIAN_POINT('',(7.85E-1,3.5875E0,4.044855715851E0));
#3810=CARTESIAN_POINT('',(7.85E-1,3.55E0,4.109807621135E0));
#3812=DIRECTION('',(-3.421505567403E-14,-3.045823166996E-8,1.E0));
#3813=VECTOR('',#3812,3.690191671129E0);
#3814=CARTESIAN_POINT('',(2.35E-1,3.55E0,4.109807621135E0));
#3815=LINE('',#3814,#3813);
#3816=DIRECTION('',(0.E0,0.E0,-1.E0));
#3817=VECTOR('',#3816,3.949999999902E0);
#3818=CARTESIAN_POINT('',(8.5E-2,3.7E0,7.799999999902E0));
#3819=LINE('',#3818,#3817);
#3820=CARTESIAN_POINT('',(8.5E-2,3.2E0,7.8E0));
#3821=DIRECTION('',(-1.E0,0.E0,0.E0));
#3822=DIRECTION('',(0.E0,-8.040004217946E-10,1.E0));
#3823=AXIS2_PLACEMENT_3D('',#3820,#3821,#3822);
#3825=CARTESIAN_POINT('',(8.5E-2,3.55E0,7.8E0));
#3826=DIRECTION('',(0.E0,0.E0,-1.E0));
#3827=DIRECTION('',(0.E0,1.E0,0.E0));
#3828=AXIS2_PLACEMENT_3D('',#3825,#3826,#3827);
#3830=CARTESIAN_POINT('',(8.5E-2,3.2E0,8.15E0));
#3831=DIRECTION('',(0.E0,-1.E0,0.E0));
#3832=DIRECTION('',(1.E0,0.E0,0.E0));
#3833=AXIS2_PLACEMENT_3D('',#3830,#3831,#3832);
#3835=DIRECTION('',(-1.E0,0.E0,0.E0));
#3836=VECTOR('',#3835,1.7E-1);
#3837=CARTESIAN_POINT('',(8.5E-2,3.199999999799E0,8.3E0));
#3838=LINE('',#3837,#3836);
#3839=DIRECTION('',(1.E0,0.E0,0.E0));
#3840=VECTOR('',#3839,1.7E-1);
#3841=CARTESIAN_POINT('',(-8.5E-2,3.7E0,7.799999999902E0));
#3842=LINE('',#3841,#3840);
#3843=DIRECTION('',(-1.E0,0.E0,0.E0));
#3844=VECTOR('',#3843,1.7E-1);
#3845=CARTESIAN_POINT('',(8.5E-2,1.494E0,8.3E0));
#3846=LINE('',#3845,#3844);
#3847=DIRECTION('',(0.E0,1.E0,0.E0));
#3848=VECTOR('',#3847,1.705999999799E0);
#3849=CARTESIAN_POINT('',(8.5E-2,1.494E0,8.3E0));
#3850=LINE('',#3849,#3848);
#3851=DIRECTION('',(7.400947588424E-14,-1.E0,6.588318350024E-8));
#3852=VECTOR('',#3851,1.705999292212E0);
#3853=CARTESIAN_POINT('',(2.349999999999E-1,3.199999292212E0,8.149999887603E0));
#3854=LINE('',#3853,#3852);
#3855=DIRECTION('',(7.400947588199E-14,1.E0,-6.588318453949E-8));
#3856=VECTOR('',#3855,1.705999292264E0);
#3857=CARTESIAN_POINT('',(-2.35E-1,1.494E0,8.15E0));
#3858=LINE('',#3857,#3856);
#3859=DIRECTION('',(0.E0,-1.E0,0.E0));
#3860=VECTOR('',#3859,1.705999999799E0);
#3861=CARTESIAN_POINT('',(-8.5E-2,3.199999999799E0,8.3E0));
#3862=LINE('',#3861,#3860);
#3863=CARTESIAN_POINT('',(-8.5E-2,3.2E0,7.8E0));
#3864=DIRECTION('',(1.E0,0.E0,0.E0));
#3865=DIRECTION('',(0.E0,1.E0,0.E0));
#3866=AXIS2_PLACEMENT_3D('',#3863,#3864,#3865);
#3868=CARTESIAN_POINT('',(-8.5E-2,3.2E0,8.15E0));
#3869=DIRECTION('',(0.E0,-1.E0,0.E0));
#3870=DIRECTION('',(0.E0,0.E0,1.E0));
#3871=AXIS2_PLACEMENT_3D('',#3868,#3869,#3870);
#3873=CARTESIAN_POINT('',(-8.5E-2,3.55E0,7.8E0));
#3874=DIRECTION('',(0.E0,0.E0,-1.E0));
#3875=DIRECTION('',(-1.E0,0.E0,0.E0));
#3876=AXIS2_PLACEMENT_3D('',#3873,#3874,#3875);
#3878=DIRECTION('',(0.E0,0.E0,1.E0));
#3879=VECTOR('',#3878,3.949999999902E0);
#3880=CARTESIAN_POINT('',(-8.5E-2,3.7E0,3.85E0));
#3881=LINE('',#3880,#3879);
#3882=DIRECTION('',(-3.421505567451E-14,3.045823167039E-8,-1.E0));
#3883=VECTOR('',#3882,3.690191671077E0);
#3884=CARTESIAN_POINT('',(-2.349999999999E-1,3.549999887603E0,
7.799999292212E0));
#3885=LINE('',#3884,#3883);
#3886=CARTESIAN_POINT('',(-7.85E-1,3.55E0,4.109807621135E0));
#3887=CARTESIAN_POINT('',(-7.85E-1,3.5875E0,4.044855715851E0));
#3888=CARTESIAN_POINT('',(-8.034762021248E-1,3.634511898938E0,
3.963428718331E0));
#3889=CARTESIAN_POINT('',(-8.502267720298E-1,3.676761613985E0,
3.890250065264E0));
#3890=CARTESIAN_POINT('',(-8.899961768647E-1,3.694376911568E0,
3.859739474860E0));
#3891=CARTESIAN_POINT('',(-9.1625E-1,3.7E0,3.85E0));
#3892=CARTESIAN_POINT('',(-9.35E-1,3.7E0,3.85E0));
#3894=CARTESIAN_POINT('',(-8.5E-2,3.7E0,3.85E0));
#3895=CARTESIAN_POINT('',(-1.0375E-1,3.7E0,3.85E0));
#3896=CARTESIAN_POINT('',(-1.300038231353E-1,3.694376911568E0,
3.859739474860E0));
#3897=CARTESIAN_POINT('',(-1.697732279702E-1,3.676761613985E0,
3.890250065264E0));
#3898=CARTESIAN_POINT('',(-2.165237978752E-1,3.634511898938E0,
3.963428718331E0));
#3899=CARTESIAN_POINT('',(-2.35E-1,3.5875E0,4.044855715851E0));
#3900=CARTESIAN_POINT('',(-2.35E-1,3.55E0,4.109807621135E0));
#3902=DIRECTION('',(0.E0,-1.799415772651E-14,-1.E0));
#3903=VECTOR('',#3902,2.221166975080E0);
#3904=CARTESIAN_POINT('',(-7.85E-1,3.05E0,7.197E0));
#3905=LINE('',#3904,#3903);
#3906=DIRECTION('',(1.E0,0.E0,0.E0));
#3907=VECTOR('',#3906,5.5E-1);
#3908=CARTESIAN_POINT('',(-7.85E-1,3.05E0,4.975833024920E0));
#3909=LINE('',#3908,#3907);
#3910=DIRECTION('',(-1.E0,0.E0,0.E0));
#3911=VECTOR('',#3910,5.5E-1);
#3912=CARTESIAN_POINT('',(-2.35E-1,2.044E0,7.197E0));
#3913=LINE('',#3912,#3911);
#3914=DIRECTION('',(1.E0,0.E0,0.E0));
#3915=VECTOR('',#3914,5.5E-1);
#3916=CARTESIAN_POINT('',(-7.85E-1,3.05E0,7.197E0));
#3917=LINE('',#3916,#3915);
#3918=DIRECTION('',(0.E0,0.E0,1.E0));
#3919=VECTOR('',#3918,3.197E0);
#3920=CARTESIAN_POINT('',(-7.85E-1,2.044E0,4.E0));
#3921=LINE('',#3920,#3919);
#3922=DIRECTION('',(1.E0,0.E0,0.E0));
#3923=VECTOR('',#3922,5.5E-1);
#3924=CARTESIAN_POINT('',(-7.85E-1,2.044E0,4.E0));
#3925=LINE('',#3924,#3923);
#3926=DIRECTION('',(0.E0,0.E0,1.E0));
#3927=VECTOR('',#3926,3.949999999902E0);
#3928=CARTESIAN_POINT('',(9.35E-1,3.7E0,3.85E0));
#3929=LINE('',#3928,#3927);
#3930=DIRECTION('',(-3.423762001107E-14,3.045823167039E-8,-1.E0));
#3931=VECTOR('',#3930,3.690191671077E0);
#3932=CARTESIAN_POINT('',(7.850000000001E-1,3.549999887603E0,7.799999292212E0));
#3933=LINE('',#3932,#3931);
#3934=CARTESIAN_POINT('',(9.35E-1,3.2E0,7.8E0));
#3935=DIRECTION('',(1.E0,0.E0,0.E0));
#3936=DIRECTION('',(0.E0,1.E0,0.E0));
#3937=AXIS2_PLACEMENT_3D('',#3934,#3935,#3936);
#3939=CARTESIAN_POINT('',(9.35E-1,3.2E0,8.15E0));
#3940=DIRECTION('',(0.E0,-1.E0,0.E0));
#3941=DIRECTION('',(0.E0,0.E0,1.E0));
#3942=AXIS2_PLACEMENT_3D('',#3939,#3940,#3941);
#3944=CARTESIAN_POINT('',(9.35E-1,3.55E0,7.8E0));
#3945=DIRECTION('',(0.E0,0.E0,-1.E0));
#3946=DIRECTION('',(-1.E0,0.E0,0.E0));
#3947=AXIS2_PLACEMENT_3D('',#3944,#3945,#3946);
#3949=DIRECTION('',(-1.E0,0.E0,0.E0));
#3950=VECTOR('',#3949,1.7E-1);
#3951=CARTESIAN_POINT('',(1.105E0,3.199999999799E0,8.3E0));
#3952=LINE('',#3951,#3950);
#3953=DIRECTION('',(1.E0,0.E0,0.E0));
#3954=VECTOR('',#3953,1.7E-1);
#3955=CARTESIAN_POINT('',(9.35E-1,3.7E0,7.799999999902E0));
#3956=LINE('',#3955,#3954);
#3957=CARTESIAN_POINT('',(1.105E0,3.2E0,7.8E0));
#3958=DIRECTION('',(-1.E0,0.E0,0.E0));
#3959=DIRECTION('',(0.E0,-8.040004217946E-10,1.E0));
#3960=AXIS2_PLACEMENT_3D('',#3957,#3958,#3959);
#3962=CARTESIAN_POINT('',(1.105E0,3.55E0,7.8E0));
#3963=DIRECTION('',(0.E0,0.E0,-1.E0));
#3964=DIRECTION('',(0.E0,1.E0,0.E0));
#3965=AXIS2_PLACEMENT_3D('',#3962,#3963,#3964);
#3967=CARTESIAN_POINT('',(1.105E0,3.2E0,8.15E0));
#3968=DIRECTION('',(0.E0,-1.E0,0.E0));
#3969=DIRECTION('',(1.E0,0.E0,0.E0));
#3970=AXIS2_PLACEMENT_3D('',#3967,#3968,#3969);
#3972=DIRECTION('',(-3.417744844642E-14,-3.045823166996E-8,1.E0));
#3973=VECTOR('',#3972,3.690191671129E0);
#3974=CARTESIAN_POINT('',(1.255E0,3.55E0,4.109807621135E0));
#3975=LINE('',#3974,#3973);
#3976=DIRECTION('',(0.E0,0.E0,-1.E0));
#3977=VECTOR('',#3976,3.949999999902E0);
#3978=CARTESIAN_POINT('',(1.105E0,3.7E0,7.799999999902E0));
#3979=LINE('',#3978,#3977);
#3980=CARTESIAN_POINT('',(1.255E0,3.55E0,4.109807621135E0));
#3981=CARTESIAN_POINT('',(1.255E0,3.5875E0,4.044855715851E0));
#3982=CARTESIAN_POINT('',(1.236523797875E0,3.634511898938E0,3.963428718331E0));
#3983=CARTESIAN_POINT('',(1.189773227970E0,3.676761613985E0,3.890250065264E0));
#3984=CARTESIAN_POINT('',(1.150003823135E0,3.694376911568E0,3.859739474860E0));
#3985=CARTESIAN_POINT('',(1.12375E0,3.7E0,3.85E0));
#3986=CARTESIAN_POINT('',(1.105E0,3.7E0,3.85E0));
#3988=CARTESIAN_POINT('',(1.955E0,3.7E0,3.85E0));
#3989=CARTESIAN_POINT('',(1.93625E0,3.7E0,3.85E0));
#3990=CARTESIAN_POINT('',(1.909996176865E0,3.694376911568E0,3.859739474860E0));
#3991=CARTESIAN_POINT('',(1.870226772030E0,3.676761613985E0,3.890250065264E0));
#3992=CARTESIAN_POINT('',(1.823476202125E0,3.634511898938E0,3.963428718331E0));
#3993=CARTESIAN_POINT('',(1.805E0,3.5875E0,4.044855715851E0));
#3994=CARTESIAN_POINT('',(1.805E0,3.55E0,4.109807621135E0));
#3996=DIRECTION('',(0.E0,0.E0,1.E0));
#3997=VECTOR('',#3996,3.949999999902E0);
#3998=CARTESIAN_POINT('',(1.955E0,3.7E0,3.85E0));
#3999=LINE('',#3998,#3997);
#4000=DIRECTION('',(-3.423762001107E-14,3.045823167039E-8,-1.E0));
#4001=VECTOR('',#4000,3.690191671077E0);
#4002=CARTESIAN_POINT('',(1.805E0,3.549999887603E0,7.799999292212E0));
#4003=LINE('',#4002,#4001);
#4004=CARTESIAN_POINT('',(1.955E0,3.2E0,7.8E0));
#4005=DIRECTION('',(1.E0,0.E0,0.E0));
#4006=DIRECTION('',(0.E0,1.E0,0.E0));
#4007=AXIS2_PLACEMENT_3D('',#4004,#4005,#4006);
#4009=CARTESIAN_POINT('',(1.955E0,3.2E0,8.15E0));
#4010=DIRECTION('',(0.E0,-1.E0,0.E0));
#4011=DIRECTION('',(0.E0,0.E0,1.E0));
#4012=AXIS2_PLACEMENT_3D('',#4009,#4010,#4011);
#4014=CARTESIAN_POINT('',(1.955E0,3.55E0,7.8E0));
#4015=DIRECTION('',(0.E0,0.E0,-1.E0));
#4016=DIRECTION('',(-1.E0,0.E0,0.E0));
#4017=AXIS2_PLACEMENT_3D('',#4014,#4015,#4016);
#4019=DIRECTION('',(0.E0,-1.799415772651E-14,-1.E0));
#4020=VECTOR('',#4019,2.221166975080E0);
#4021=CARTESIAN_POINT('',(1.255E0,3.05E0,7.197E0));
#4022=LINE('',#4021,#4020);
#4023=DIRECTION('',(1.E0,0.E0,0.E0));
#4024=VECTOR('',#4023,5.5E-1);
#4025=CARTESIAN_POINT('',(1.255E0,3.05E0,4.975833024920E0));
#4026=LINE('',#4025,#4024);
#4027=DIRECTION('',(-1.E0,0.E0,0.E0));
#4028=VECTOR('',#4027,5.5E-1);
#4029=CARTESIAN_POINT('',(1.805E0,2.044E0,7.197E0));
#4030=LINE('',#4029,#4028);
#4031=DIRECTION('',(1.E0,0.E0,0.E0));
#4032=VECTOR('',#4031,5.5E-1);
#4033=CARTESIAN_POINT('',(1.255E0,3.05E0,7.197E0));
#4034=LINE('',#4033,#4032);
#4035=DIRECTION('',(0.E0,0.E0,1.E0));
#4036=VECTOR('',#4035,3.197E0);
#4037=CARTESIAN_POINT('',(1.255E0,2.044E0,4.E0));
#4038=LINE('',#4037,#4036);
#4039=DIRECTION('',(1.E0,0.E0,0.E0));
#4040=VECTOR('',#4039,5.5E-1);
#4041=CARTESIAN_POINT('',(1.255E0,2.044E0,4.E0));
#4042=LINE('',#4041,#4040);
#4043=DIRECTION('',(4.996200259729E-2,0.E0,9.987511192967E-1));
#4044=VECTOR('',#4043,2.001521052029E-1);
#4045=CARTESIAN_POINT('',(2.25E-1,2.044E0,1.E0));
#4046=LINE('',#4045,#4044);
#4047=DIRECTION('',(-5.998139249472E-14,0.E0,-1.E0));
#4048=VECTOR('',#4047,1.999021391010E-1);
#4049=CARTESIAN_POINT('',(2.35E-1,2.044E0,1.199902139101E0));
#4050=LINE('',#4049,#4048);
#4051=DIRECTION('',(0.E0,1.E0,0.E0));
#4052=VECTOR('',#4051,1.194E0);
#4053=CARTESIAN_POINT('',(2.687714175514E-1,3.E-1,1.875E0));
#4054=LINE('',#4053,#4052);
#4055=DIRECTION('',(0.E0,0.E0,1.E0));
#4056=VECTOR('',#4055,2.85E-1);
#4057=CARTESIAN_POINT('',(2.687714175514E-1,3.E-1,1.875E0));
#4058=LINE('',#4057,#4056);
#4059=DIRECTION('',(0.E0,-1.E0,0.E0));
#4060=VECTOR('',#4059,1.194E0);
#4061=CARTESIAN_POINT('',(2.687714175514E-1,1.494E0,2.16E0));
#4062=LINE('',#4061,#4060);
#4063=DIRECTION('',(0.E0,1.E0,0.E0));
#4064=VECTOR('',#4063,1.194E0);
#4065=CARTESIAN_POINT('',(7.387714175514E-1,3.E-1,2.16E0));
#4066=LINE('',#4065,#4064);
#4067=DIRECTION('',(-4.090295353879E-14,0.E0,-1.E0));
#4068=VECTOR('',#4067,2.850000000002E-1);
#4069=CARTESIAN_POINT('',(7.387714175514E-1,3.E-1,2.16E0));
#4070=LINE('',#4069,#4068);
#4071=DIRECTION('',(0.E0,1.E0,0.E0));
#4072=VECTOR('',#4071,1.194E0);
#4073=CARTESIAN_POINT('',(7.387714175514E-1,3.E-1,1.875E0));
#4074=LINE('',#4073,#4072);
#4075=DIRECTION('',(0.E0,1.E0,0.E0));
#4076=VECTOR('',#4075,1.194E0);
#4077=CARTESIAN_POINT('',(7.85E-1,3.E-1,1.E0));
#4078=LINE('',#4077,#4076);
#4079=DIRECTION('',(0.E0,1.E0,1.123551032124E-13));
#4080=VECTOR('',#4079,1.666E0);
#4081=CARTESIAN_POINT('',(1.255E0,1.034E0,9.999999999998E-1));
#4082=LINE('',#4081,#4080);
#4083=DIRECTION('',(-1.E0,0.E0,0.E0));
#4084=VECTOR('',#4083,4.7E-1);
#4085=CARTESIAN_POINT('',(1.255E0,2.7E0,1.E0));
#4086=LINE('',#4085,#4084);
#4087=DIRECTION('',(0.E0,-1.E0,0.E0));
#4088=VECTOR('',#4087,1.206E0);
#4089=CARTESIAN_POINT('',(7.85E-1,2.7E0,1.E0));
#4090=LINE('',#4089,#4088);
#4091=DIRECTION('',(1.E0,0.E0,0.E0));
#4092=VECTOR('',#4091,4.7E-1);
#4093=CARTESIAN_POINT('',(7.85E-1,3.E-1,1.E0));
#4094=LINE('',#4093,#4092);
#4095=DIRECTION('',(0.E0,1.E0,-2.532034527551E-13));
#4096=VECTOR('',#4095,7.34E-1);
#4097=CARTESIAN_POINT('',(1.255E0,3.E-1,1.E0));
#4098=LINE('',#4097,#4096);
#4099=DIRECTION('',(0.E0,1.E0,0.E0));
#4100=VECTOR('',#4099,7.34E-1);
#4101=CARTESIAN_POINT('',(1.295E0,3.E-1,4.415E0));
#4102=LINE('',#4101,#4100);
#4103=DIRECTION('',(0.E0,0.E0,1.E0));
#4104=VECTOR('',#4103,2.85E-1);
#4105=CARTESIAN_POINT('',(1.295E0,3.E-1,4.415E0));
#4106=LINE('',#4105,#4104);
#4107=DIRECTION('',(0.E0,0.E0,-1.E0));
#4108=VECTOR('',#4107,2.849999999998E-1);
#4109=CARTESIAN_POINT('',(1.765E0,3.E-1,4.7E0));
#4110=LINE('',#4109,#4108);
#4111=DIRECTION('',(0.E0,1.E0,0.E0));
#4112=VECTOR('',#4111,7.34E-1);
#4113=CARTESIAN_POINT('',(1.765E0,3.E-1,4.415E0));
#4114=LINE('',#4113,#4112);
#4115=DIRECTION('',(0.E0,1.E0,0.E0));
#4116=VECTOR('',#4115,7.34E-1);
#4117=CARTESIAN_POINT('',(1.805E0,3.E-1,1.E0));
#4118=LINE('',#4117,#4116);
#4119=DIRECTION('',(1.E0,0.E0,1.255034723490E-14));
#4120=VECTOR('',#4119,4.599999999998E-1);
#4121=CARTESIAN_POINT('',(1.805E0,3.E-1,1.E0));
#4122=LINE('',#4121,#4120);
#4123=DIRECTION('',(6.951625819327E-14,1.E0,0.E0));
#4124=VECTOR('',#4123,1.744E0);
#4125=CARTESIAN_POINT('',(2.265E0,3.E-1,1.E0));
#4126=LINE('',#4125,#4124);
#4127=DIRECTION('',(1.E0,0.E0,-5.773159727981E-13));
#4128=VECTOR('',#4127,1.000000000012E-2);
#4129=CARTESIAN_POINT('',(2.265E0,2.044E0,1.E0));
#4130=LINE('',#4129,#4128);
#4131=DIRECTION('',(0.E0,1.E0,0.E0));
#4132=VECTOR('',#4131,6.56E-1);
#4133=CARTESIAN_POINT('',(2.275E0,2.044E0,1.E0));
#4134=LINE('',#4133,#4132);
#4135=DIRECTION('',(-1.E0,0.E0,0.E0));
#4136=VECTOR('',#4135,4.7E-1);
#4137=CARTESIAN_POINT('',(2.275E0,2.7E0,1.E0));
#4138=LINE('',#4137,#4136);
#4139=DIRECTION('',(0.E0,-1.E0,0.E0));
#4140=VECTOR('',#4139,1.666E0);
#4141=CARTESIAN_POINT('',(1.805E0,2.7E0,1.E0));
#4142=LINE('',#4141,#4140);
#4143=DIRECTION('',(0.E0,1.E0,0.E0));
#4144=VECTOR('',#4143,1.194E0);
#4145=CARTESIAN_POINT('',(2.308771417551E0,3.E-1,1.875E0));
#4146=LINE('',#4145,#4144);
#4147=DIRECTION('',(4.996200259729E-2,0.E0,9.987511192967E-1));
#4148=VECTOR('',#4147,2.001521052029E-1);
#4149=CARTESIAN_POINT('',(2.265E0,2.044E0,1.E0));
#4150=LINE('',#4149,#4148);
#4151=DIRECTION('',(6.064785241133E-13,0.E0,-1.E0));
#4152=VECTOR('',#4151,1.999021391010E-1);
#4153=CARTESIAN_POINT('',(2.275E0,2.044E0,1.199902139101E0));
#4154=LINE('',#4153,#4152);
#4155=DIRECTION('',(0.E0,0.E0,1.E0));
#4156=VECTOR('',#4155,2.85E-1);
#4157=CARTESIAN_POINT('',(2.308771417551E0,3.E-1,1.875E0));
#4158=LINE('',#4157,#4156);
#4159=DIRECTION('',(0.E0,-1.E0,0.E0));
#4160=VECTOR('',#4159,1.194E0);
#4161=CARTESIAN_POINT('',(2.308771417551E0,1.494E0,2.16E0));
#4162=LINE('',#4161,#4160);
#4163=DIRECTION('',(0.E0,1.E0,0.E0));
#4164=VECTOR('',#4163,1.194E0);
#4165=CARTESIAN_POINT('',(2.778771417551E0,3.E-1,2.16E0));
#4166=LINE('',#4165,#4164);
#4167=DIRECTION('',(4.285071323149E-13,0.E0,-1.E0));
#4168=VECTOR('',#4167,2.849999999977E-1);
#4169=CARTESIAN_POINT('',(2.778771417551E0,3.E-1,2.16E0));
#4170=LINE('',#4169,#4168);
#4171=DIRECTION('',(0.E0,1.E0,0.E0));
#4172=VECTOR('',#4171,1.194E0);
#4173=CARTESIAN_POINT('',(2.778771417551E0,3.E-1,1.875000000002E0));
#4174=LINE('',#4173,#4172);
#4175=DIRECTION('',(0.E0,1.E0,0.E0));
#4176=VECTOR('',#4175,1.194E0);
#4177=CARTESIAN_POINT('',(2.825E0,3.E-1,1.E0));
#4178=LINE('',#4177,#4176);
#4179=DIRECTION('',(0.E0,1.E0,0.E0));
#4180=VECTOR('',#4179,1.705999999799E0);
#4181=CARTESIAN_POINT('',(-9.35E-1,1.494E0,8.3E0));
#4182=LINE('',#4181,#4180);
#4183=DIRECTION('',(7.392812891141E-14,-1.E0,6.588318350024E-8));
#4184=VECTOR('',#4183,1.705999292212E0);
#4185=CARTESIAN_POINT('',(-7.850000000001E-1,3.199999292212E0,
8.149999887603E0));
#4186=LINE('',#4185,#4184);
#4187=DIRECTION('',(-1.E0,0.E0,0.E0));
#4188=VECTOR('',#4187,1.7E-1);
#4189=CARTESIAN_POINT('',(-9.35E-1,1.494E0,8.3E0));
#4190=LINE('',#4189,#4188);
#4191=DIRECTION('',(7.392812890916E-14,1.E0,-6.588318453949E-8));
#4192=VECTOR('',#4191,1.705999292264E0);
#4193=CARTESIAN_POINT('',(-1.255E0,1.494E0,8.15E0));
#4194=LINE('',#4193,#4192);
#4195=DIRECTION('',(0.E0,-1.E0,0.E0));
#4196=VECTOR('',#4195,1.705999999799E0);
#4197=CARTESIAN_POINT('',(-1.105E0,3.199999999799E0,8.3E0));
#4198=LINE('',#4197,#4196);
#4199=DIRECTION('',(0.E0,1.E0,0.E0));
#4200=VECTOR('',#4199,1.705999999799E0);
#4201=CARTESIAN_POINT('',(-1.955E0,1.494E0,8.3E0));
#4202=LINE('',#4201,#4200);
#4203=DIRECTION('',(7.405828406794E-14,-1.E0,6.588318350024E-8));
#4204=VECTOR('',#4203,1.705999292212E0);
#4205=CARTESIAN_POINT('',(-1.805E0,3.199999292212E0,8.149999887603E0));
#4206=LINE('',#4205,#4204);
#4207=DIRECTION('',(-1.E0,0.E0,0.E0));
#4208=VECTOR('',#4207,1.7E-1);
#4209=CARTESIAN_POINT('',(-1.955E0,1.494E0,8.3E0));
#4210=LINE('',#4209,#4208);
#4211=DIRECTION('',(7.418843922222E-14,1.E0,-6.588318453949E-8));
#4212=VECTOR('',#4211,1.705999292264E0);
#4213=CARTESIAN_POINT('',(-2.275E0,1.494E0,8.15E0));
#4214=LINE('',#4213,#4212);
#4215=DIRECTION('',(0.E0,-1.E0,0.E0));
#4216=VECTOR('',#4215,1.705999999799E0);
#4217=CARTESIAN_POINT('',(-2.125E0,3.199999999799E0,8.3E0));
#4218=LINE('',#4217,#4216);
#4219=DIRECTION('',(0.E0,0.E0,1.E0));
#4220=VECTOR('',#4219,9.8E0);
#4221=CARTESIAN_POINT('',(3.35E0,1.053E1,2.7E0));
#4222=LINE('',#4221,#4220);
#4223=DIRECTION('',(0.E0,1.E0,0.E0));
#4224=VECTOR('',#4223,8.E-1);
#4225=CARTESIAN_POINT('',(3.35E0,9.73E0,2.7E0));
#4226=LINE('',#4225,#4224);
#4227=DIRECTION('',(1.E0,0.E0,0.E0));
#4228=VECTOR('',#4227,1.59E0);
#4229=CARTESIAN_POINT('',(3.35E0,1.053E1,2.7E0));
#4230=LINE('',#4229,#4228);
#4231=DIRECTION('',(-3.467060492399E-14,0.E0,1.E0));
#4232=VECTOR('',#4231,2.049409686730E-1);
#4233=CARTESIAN_POINT('',(-6.248771417551E0,-1.7E0,8.019803902719E0));
#4234=LINE('',#4233,#4232);
#4235=CARTESIAN_POINT('',(-5.998771417551E0,-1.7E0,7.E0));
#4236=DIRECTION('',(0.E0,-1.E0,0.E0));
#4237=DIRECTION('',(-2.E-1,0.E0,9.797958971133E-1));
#4238=AXIS2_PLACEMENT_3D('',#4235,#4236,#4237);
#4240=CARTESIAN_POINT('',(-5.998771417551E0,-1.7E0,7.E0));
#4241=DIRECTION('',(0.E0,-1.E0,0.E0));
#4242=DIRECTION('',(-1.E0,0.E0,0.E0));
#4243=AXIS2_PLACEMENT_3D('',#4240,#4241,#4242);
#4245=DIRECTION('',(3.467060492398E-14,0.E0,1.E0));
#4246=VECTOR('',#4245,2.049409686730E-1);
#4247=CARTESIAN_POINT('',(-6.248771417551E0,-1.7E0,5.775255128608E0));
#4248=LINE('',#4247,#4246);
#4249=CARTESIAN_POINT('',(-5.998771417551E0,-1.7E0,7.E0));
#4250=DIRECTION('',(0.E0,1.E0,0.E0));
#4251=DIRECTION('',(-2.380952380952E-1,0.E0,-9.712418121129E-1));
#4252=AXIS2_PLACEMENT_3D('',#4249,#4250,#4251);
#4254=CARTESIAN_POINT('',(-5.998771417551E0,-1.7E0,7.E0));
#4255=DIRECTION('',(0.E0,1.E0,0.E0));
#4256=DIRECTION('',(-1.E0,0.E0,0.E0));
#4257=AXIS2_PLACEMENT_3D('',#4254,#4255,#4256);
#4259=DIRECTION('',(-1.243449787580E-13,1.E0,3.996802888651E-14));
#4260=VECTOR('',#4259,2.E-1);
#4261=CARTESIAN_POINT('',(-6.248771417551E0,-1.9E0,5.775255128608E0));
#4262=LINE('',#4261,#4260);
#4263=DIRECTION('',(1.332267629550E-13,-1.E0,5.329070518201E-14));
#4264=VECTOR('',#4263,2.E-1);
#4265=CARTESIAN_POINT('',(-6.248771417551E0,-1.7E0,8.224744871392E0));
#4266=LINE('',#4265,#4264);
#4267=CARTESIAN_POINT('',(-6.248771417551E0,-3.4E0,6.031754163448E0));
#4268=CARTESIAN_POINT('',(-6.248771417551E0,-3.233204609494E0,
6.003043240352E0));
#4269=CARTESIAN_POINT('',(-6.248771417551E0,-2.899689866859E0,
5.945818881083E0));
#4270=CARTESIAN_POINT('',(-6.248771417551E0,-2.399684476616E0,
5.860348544893E0));
#4271=CARTESIAN_POINT('',(-6.248771417551E0,-2.066531141665E0,
5.803582651064E0));
#4272=CARTESIAN_POINT('',(-6.248771417551E0,-1.9E0,5.775255128608E0));
#4274=CARTESIAN_POINT('',(-5.998771417551E0,-1.9E0,7.E0));
#4275=DIRECTION('',(0.E0,1.E0,0.E0));
#4276=DIRECTION('',(-1.999999999999E-1,0.E0,-9.797958971133E-1));
#4277=AXIS2_PLACEMENT_3D('',#4274,#4275,#4276);
#4279=CARTESIAN_POINT('',(-5.998771417551E0,-1.9E0,7.E0));
#4280=DIRECTION('',(0.E0,1.E0,0.E0));
#4281=DIRECTION('',(-1.E0,0.E0,0.E0));
#4282=AXIS2_PLACEMENT_3D('',#4279,#4280,#4281);
#4284=CARTESIAN_POINT('',(-6.248771417551E0,-1.9E0,8.224744871392E0));
#4285=CARTESIAN_POINT('',(-6.248771417551E0,-2.066531141685E0,
8.196417348933E0));
#4286=CARTESIAN_POINT('',(-6.248771417551E0,-2.399684476663E0,
8.139651455099E0));
#4287=CARTESIAN_POINT('',(-6.248771417551E0,-2.899689866905E0,
8.054181118909E0));
#4288=CARTESIAN_POINT('',(-6.248771417551E0,-3.233204609514E0,
7.996956759644E0));
#4289=CARTESIAN_POINT('',(-6.248771417551E0,-3.4E0,7.968245836552E0));
#4291=CARTESIAN_POINT('',(-5.998771417551E0,-3.4E0,7.E0));
#4292=DIRECTION('',(0.E0,1.E0,0.E0));
#4293=DIRECTION('',(-2.5E-1,0.E0,-9.682458365519E-1));
#4294=AXIS2_PLACEMENT_3D('',#4291,#4292,#4293);
#4296=CARTESIAN_POINT('',(-5.998771417551E0,-3.4E0,7.E0));
#4297=DIRECTION('',(0.E0,1.E0,0.E0));
#4298=DIRECTION('',(-1.E0,0.E0,0.E0));
#4299=AXIS2_PLACEMENT_3D('',#4296,#4297,#4298);
#4301=DIRECTION('',(-1.287858708565E-13,-1.E0,-5.329070518201E-14));
#4302=VECTOR('',#4301,2.E-1);
#4303=CARTESIAN_POINT('',(-5.748771417551E0,-1.7E0,5.775255128608E0));
#4304=LINE('',#4303,#4302);
#4305=DIRECTION('',(1.287858708565E-13,1.E0,-4.440892098501E-14));
#4306=VECTOR('',#4305,2.E-1);
#4307=CARTESIAN_POINT('',(-5.748771417551E0,-1.9E0,8.224744871392E0));
#4308=LINE('',#4307,#4306);
#4309=CARTESIAN_POINT('',(-5.998771417551E0,-1.9E0,7.E0));
#4310=DIRECTION('',(0.E0,1.E0,0.E0));
#4311=DIRECTION('',(1.999999999999E-1,0.E0,9.797958971133E-1));
#4312=AXIS2_PLACEMENT_3D('',#4309,#4310,#4311);
#4314=CARTESIAN_POINT('',(-5.998771417551E0,-1.9E0,7.E0));
#4315=DIRECTION('',(0.E0,1.E0,0.E0));
#4316=DIRECTION('',(1.E0,0.E0,0.E0));
#4317=AXIS2_PLACEMENT_3D('',#4314,#4315,#4316);
#4319=CARTESIAN_POINT('',(-5.748771417551E0,-1.9E0,5.775255128608E0));
#4320=CARTESIAN_POINT('',(-5.748771417551E0,-2.066531141685E0,
5.803582651067E0));
#4321=CARTESIAN_POINT('',(-5.748771417551E0,-2.399684476663E0,
5.860348544901E0));
#4322=CARTESIAN_POINT('',(-5.748771417551E0,-2.899689866905E0,
5.945818881091E0));
#4323=CARTESIAN_POINT('',(-5.748771417551E0,-3.233204609514E0,
6.003043240356E0));
#4324=CARTESIAN_POINT('',(-5.748771417551E0,-3.4E0,6.031754163448E0));
#4326=CARTESIAN_POINT('',(-5.748771417551E0,-3.4E0,7.968245836552E0));
#4327=CARTESIAN_POINT('',(-5.748771417551E0,-3.233204609494E0,
7.996956759648E0));
#4328=CARTESIAN_POINT('',(-5.748771417551E0,-2.899689866859E0,
8.054181118917E0));
#4329=CARTESIAN_POINT('',(-5.748771417551E0,-2.399684476616E0,
8.139651455107E0));
#4330=CARTESIAN_POINT('',(-5.748771417551E0,-2.066531141665E0,
8.196417348936E0));
#4331=CARTESIAN_POINT('',(-5.748771417551E0,-1.9E0,8.224744871392E0));
#4333=DIRECTION('',(0.E0,0.E0,1.E0));
#4334=VECTOR('',#4333,1.936491673104E0);
#4335=CARTESIAN_POINT('',(-5.748771417551E0,-3.4E0,6.031754163448E0));
#4336=LINE('',#4335,#4334);
#4337=CARTESIAN_POINT('',(-5.998771417551E0,-3.4E0,7.E0));
#4338=DIRECTION('',(0.E0,1.E0,0.E0));
#4339=DIRECTION('',(2.5E-1,0.E0,9.682458365519E-1));
#4340=AXIS2_PLACEMENT_3D('',#4337,#4338,#4339);
#4342=CARTESIAN_POINT('',(-5.998771417551E0,-3.4E0,7.E0));
#4343=DIRECTION('',(0.E0,1.E0,0.E0));
#4344=DIRECTION('',(1.E0,0.E0,0.E0));
#4345=AXIS2_PLACEMENT_3D('',#4342,#4343,#4344);
#4347=DIRECTION('',(0.E0,0.E0,1.E0));
#4348=VECTOR('',#4347,5.E-2);
#4349=CARTESIAN_POINT('',(5.137999577752E0,6.431446952045E0,-5.E-2));
#4350=LINE('',#4349,#4348);
#4351=DIRECTION('',(-1.776356839400E-14,1.776356839400E-14,1.E0));
#4352=VECTOR('',#4351,5.E-2);
#4353=CARTESIAN_POINT('',(5.210344166733E0,6.473870646210E0,-5.E-2));
#4354=LINE('',#4353,#4352);
#4355=DIRECTION('',(0.E0,1.776356839400E-14,-1.E0));
#4356=VECTOR('',#4355,5.E-2);
#4357=CARTESIAN_POINT('',(5.238492619036E0,7.125561527210E0,0.E0));
#4358=LINE('',#4357,#4356);
#4359=DIRECTION('',(0.E0,0.E0,1.E0));
#4360=VECTOR('',#4359,5.E-2);
#4361=CARTESIAN_POINT('',(5.371072759806E0,6.938027577206E0,-5.E-2));
#4362=LINE('',#4361,#4360);
#4363=DIRECTION('',(-1.E0,-2.092376912575E-13,0.E0));
#4364=VECTOR('',#4363,7.937832017057E-1);
#4365=CARTESIAN_POINT('',(5.238492619036E0,7.125561527210E0,0.E0));
#4366=LINE('',#4365,#4364);
#4367=DIRECTION('',(0.E0,0.E0,1.E0));
#4368=VECTOR('',#4367,5.E-2);
#4369=CARTESIAN_POINT('',(4.444709417331E0,7.125561527210E0,-5.E-2));
#4370=LINE('',#4369,#4368);
#4371=DIRECTION('',(-1.E0,4.937017922010E-13,0.E0));
#4372=VECTOR('',#4371,1.996910000006E-1);
#4373=CARTESIAN_POINT('',(4.172732773440E0,6.351750261796E0,0.E0));
#4374=LINE('',#4373,#4372);
#4375=DIRECTION('',(0.E0,0.E0,1.E0));
#4376=VECTOR('',#4375,5.E-2);
#4377=CARTESIAN_POINT('',(4.172732773440E0,6.351750261796E0,-5.E-2));
#4378=LINE('',#4377,#4376);
#4379=DIRECTION('',(0.E0,0.E0,1.E0));
#4380=VECTOR('',#4379,5.E-2);
#4381=CARTESIAN_POINT('',(3.973041773439E0,6.351750261796E0,-5.E-2));
#4382=LINE('',#4381,#4380);
#4383=DIRECTION('',(-1.E0,5.247610719791E-14,0.E0));
#4384=VECTOR('',#4383,3.385077389031E-1);
#4385=CARTESIAN_POINT('',(4.245018417330E0,7.125561527210E0,0.E0));
#4386=LINE('',#4385,#4384);
#4387=DIRECTION('',(0.E0,0.E0,1.E0));
#4388=VECTOR('',#4387,5.E-2);
#4389=CARTESIAN_POINT('',(4.245018417330E0,7.125561527210E0,-5.E-2));
#4390=LINE('',#4389,#4388);
#4391=DIRECTION('',(0.E0,0.E0,1.E0));
#4392=VECTOR('',#4391,5.E-2);
#4393=CARTESIAN_POINT('',(3.906510678427E0,7.125561527210E0,-5.E-2));
#4394=LINE('',#4393,#4392);
#4395=DIRECTION('',(0.E0,0.E0,-1.E0));
#4396=VECTOR('',#4395,5.E-2);
#4397=CARTESIAN_POINT('',(3.718019923597E0,6.011828414245E0,0.E0));
#4398=LINE('',#4397,#4396);
#4399=DIRECTION('',(0.E0,0.E0,1.E0));
#4400=VECTOR('',#4399,5.E-2);
#4401=CARTESIAN_POINT('',(3.585938788446E0,6.200749748879E0,-5.E-2));
#4402=LINE('',#4401,#4400);
#4403=DIRECTION('',(1.E0,1.322161099266E-13,0.E0));
#4404=VECTOR('',#4403,6.851978844312E-1);
#4405=CARTESIAN_POINT('',(3.718019923597E0,6.011828414245E0,0.E0));
#4406=LINE('',#4405,#4404);
#4407=DIRECTION('',(0.E0,0.E0,1.E0));
#4408=VECTOR('',#4407,5.E-2);
#4409=CARTESIAN_POINT('',(4.403217808028E0,6.011828414245E0,-5.E-2));
#4410=LINE('',#4409,#4408);
#4411=DIRECTION('',(1.E0,1.490107395735E-13,0.E0));
#4412=VECTOR('',#4411,5.364449435107E-2);
#4413=CARTESIAN_POINT('',(4.548447382742E0,6.424935055240E0,0.E0));
#4414=LINE('',#4413,#4412);
#4415=DIRECTION('',(0.E0,0.E0,1.E0));
#4416=VECTOR('',#4415,5.E-2);
#4417=CARTESIAN_POINT('',(4.548447382742E0,6.424935055240E0,-5.E-2));
#4418=LINE('',#4417,#4416);
#4419=DIRECTION('',(0.E0,-1.776356839400E-14,1.E0));
#4420=VECTOR('',#4419,5.E-2);
#4421=CARTESIAN_POINT('',(4.602091877093E0,6.424935055240E0,-5.E-2));
#4422=LINE('',#4421,#4420);
#4423=DIRECTION('',(1.E0,-1.414410005494E-13,0.E0));
#4424=VECTOR('',#4423,3.076953810866E-1);
#4425=CARTESIAN_POINT('',(4.694941313677E0,6.011828414245E0,0.E0));
#4426=LINE('',#4425,#4424);
#4427=DIRECTION('',(0.E0,0.E0,1.E0));
#4428=VECTOR('',#4427,5.E-2);
#4429=CARTESIAN_POINT('',(4.694941313677E0,6.011828414245E0,-5.E-2));
#4430=LINE('',#4429,#4428);
#4431=DIRECTION('',(0.E0,0.E0,1.E0));
#4432=VECTOR('',#4431,5.E-2);
#4433=CARTESIAN_POINT('',(5.002636694764E0,6.011828414245E0,-5.E-2));
#4434=LINE('',#4433,#4432);
#4435=DIRECTION('',(1.E0,6.066401893733E-14,0.E0));
#4436=VECTOR('',#4435,2.342550817460E-1);
#4437=CARTESIAN_POINT('',(4.903744496006E0,6.431446952045E0,0.E0));
#4438=LINE('',#4437,#4436);
#4439=DIRECTION('',(0.E0,0.E0,1.E0));
#4440=VECTOR('',#4439,5.E-2);
#4441=CARTESIAN_POINT('',(4.903744496006E0,6.431446952045E0,-5.E-2));
#4442=LINE('',#4441,#4440);
#4443=DIRECTION('',(8.626209830525E-1,5.058508076475E-1,0.E0));
#4444=VECTOR('',#4443,8.386602042246E-2);
#4445=CARTESIAN_POINT('',(5.137999577752E0,6.431446952045E0,-5.E-2));
#4446=LINE('',#4445,#4444);
#4447=DIRECTION('',(3.272176169917E-1,9.449490098044E-1,0.E0));
#4448=VECTOR('',#4447,4.911978595461E-1);
#4449=CARTESIAN_POINT('',(5.210344166733E0,6.473870646210E0,-5.E-2));
#4450=LINE('',#4449,#4448);
#4451=CARTESIAN_POINT('',(5.238492619036E0,6.984929721264E0,-5.E-2));
#4452=DIRECTION('',(0.E0,0.E0,1.E0));
#4453=DIRECTION('',(9.427464852400E-1,-3.335102165866E-1,0.E0));
#4454=AXIS2_PLACEMENT_3D('',#4451,#4452,#4453);
#4456=CARTESIAN_POINT('',(5.238492619036E0,6.984929721264E0,-5.E-2));
#4457=DIRECTION('',(0.E0,0.E0,1.E0));
#4458=DIRECTION('',(1.E0,0.E0,0.E0));
#4459=AXIS2_PLACEMENT_3D('',#4456,#4457,#4458);
#4461=DIRECTION('',(-1.E0,-2.081187731225E-13,0.E0));
#4462=VECTOR('',#4461,7.937832017057E-1);
#4463=CARTESIAN_POINT('',(5.238492619036E0,7.125561527210E0,-5.E-2));
#4464=LINE('',#4463,#4462);
#4465=DIRECTION('',(-3.315912704402E-1,-9.434231443885E-1,0.E0));
#4466=VECTOR('',#4465,8.202165380578E-1);
#4467=CARTESIAN_POINT('',(4.444709417331E0,7.125561527210E0,-5.E-2));
#4468=LINE('',#4467,#4466);
#4469=DIRECTION('',(-1.E0,4.937017922010E-13,0.E0));
#4470=VECTOR('',#4469,1.996910000006E-1);
#4471=CARTESIAN_POINT('',(4.172732773440E0,6.351750261796E0,-5.E-2));
#4472=LINE('',#4471,#4470);
#4473=DIRECTION('',(3.315912704402E-1,9.434231443885E-1,0.E0));
#4474=VECTOR('',#4473,8.202165380578E-1);
#4475=CARTESIAN_POINT('',(3.973041773439E0,6.351750261796E0,-5.E-2));
#4476=LINE('',#4475,#4474);
#4477=DIRECTION('',(-1.E0,5.247610719791E-14,0.E0));
#4478=VECTOR('',#4477,3.385077389031E-1);
#4479=CARTESIAN_POINT('',(4.245018417330E0,7.125561527210E0,-5.E-2));
#4480=LINE('',#4479,#4478);
#4481=DIRECTION('',(-3.275162855802E-1,-9.448455337672E-1,0.E0));
#4482=VECTOR('',#4481,9.787967929994E-1);
#4483=CARTESIAN_POINT('',(3.906510678427E0,7.125561527210E0,-5.E-2));
#4484=LINE('',#4483,#4482);
#4485=CARTESIAN_POINT('',(3.718019923597E0,6.152460220191E0,-5.E-2));
#4486=DIRECTION('',(0.E0,0.E0,1.E0));
#4487=DIRECTION('',(-9.391981725788E-1,3.433755853649E-1,0.E0));
#4488=AXIS2_PLACEMENT_3D('',#4485,#4486,#4487);
#4490=CARTESIAN_POINT('',(3.718019923597E0,6.152460220191E0,-5.E-2));
#4491=DIRECTION('',(0.E0,0.E0,1.E0));
#4492=DIRECTION('',(-1.E0,0.E0,0.E0));
#4493=AXIS2_PLACEMENT_3D('',#4490,#4491,#4492);
#4495=DIRECTION('',(1.E0,1.322161099266E-13,0.E0));
#4496=VECTOR('',#4495,6.851978844312E-1);
#4497=CARTESIAN_POINT('',(3.718019923597E0,6.011828414245E0,-5.E-2));
#4498=LINE('',#4497,#4496);
#4499=DIRECTION('',(3.316567356009E-1,9.434001323567E-1,0.E0));
#4500=VECTOR('',#4499,4.378912264545E-1);
#4501=CARTESIAN_POINT('',(4.403217808028E0,6.011828414245E0,-5.E-2));
#4502=LINE('',#4501,#4500);
#4503=DIRECTION('',(1.E0,1.490107395735E-13,0.E0));
#4504=VECTOR('',#4503,5.364449435107E-2);
#4505=CARTESIAN_POINT('',(4.548447382742E0,6.424935055240E0,-5.E-2));
#4506=LINE('',#4505,#4504);
#4507=DIRECTION('',(2.192883877273E-1,-9.756600857922E-1,0.E0));
#4508=VECTOR('',#4507,4.234124640444E-1);
#4509=CARTESIAN_POINT('',(4.602091877093E0,6.424935055240E0,-5.E-2));
#4510=LINE('',#4509,#4508);
#4511=DIRECTION('',(1.E0,-1.414410005494E-13,0.E0));
#4512=VECTOR('',#4511,3.076953810866E-1);
#4513=CARTESIAN_POINT('',(4.694941313677E0,6.011828414245E0,-5.E-2));
#4514=LINE('',#4513,#4512);
#4515=DIRECTION('',(-2.293875199840E-1,9.733351764298E-1,0.E0));
#4516=VECTOR('',#4515,4.311141197416E-1);
#4517=CARTESIAN_POINT('',(5.002636694764E0,6.011828414245E0,-5.E-2));
#4518=LINE('',#4517,#4516);
#4519=DIRECTION('',(1.E0,6.066401893733E-14,0.E0));
#4520=VECTOR('',#4519,2.342550817460E-1);
#4521=CARTESIAN_POINT('',(4.903744496006E0,6.431446952045E0,-5.E-2));
#4522=LINE('',#4521,#4520);
#4523=DIRECTION('',(1.E0,0.E0,0.E0));
#4524=VECTOR('',#4523,3.86407E-1);
#4525=CARTESIAN_POINT('',(4.667410095385E0,6.890926336378E0,-5.E-2));
#4526=LINE('',#4525,#4524);
#4527=DIRECTION('',(-3.301117436117E-1,-9.439418608843E-1,0.E0));
#4528=VECTOR('',#4527,2.426208747491E-1);
#4529=CARTESIAN_POINT('',(5.053817095385E0,6.890926336378E0,-5.E-2));
#4530=LINE('',#4529,#4528);
#4531=DIRECTION('',(-1.E0,0.E0,0.E0));
#4532=VECTOR('',#4531,3.86407E-1);
#4533=CARTESIAN_POINT('',(4.973725095385E0,6.661906336378E0,-5.E-2));
#4534=LINE('',#4533,#4532);
#4535=DIRECTION('',(3.301117436117E-1,9.439418608843E-1,0.E0));
#4536=VECTOR('',#4535,2.426208747491E-1);
#4537=CARTESIAN_POINT('',(4.587318095385E0,6.661906336378E0,-5.E-2));
#4538=LINE('',#4537,#4536);
#4539=DIRECTION('',(1.E0,0.E0,0.E0));
#4540=VECTOR('',#4539,3.86407E-1);
#4541=CARTESIAN_POINT('',(4.667410095385E0,6.890926336378E0,0.E0));
#4542=LINE('',#4541,#4540);
#4543=DIRECTION('',(0.E0,0.E0,1.E0));
#4544=VECTOR('',#4543,5.E-2);
#4545=CARTESIAN_POINT('',(4.667410095385E0,6.890926336378E0,-5.E-2));
#4546=LINE('',#4545,#4544);
#4547=DIRECTION('',(-3.301117436117E-1,-9.439418608843E-1,0.E0));
#4548=VECTOR('',#4547,2.426208747491E-1);
#4549=CARTESIAN_POINT('',(4.667410095385E0,6.890926336378E0,0.E0));
#4550=LINE('',#4549,#4548);
#4551=DIRECTION('',(3.301117436117E-1,9.439418608843E-1,0.E0));
#4552=VECTOR('',#4551,2.426208747491E-1);
#4553=CARTESIAN_POINT('',(4.973725095385E0,6.661906336378E0,0.E0));
#4554=LINE('',#4553,#4552);
#4555=DIRECTION('',(0.E0,1.776356839400E-14,1.E0));
#4556=VECTOR('',#4555,5.E-2);
#4557=CARTESIAN_POINT('',(4.587318095385E0,6.661906336378E0,-5.E-2));
#4558=LINE('',#4557,#4556);
#4559=DIRECTION('',(-1.E0,0.E0,0.E0));
#4560=VECTOR('',#4559,3.86407E-1);
#4561=CARTESIAN_POINT('',(4.973725095385E0,6.661906336378E0,0.E0));
#4562=LINE('',#4561,#4560);
#4563=DIRECTION('',(0.E0,0.E0,1.E0));
#4564=VECTOR('',#4563,5.E-2);
#4565=CARTESIAN_POINT('',(4.973725095385E0,6.661906336378E0,-5.E-2));
#4566=LINE('',#4565,#4564);
#4567=DIRECTION('',(0.E0,0.E0,1.E0));
#4568=VECTOR('',#4567,5.E-2);
#4569=CARTESIAN_POINT('',(5.053817095385E0,6.890926336378E0,-5.E-2));
#4570=LINE('',#4569,#4568);
#4571=DIRECTION('',(0.E0,0.E0,1.E0));
#4572=VECTOR('',#4571,5.E-2);
#4573=CARTESIAN_POINT('',(-4.170212760567E0,7.955288085183E0,-5.E-2));
#4574=LINE('',#4573,#4572);
#4575=DIRECTION('',(0.E0,0.E0,1.E0));
#4576=VECTOR('',#4575,5.E-2);
#4577=CARTESIAN_POINT('',(-4.106382980943E0,7.996954771717E0,-5.E-2));
#4578=LINE('',#4577,#4576);
#4579=DIRECTION('',(0.E0,0.E0,1.E0));
#4580=VECTOR('',#4579,5.E-2);
#4581=CARTESIAN_POINT('',(-4.063829787076E0,8.059454771717E0,-5.E-2));
#4582=LINE('',#4581,#4580);
#4583=DIRECTION('',(0.E0,0.E0,1.E0));
#4584=VECTOR('',#4583,5.E-2);
#4585=CARTESIAN_POINT('',(-4.021276595071E0,8.142788085183E0,-5.E-2));
#4586=LINE('',#4585,#4584);
#4587=DIRECTION('',(-2.131627953171E-13,1.E0,0.E0));
#4588=VECTOR('',#4587,1.666666865348E-1);
#4589=CARTESIAN_POINT('',(-4.E0,8.226121428450E0,0.E0));
#4590=LINE('',#4589,#4588);
#4591=DIRECTION('',(0.E0,0.E0,1.E0));
#4592=VECTOR('',#4591,5.E-2);
#4593=CARTESIAN_POINT('',(-4.E0,8.226121428450E0,-5.E-2));
#4594=LINE('',#4593,#4592);
#4595=DIRECTION('',(0.E0,0.E0,1.E0));
#4596=VECTOR('',#4595,5.E-2);
#4597=CARTESIAN_POINT('',(-4.E0,8.392788114985E0,-5.E-2));
#4598=LINE('',#4597,#4596);
#4599=DIRECTION('',(0.E0,0.E0,1.E0));
#4600=VECTOR('',#4599,5.E-2);
#4601=CARTESIAN_POINT('',(-4.021276595071E0,8.476121443350E0,-5.E-2));
#4602=LINE('',#4601,#4600);
#4603=DIRECTION('',(0.E0,0.E0,1.E0));
#4604=VECTOR('',#4603,5.E-2);
#4605=CARTESIAN_POINT('',(-4.063829787076E0,8.559454771717E0,-5.E-2));
#4606=LINE('',#4605,#4604);
#4607=DIRECTION('',(0.E0,0.E0,1.E0));
#4608=VECTOR('',#4607,5.E-2);
#4609=CARTESIAN_POINT('',(-4.106382980943E0,8.621954771717E0,-5.E-2));
#4610=LINE('',#4609,#4608);
#4611=DIRECTION('',(0.E0,0.E0,1.E0));
#4612=VECTOR('',#4611,5.E-2);
#4613=CARTESIAN_POINT('',(-4.170212760568E0,8.663621437763E0,-5.E-2));
#4614=LINE('',#4613,#4612);
#4615=DIRECTION('',(5.968559122696E-14,-1.E0,0.E0));
#4616=VECTOR('',#4615,1.041666641830E-1);
#4617=CARTESIAN_POINT('',(-4.234042555094E0,8.684454771717E0,0.E0));
#4618=LINE('',#4617,#4616);
#4619=DIRECTION('',(0.E0,0.E0,1.E0));
#4620=VECTOR('',#4619,5.E-2);
#4621=CARTESIAN_POINT('',(-4.234042555094E0,8.684454771717E0,-5.E-2));
#4622=LINE('',#4621,#4620);
#4623=DIRECTION('',(0.E0,0.E0,1.E0));
#4624=VECTOR('',#4623,5.E-2);
#4625=CARTESIAN_POINT('',(-4.234042555094E0,8.580288107534E0,-5.E-2));
#4626=LINE('',#4625,#4624);
#4627=DIRECTION('',(0.E0,0.E0,1.E0));
#4628=VECTOR('',#4627,5.E-2);
#4629=CARTESIAN_POINT('',(-4.191489368676E0,8.559454771717E0,-5.E-2));
#4630=LINE('',#4629,#4628);
#4631=DIRECTION('',(0.E0,0.E0,1.E0));
#4632=VECTOR('',#4631,5.E-2);
#4633=CARTESIAN_POINT('',(-4.148936167359E0,8.517788100084E0,-5.E-2));
#4634=LINE('',#4633,#4632);
#4635=DIRECTION('',(0.E0,0.E0,1.E0));
#4636=VECTOR('',#4635,5.E-2);
#4637=CARTESIAN_POINT('',(-4.127659574151E0,8.476121443351E0,-5.E-2));
#4638=LINE('',#4637,#4636);
#4639=DIRECTION('',(3.623767952370E-13,-1.E0,0.E0));
#4640=VECTOR('',#4639,1.250000000002E-1);
#4641=CARTESIAN_POINT('',(-4.106382980943E0,8.371954771717E0,0.E0));
#4642=LINE('',#4641,#4640);
#4643=DIRECTION('',(0.E0,0.E0,1.E0));
#4644=VECTOR('',#4643,5.E-2);
#4645=CARTESIAN_POINT('',(-4.106382980943E0,8.371954771717E0,-5.E-2));
#4646=LINE('',#4645,#4644);
#4647=DIRECTION('',(-1.776356839400E-14,7.105427357601E-14,1.E0));
#4648=VECTOR('',#4647,5.E-2);
#4649=CARTESIAN_POINT('',(-4.106382980943E0,8.246954771717E0,-5.E-2));
#4650=LINE('',#4649,#4648);
#4651=DIRECTION('',(0.E0,0.E0,1.E0));
#4652=VECTOR('',#4651,5.E-2);
#4653=CARTESIAN_POINT('',(-4.127659574151E0,8.142788085182E0,-5.E-2));
#4654=LINE('',#4653,#4652);
#4655=DIRECTION('',(0.E0,0.E0,1.E0));
#4656=VECTOR('',#4655,5.E-2);
#4657=CARTESIAN_POINT('',(-4.148936167359E0,8.101121458252E0,-5.E-2));
#4658=LINE('',#4657,#4656);
#4659=DIRECTION('',(-1.776356839400E-14,0.E0,1.E0));
#4660=VECTOR('',#4659,5.E-2);
#4661=CARTESIAN_POINT('',(-4.191489368677E0,8.059454771717E0,-5.E-2));
#4662=LINE('',#4661,#4660);
#4663=DIRECTION('',(-1.E0,1.753264409508E-12,0.E0));
#4664=VECTOR('',#4663,8.510637283255E-2);
#4665=CARTESIAN_POINT('',(-4.234042555094E0,8.038621458252E0,0.E0));
#4666=LINE('',#4665,#4664);
#4667=DIRECTION('',(0.E0,0.E0,1.E0));
#4668=VECTOR('',#4667,5.E-2);
#4669=CARTESIAN_POINT('',(-4.234042555094E0,8.038621458252E0,-5.E-2));
#4670=LINE('',#4669,#4668);
#4671=DIRECTION('',(1.776356839400E-14,0.E0,1.E0));
#4672=VECTOR('',#4671,5.E-2);
#4673=CARTESIAN_POINT('',(-4.319148927927E0,8.038621458252E0,-5.E-2));
#4674=LINE('',#4673,#4672);
#4675=DIRECTION('',(0.E0,0.E0,1.E0));
#4676=VECTOR('',#4675,5.E-2);
#4677=CARTESIAN_POINT('',(-4.404255330563E0,8.080288085183E0,-5.E-2));
#4678=LINE('',#4677,#4676);
#4679=DIRECTION('',(0.E0,0.E0,1.E0));
#4680=VECTOR('',#4679,5.E-2);
#4681=CARTESIAN_POINT('',(-4.446808516980E0,8.142788085183E0,-5.E-2));
#4682=LINE('',#4681,#4680);
#4683=DIRECTION('',(0.E0,1.E0,0.E0));
#4684=VECTOR('',#4683,8.333331346500E-2);
#4685=CARTESIAN_POINT('',(-4.468085110188E0,8.267788114985E0,0.E0));
#4686=LINE('',#4685,#4684);
#4687=DIRECTION('',(0.E0,0.E0,1.E0));
#4688=VECTOR('',#4687,5.E-2);
#4689=CARTESIAN_POINT('',(-4.468085110188E0,8.267788114985E0,-5.E-2));
#4690=LINE('',#4689,#4688);
#4691=DIRECTION('',(-1.E0,0.E0,0.E0));
#4692=VECTOR('',#4691,8.510637283300E-2);
#4693=CARTESIAN_POINT('',(-4.468085110188E0,8.351121428450E0,0.E0));
#4694=LINE('',#4693,#4692);
#4695=DIRECTION('',(0.E0,0.E0,1.E0));
#4696=VECTOR('',#4695,5.E-2);
#4697=CARTESIAN_POINT('',(-4.468085110188E0,8.351121428450E0,-5.E-2));
#4698=LINE('',#4697,#4696);
#4699=DIRECTION('',(1.833200695321E-12,-1.E0,0.E0));
#4700=VECTOR('',#4699,8.333331346556E-2);
#4701=CARTESIAN_POINT('',(-4.553191483021E0,8.351121428450E0,0.E0));
#4702=LINE('',#4701,#4700);
#4703=DIRECTION('',(0.E0,0.E0,1.E0));
#4704=VECTOR('',#4703,5.E-2);
#4705=CARTESIAN_POINT('',(-4.553191483021E0,8.351121428450E0,-5.E-2));
#4706=LINE('',#4705,#4704);
#4707=DIRECTION('',(0.E0,0.E0,1.E0));
#4708=VECTOR('',#4707,5.E-2);
#4709=CARTESIAN_POINT('',(-4.553191483021E0,8.267788114984E0,-5.E-2));
#4710=LINE('',#4709,#4708);
#4711=DIRECTION('',(0.E0,0.E0,1.E0));
#4712=VECTOR('',#4711,5.E-2);
#4713=CARTESIAN_POINT('',(-4.595744669437E0,8.142788085183E0,-5.E-2));
#4714=LINE('',#4713,#4712);
#4715=DIRECTION('',(0.E0,0.E0,1.E0));
#4716=VECTOR('',#4715,5.E-2);
#4717=CARTESIAN_POINT('',(-4.638297855854E0,8.101121458252E0,-5.E-2));
#4718=LINE('',#4717,#4716);
#4719=DIRECTION('',(-1.E0,4.007455894110E-12,0.E0));
#4720=VECTOR('',#4719,4.255324602151E-2);
#4721=CARTESIAN_POINT('',(-4.723404228687E0,8.059454771717E0,0.E0));
#4722=LINE('',#4721,#4720);
#4723=DIRECTION('',(0.E0,0.E0,1.E0));
#4724=VECTOR('',#4723,5.E-2);
#4725=CARTESIAN_POINT('',(-4.723404228687E0,8.059454771717E0,-5.E-2));
#4726=LINE('',#4725,#4724);
#4727=DIRECTION('',(0.E0,0.E0,1.E0));
#4728=VECTOR('',#4727,5.E-2);
#4729=CARTESIAN_POINT('',(-4.765957474709E0,8.059454771717E0,-5.E-2));
#4730=LINE('',#4729,#4728);
#4731=DIRECTION('',(0.E0,0.E0,1.E0));
#4732=VECTOR('',#4731,5.E-2);
#4733=CARTESIAN_POINT('',(-4.829787254333E0,8.101121458252E0,-5.E-2));
#4734=LINE('',#4733,#4732);
#4735=DIRECTION('',(0.E0,0.E0,1.E0));
#4736=VECTOR('',#4735,5.E-2);
#4737=CARTESIAN_POINT('',(-4.872340440750E0,8.163621458252E0,-5.E-2));
#4738=LINE('',#4737,#4736);
#4739=DIRECTION('',(-1.428191239376E-12,1.E0,0.E0));
#4740=VECTOR('',#4739,8.333331346563E-2);
#4741=CARTESIAN_POINT('',(-4.893617033958E0,8.267788114985E0,0.E0));
#4742=LINE('',#4741,#4740);
#4743=DIRECTION('',(0.E0,0.E0,1.E0));
#4744=VECTOR('',#4743,5.E-2);
#4745=CARTESIAN_POINT('',(-4.893617033958E0,8.267788114985E0,-5.E-2));
#4746=LINE('',#4745,#4744);
#4747=DIRECTION('',(0.E0,0.E0,1.E0));
#4748=VECTOR('',#4747,5.E-2);
#4749=CARTESIAN_POINT('',(-4.893617033958E0,8.351121428451E0,-5.E-2));
#4750=LINE('',#4749,#4748);
#4751=DIRECTION('',(0.E0,-3.552713678801E-14,1.E0));
#4752=VECTOR('',#4751,5.E-2);
#4753=CARTESIAN_POINT('',(-4.872340440750E0,8.455288100084E0,-5.E-2));
#4754=LINE('',#4753,#4752);
#4755=DIRECTION('',(1.776356839400E-14,0.E0,1.E0));
#4756=VECTOR('',#4755,5.E-2);
#4757=CARTESIAN_POINT('',(-4.829787254333E0,8.517788100084E0,-5.E-2));
#4758=LINE('',#4757,#4756);
#4759=DIRECTION('',(-1.108446674389E-13,1.E0,0.E0));
#4760=VECTOR('',#4759,1.041666660461E-1);
#4761=CARTESIAN_POINT('',(-4.765957474709E0,8.559454771717E0,0.E0));
#4762=LINE('',#4761,#4760);
#4763=DIRECTION('',(0.E0,0.E0,1.E0));
#4764=VECTOR('',#4763,5.E-2);
#4765=CARTESIAN_POINT('',(-4.765957474709E0,8.559454771717E0,-5.E-2));
#4766=LINE('',#4765,#4764);
#4767=DIRECTION('',(0.E0,0.E0,1.E0));
#4768=VECTOR('',#4767,5.E-2);
#4769=CARTESIAN_POINT('',(-4.765957474709E0,8.663621437763E0,-5.E-2));
#4770=LINE('',#4769,#4768);
#4771=DIRECTION('',(0.E0,0.E0,1.E0));
#4772=VECTOR('',#4771,5.E-2);
#4773=CARTESIAN_POINT('',(-4.851063847542E0,8.642788103809E0,-5.E-2));
#4774=LINE('',#4773,#4772);
#4775=DIRECTION('',(0.E0,0.E0,1.E0));
#4776=VECTOR('',#4775,5.E-2);
#4777=CARTESIAN_POINT('',(-4.936170220375E0,8.559454771717E0,-5.E-2));
#4778=LINE('',#4777,#4776);
#4779=DIRECTION('',(0.E0,0.E0,1.E0));
#4780=VECTOR('',#4779,5.E-2);
#4781=CARTESIAN_POINT('',(-4.978723406792E0,8.476121443351E0,-5.E-2));
#4782=LINE('',#4781,#4780);
#4783=DIRECTION('',(-1.961097015541E-12,-1.E0,0.E0));
#4784=VECTOR('',#4783,4.166668653559E-2);
#4785=CARTESIAN_POINT('',(-5.E0,8.330288114985E0,0.E0));
#4786=LINE('',#4785,#4784);
#4787=DIRECTION('',(0.E0,0.E0,1.E0));
#4788=VECTOR('',#4787,5.E-2);
#4789=CARTESIAN_POINT('',(-5.E0,8.330288114985E0,-5.E-2));
#4790=LINE('',#4789,#4788);
#4791=DIRECTION('',(0.E0,0.E0,1.E0));
#4792=VECTOR('',#4791,5.E-2);
#4793=CARTESIAN_POINT('',(-5.E0,8.288621428449E0,-5.E-2));
#4794=LINE('',#4793,#4792);
#4795=DIRECTION('',(0.E0,0.E0,1.E0));
#4796=VECTOR('',#4795,5.E-2);
#4797=CARTESIAN_POINT('',(-4.978723406792E0,8.142788085183E0,-5.E-2));
#4798=LINE('',#4797,#4796);
#4799=DIRECTION('',(0.E0,0.E0,1.E0));
#4800=VECTOR('',#4799,5.E-2);
#4801=CARTESIAN_POINT('',(-4.936170220375E0,8.059454771717E0,-5.E-2));
#4802=LINE('',#4801,#4800);
#4803=DIRECTION('',(0.E0,0.E0,1.E0));
#4804=VECTOR('',#4803,5.E-2);
#4805=CARTESIAN_POINT('',(-4.851063847542E0,7.976121458253E0,-5.E-2));
#4806=LINE('',#4805,#4804);
#4807=DIRECTION('',(1.E0,-5.176297196377E-12,0.E0));
#4808=VECTOR('',#4807,4.255324602301E-2);
#4809=CARTESIAN_POINT('',(-4.765957474709E0,7.955288085183E0,0.E0));
#4810=LINE('',#4809,#4808);
#4811=DIRECTION('',(0.E0,0.E0,1.E0));
#4812=VECTOR('',#4811,5.E-2);
#4813=CARTESIAN_POINT('',(-4.765957474709E0,7.955288085183E0,-5.E-2));
#4814=LINE('',#4813,#4812);
#4815=DIRECTION('',(0.E0,0.E0,1.E0));
#4816=VECTOR('',#4815,5.E-2);
#4817=CARTESIAN_POINT('',(-4.723404228686E0,7.955288085183E0,-5.E-2));
#4818=LINE('',#4817,#4816);
#4819=DIRECTION('',(0.E0,1.776356839400E-14,1.E0));
#4820=VECTOR('',#4819,5.E-2);
#4821=CARTESIAN_POINT('',(-4.638297855855E0,7.976121458252E0,-5.E-2));
#4822=LINE('',#4821,#4820);
#4823=DIRECTION('',(0.E0,-3.552713678801E-14,1.E0));
#4824=VECTOR('',#4823,5.E-2);
#4825=CARTESIAN_POINT('',(-4.574468076228E0,8.017788085183E0,-5.E-2));
#4826=LINE('',#4825,#4824);
#4827=DIRECTION('',(-1.776356839400E-14,0.E0,1.E0));
#4828=VECTOR('',#4827,5.E-2);
#4829=CARTESIAN_POINT('',(-4.510638296604E0,8.101121458252E0,-5.E-2));
#4830=LINE('',#4829,#4828);
#4831=DIRECTION('',(3.552713678801E-14,-1.776356839400E-14,1.E0));
#4832=VECTOR('',#4831,5.E-2);
#4833=CARTESIAN_POINT('',(-4.468085110188E0,7.996954771718E0,-5.E-2));
#4834=LINE('',#4833,#4832);
#4835=DIRECTION('',(0.E0,3.552713678801E-14,1.E0));
#4836=VECTOR('',#4835,5.E-2);
#4837=CARTESIAN_POINT('',(-4.404255330562E0,7.955288085182E0,-5.E-2));
#4838=LINE('',#4837,#4836);
#4839=DIRECTION('',(1.E0,3.224754181795E-12,0.E0));
#4840=VECTOR('',#4839,8.510637283197E-2);
#4841=CARTESIAN_POINT('',(-4.319148927927E0,7.934454771717E0,0.E0));
#4842=LINE('',#4841,#4840);
#4843=DIRECTION('',(0.E0,0.E0,1.E0));
#4844=VECTOR('',#4843,5.E-2);
#4845=CARTESIAN_POINT('',(-4.319148927927E0,7.934454771717E0,-5.E-2));
#4846=LINE('',#4845,#4844);
#4847=DIRECTION('',(0.E0,1.776356839400E-14,1.E0));
#4848=VECTOR('',#4847,5.E-2);
#4849=CARTESIAN_POINT('',(-4.234042555095E0,7.934454771717E0,-5.E-2));
#4850=LINE('',#4849,#4848);
#4851=DIRECTION('',(8.373790012356E-1,5.466227293936E-1,0.E0));
#4852=VECTOR('',#4851,7.622567502834E-2);
#4853=CARTESIAN_POINT('',(-4.170212760567E0,7.955288085183E0,-5.E-2));
#4854=LINE('',#4853,#4852);
#4855=DIRECTION('',(5.627909985691E-1,8.265992329597E-1,0.E0));
#4856=VECTOR('',#4855,7.561100652881E-2);
#4857=CARTESIAN_POINT('',(-4.106382980943E0,7.996954771717E0,-5.E-2));
#4858=LINE('',#4857,#4856);
#4859=DIRECTION('',(4.547772469185E-1,8.906052187615E-1,0.E0));
#4860=VECTOR('',#4859,9.356930737739E-2);
#4861=CARTESIAN_POINT('',(-4.063829787076E0,8.059454771717E0,-5.E-2));
#4862=LINE('',#4861,#4860);
#4863=DIRECTION('',(2.473832102268E-1,9.689177195706E-1,0.E0));
#4864=VECTOR('',#4863,8.600662531360E-2);
#4865=CARTESIAN_POINT('',(-4.021276595071E0,8.142788085183E0,-5.E-2));
#4866=LINE('',#4865,#4864);
#4867=DIRECTION('',(-2.131627953171E-13,1.E0,0.E0));
#4868=VECTOR('',#4867,1.666666865348E-1);
#4869=CARTESIAN_POINT('',(-4.E0,8.226121428450E0,-5.E-2));
#4870=LINE('',#4869,#4868);
#4871=DIRECTION('',(-2.473832517569E-1,9.689177089672E-1,0.E0));
#4872=VECTOR('',#4871,8.600661087529E-2);
#4873=CARTESIAN_POINT('',(-4.E0,8.392788114985E0,-5.E-2));
#4874=LINE('',#4873,#4872);
#4875=DIRECTION('',(-4.547771824176E-1,8.906052516981E-1,0.E0));
#4876=VECTOR('',#4875,9.356932064839E-2);
#4877=CARTESIAN_POINT('',(-4.021276595071E0,8.476121443350E0,-5.E-2));
#4878=LINE('',#4877,#4876);
#4879=DIRECTION('',(-5.627909985686E-1,8.265992329601E-1,0.E0));
#4880=VECTOR('',#4879,7.561100652838E-2);
#4881=CARTESIAN_POINT('',(-4.063829787076E0,8.559454771717E0,-5.E-2));
#4882=LINE('',#4881,#4880);
#4883=DIRECTION('',(-8.373791242699E-1,5.466225409155E-1,0.E0));
#4884=VECTOR('',#4883,7.622566382991E-2);
#4885=CARTESIAN_POINT('',(-4.106382980943E0,8.621954771717E0,-5.E-2));
#4886=LINE('',#4885,#4884);
#4887=DIRECTION('',(-9.506452107492E-1,3.102800078631E-1,0.E0));
#4888=VECTOR('',#4887,6.714365549253E-2);
#4889=CARTESIAN_POINT('',(-4.170212760568E0,8.663621437763E0,-5.E-2));
#4890=LINE('',#4889,#4888);
#4891=DIRECTION('',(5.968559122696E-14,-1.E0,0.E0));
#4892=VECTOR('',#4891,1.041666641830E-1);
#4893=CARTESIAN_POINT('',(-4.234042555094E0,8.684454771717E0,-5.E-2));
#4894=LINE('',#4893,#4892);
#4895=DIRECTION('',(8.981380764719E-1,-4.397135381034E-1,0.E0));
#4896=VECTOR('',#4895,4.737933679968E-2);
#4897=CARTESIAN_POINT('',(-4.234042555094E0,8.580288107534E0,-5.E-2));
#4898=LINE('',#4897,#4896);
#4899=DIRECTION('',(7.145104655802E-1,-6.996247526898E-1,0.E0));
#4900=VECTOR('',#4899,5.955574252108E-2);
#4901=CARTESIAN_POINT('',(-4.191489368676E0,8.559454771717E0,-5.E-2));
#4902=LINE('',#4901,#4900);
#4903=DIRECTION('',(4.547771995445E-1,-8.906052429525E-1,0.E0));
#4904=VECTOR('',#4903,4.678465241768E-2);
#4905=CARTESIAN_POINT('',(-4.148936167359E0,8.517788100084E0,-5.E-2));
#4906=LINE('',#4905,#4904);
#4907=DIRECTION('',(2.001233458983E-1,-9.797707111495E-1,0.E0));
#4908=VECTOR('',#4907,1.063173969675E-1);
#4909=CARTESIAN_POINT('',(-4.127659574151E0,8.476121443351E0,-5.E-2));
#4910=LINE('',#4909,#4908);
#4911=DIRECTION('',(3.552713678794E-13,-1.E0,0.E0));
#4912=VECTOR('',#4911,1.250000000002E-1);
#4913=CARTESIAN_POINT('',(-4.106382980943E0,8.371954771717E0,-5.E-2));
#4914=LINE('',#4913,#4912);
#4915=DIRECTION('',(-2.001233184158E-1,-9.797707167630E-1,0.E0));
#4916=VECTOR('',#4915,1.063174115662E-1);
#4917=CARTESIAN_POINT('',(-4.106382980943E0,8.246954771717E0,-5.E-2));
#4918=LINE('',#4917,#4916);
#4919=DIRECTION('',(-4.547774575528E-1,-8.906051112035E-1,0.E0));
#4920=VECTOR('',#4919,4.678462587505E-2);
#4921=CARTESIAN_POINT('',(-4.127659574151E0,8.142788085182E0,-5.E-2));
#4922=LINE('',#4921,#4920);
#4923=DIRECTION('',(-7.145103405057E-1,-6.996248804255E-1,0.E0));
#4924=VECTOR('',#4923,5.955575294786E-2);
#4925=CARTESIAN_POINT('',(-4.148936167359E0,8.101121458252E0,-5.E-2));
#4926=LINE('',#4925,#4924);
#4927=DIRECTION('',(-8.981382627803E-1,-4.397131575585E-1,0.E0));
#4928=VECTOR('',#4927,4.737932697071E-2);
#4929=CARTESIAN_POINT('',(-4.191489368677E0,8.059454771717E0,-5.E-2));
#4930=LINE('',#4929,#4928);
#4931=DIRECTION('',(-1.E0,1.753264409508E-12,0.E0));
#4932=VECTOR('',#4931,8.510637283255E-2);
#4933=CARTESIAN_POINT('',(-4.234042555094E0,8.038621458252E0,-5.E-2));
#4934=LINE('',#4933,#4932);
#4935=DIRECTION('',(-8.981383235873E-1,4.397130333568E-1,0.E0));
#4936=VECTOR('',#4935,9.475868070752E-2);
#4937=CARTESIAN_POINT('',(-4.319148927927E0,8.038621458252E0,-5.E-2));
#4938=LINE('',#4937,#4936);
#4939=DIRECTION('',(-5.627909312423E-1,8.265992787993E-1,0.E0));
#4940=VECTOR('',#4939,7.561100233633E-2);
#4941=CARTESIAN_POINT('',(-4.404255330563E0,8.080288085183E0,-5.E-2));
#4942=LINE('',#4941,#4940);
#4943=DIRECTION('',(-1.677992897302E-1,9.858211797106E-1,0.E0));
#4944=VECTOR('',#4943,1.267978740711E-1);
#4945=CARTESIAN_POINT('',(-4.446808516980E0,8.142788085183E0,-5.E-2));
#4946=LINE('',#4945,#4944);
#4947=DIRECTION('',(0.E0,1.E0,0.E0));
#4948=VECTOR('',#4947,8.333331346500E-2);
#4949=CARTESIAN_POINT('',(-4.468085110188E0,8.267788114985E0,-5.E-2));
#4950=LINE('',#4949,#4948);
#4951=DIRECTION('',(-1.E0,0.E0,0.E0));
#4952=VECTOR('',#4951,8.510637283300E-2);
#4953=CARTESIAN_POINT('',(-4.468085110188E0,8.351121428450E0,-5.E-2));
#4954=LINE('',#4953,#4952);
#4955=DIRECTION('',(1.833200695321E-12,-1.E0,0.E0));
#4956=VECTOR('',#4955,8.333331346556E-2);
#4957=CARTESIAN_POINT('',(-4.553191483021E0,8.351121428450E0,-5.E-2));
#4958=LINE('',#4957,#4956);
#4959=DIRECTION('',(-3.222636945213E-1,-9.466499412103E-1,0.E0));
#4960=VECTOR('',#4959,1.320446179312E-1);
#4961=CARTESIAN_POINT('',(-4.553191483021E0,8.267788114984E0,-5.E-2));
#4962=LINE('',#4961,#4960);
#4963=DIRECTION('',(-7.145107183332E-1,-6.996244945591E-1,0.E0));
#4964=VECTOR('',#4963,5.955570060083E-2);
#4965=CARTESIAN_POINT('',(-4.595744669437E0,8.142788085183E0,-5.E-2));
#4966=LINE('',#4965,#4964);
#4967=DIRECTION('',(-8.981380143663E-1,-4.397136649573E-1,0.E0));
#4968=VECTOR('',#4967,9.475868014886E-2);
#4969=CARTESIAN_POINT('',(-4.638297855854E0,8.101121458252E0,-5.E-2));
#4970=LINE('',#4969,#4968);
#4971=DIRECTION('',(-1.E0,4.007455894110E-12,0.E0));
#4972=VECTOR('',#4971,4.255324602151E-2);
#4973=CARTESIAN_POINT('',(-4.723404228687E0,8.059454771717E0,-5.E-2));
#4974=LINE('',#4973,#4972);
#4975=DIRECTION('',(-8.373790012334E-1,5.466227293970E-1,0.E0));
#4976=VECTOR('',#4975,7.622567502980E-2);
#4977=CARTESIAN_POINT('',(-4.765957474709E0,8.059454771717E0,-5.E-2));
#4978=LINE('',#4977,#4976);
#4979=DIRECTION('',(-5.627909312415E-1,8.265992787998E-1,0.E0));
#4980=VECTOR('',#4979,7.561100233527E-2);
#4981=CARTESIAN_POINT('',(-4.829787254333E0,8.101121458252E0,-5.E-2));
#4982=LINE('',#4981,#4980);
#4983=DIRECTION('',(-2.001233733795E-1,9.797707055364E-1,0.E0));
#4984=VECTOR('',#4983,1.063173823678E-1);
#4985=CARTESIAN_POINT('',(-4.872340440750E0,8.163621458252E0,-5.E-2));
#4986=LINE('',#4985,#4984);
#4987=DIRECTION('',(-1.428191239376E-12,1.E0,0.E0));
#4988=VECTOR('',#4987,8.333331346563E-2);
#4989=CARTESIAN_POINT('',(-4.893617033958E0,8.267788114985E0,-5.E-2));
#4990=LINE('',#4989,#4988);
#4991=DIRECTION('',(2.001233458992E-1,9.797707111494E-1,0.E0));
#4992=VECTOR('',#4991,1.063173969661E-1);
#4993=CARTESIAN_POINT('',(-4.893617033958E0,8.351121428451E0,-5.E-2));
#4994=LINE('',#4993,#4992);
#4995=DIRECTION('',(5.627909312432E-1,8.265992787986E-1,0.E0));
#4996=VECTOR('',#4995,7.561100233606E-2);
#4997=CARTESIAN_POINT('',(-4.872340440750E0,8.455288100084E0,-5.E-2));
#4998=LINE('',#4997,#4996);
#4999=DIRECTION('',(8.373790907149E-1,5.466225923190E-1,0.E0));
#5000=VECTOR('',#4999,7.622566688348E-2);
#5001=CARTESIAN_POINT('',(-4.829787254333E0,8.517788100084E0,-5.E-2));
#5002=LINE('',#5001,#5000);
#5003=DIRECTION('',(-1.108446674389E-13,1.E0,0.E0));
#5004=VECTOR('',#5003,1.041666660461E-1);
#5005=CARTESIAN_POINT('',(-4.765957474709E0,8.559454771717E0,-5.E-2));
#5006=LINE('',#5005,#5004);
#5007=DIRECTION('',(-9.713211522282E-1,-2.377713591543E-1,0.E0));
#5008=VECTOR('',#5007,8.761919025168E-2);
#5009=CARTESIAN_POINT('',(-4.765957474709E0,8.663621437763E0,-5.E-2));
#5010=LINE('',#5009,#5008);
#5011=DIRECTION('',(-7.145103900132E-1,-6.996248298647E-1,0.E0));
#5012=VECTOR('',#5011,1.191114559332E-1);
#5013=CARTESIAN_POINT('',(-4.851063847542E0,8.642788103809E0,-5.E-2));
#5014=LINE('',#5013,#5012);
#5015=DIRECTION('',(-4.547771350488E-1,-8.906052758865E-1,0.E0));
#5016=VECTOR('',#5015,9.356931810509E-2);
#5017=CARTESIAN_POINT('',(-4.936170220375E0,8.559454771717E0,-5.E-2));
#5018=LINE('',#5017,#5016);
#5019=DIRECTION('',(-1.443682357285E-1,-9.895240333174E-1,0.E0));
#5020=VECTOR('',#5019,1.473772475008E-1);
#5021=CARTESIAN_POINT('',(-4.978723406792E0,8.476121443351E0,-5.E-2));
#5022=LINE('',#5021,#5020);
#5023=DIRECTION('',(-1.961097015541E-12,-1.E0,0.E0));
#5024=VECTOR('',#5023,4.166668653559E-2);
#5025=CARTESIAN_POINT('',(-5.E0,8.330288114985E0,-5.E-2));
#5026=LINE('',#5025,#5024);
#5027=DIRECTION('',(1.443682212844E-1,-9.895240354247E-1,0.E0));
#5028=VECTOR('',#5027,1.473772622450E-1);
#5029=CARTESIAN_POINT('',(-5.E0,8.288621428449E0,-5.E-2));
#5030=LINE('',#5029,#5028);
#5031=DIRECTION('',(4.547771995492E-1,-8.906052429501E-1,0.E0));
#5032=VECTOR('',#5031,9.356930483588E-2);
#5033=CARTESIAN_POINT('',(-4.978723406792E0,8.142788085183E0,-5.E-2));
#5034=LINE('',#5033,#5032);
#5035=DIRECTION('',(7.145104681861E-1,-6.996247500285E-1,0.E0));
#5036=VECTOR('',#5035,1.191114428999E-1);
#5037=CARTESIAN_POINT('',(-4.936170220375E0,8.059454771717E0,-5.E-2));
#5038=LINE('',#5037,#5036);
#5039=DIRECTION('',(9.713210491257E-1,-2.377717803386E-1,0.E0));
#5040=VECTOR('',#5039,8.761919955289E-2);
#5041=CARTESIAN_POINT('',(-4.851063847542E0,7.976121458253E0,-5.E-2));
#5042=LINE('',#5041,#5040);
#5043=DIRECTION('',(1.E0,-5.176297196377E-12,0.E0));
#5044=VECTOR('',#5043,4.255324602301E-2);
#5045=CARTESIAN_POINT('',(-4.765957474709E0,7.955288085183E0,-5.E-2));
#5046=LINE('',#5045,#5044);
#5047=DIRECTION('',(9.713210491252E-1,2.377717803407E-1,0.E0));
#5048=VECTOR('',#5047,8.761919955091E-2);
#5049=CARTESIAN_POINT('',(-4.723404228686E0,7.955288085183E0,-5.E-2));
#5050=LINE('',#5049,#5048);
#5051=DIRECTION('',(8.373793591560E-1,5.466221810899E-1,0.E0));
#5052=VECTOR('',#5051,7.622564245028E-2);
#5053=CARTESIAN_POINT('',(-4.638297855855E0,7.976121458252E0,-5.E-2));
#5054=LINE('',#5053,#5052);
#5055=DIRECTION('',(6.080766493626E-1,7.938783209661E-1,0.E0));
#5056=VECTOR('',#5055,1.049699568155E-1);
#5057=CARTESIAN_POINT('',(-4.574468076228E0,8.017788085183E0,-5.E-2));
#5058=LINE('',#5057,#5056);
#5059=DIRECTION('',(3.781725326593E-1,-9.257351324985E-1,0.E0));
#5060=VECTOR('',#5059,1.125232076404E-1);
#5061=CARTESIAN_POINT('',(-4.510638296604E0,8.101121458252E0,-5.E-2));
#5062=LINE('',#5061,#5060);
#5063=DIRECTION('',(8.373790012343E-1,-5.466227293956E-1,0.E0));
#5064=VECTOR('',#5063,7.622567503069E-2);
#5065=CARTESIAN_POINT('',(-4.468085110188E0,7.996954771718E0,-5.E-2));
#5066=LINE('',#5065,#5064);
#5067=DIRECTION('',(9.713212254638E-1,-2.377710599790E-1,0.E0));
#5068=VECTOR('',#5067,8.761921432818E-2);
#5069=CARTESIAN_POINT('',(-4.404255330562E0,7.955288085182E0,-5.E-2));
#5070=LINE('',#5069,#5068);
#5071=DIRECTION('',(1.E0,3.235190279471E-12,0.E0));
#5072=VECTOR('',#5071,8.510637283197E-2);
#5073=CARTESIAN_POINT('',(-4.319148927927E0,7.934454771717E0,-5.E-2));
#5074=LINE('',#5073,#5072);
#5075=DIRECTION('',(9.506453007586E-1,3.102797320895E-1,0.E0));
#5076=VECTOR('',#5075,6.714364913724E-2);
#5077=CARTESIAN_POINT('',(-4.234042555095E0,7.934454771717E0,-5.E-2));
#5078=LINE('',#5077,#5076);
#5079=DIRECTION('',(-1.E0,-1.828404056657E-12,0.E0));
#5080=VECTOR('',#5079,1.063829809424E-1);
#5081=CARTESIAN_POINT('',(-4.E0,7.767788085183E0,0.E0));
#5082=LINE('',#5081,#5080);
#5083=DIRECTION('',(0.E0,0.E0,1.E0));
#5084=VECTOR('',#5083,5.E-2);
#5085=CARTESIAN_POINT('',(-4.E0,7.767788085183E0,-5.E-2));
#5086=LINE('',#5085,#5084);
#5087=DIRECTION('',(0.E0,-1.776356839400E-14,1.E0));
#5088=VECTOR('',#5087,5.E-2);
#5089=CARTESIAN_POINT('',(-4.106382980942E0,7.767788085183E0,-5.E-2));
#5090=LINE('',#5089,#5088);
#5091=DIRECTION('',(1.776356839400E-14,0.E0,1.E0));
#5092=VECTOR('',#5091,5.E-2);
#5093=CARTESIAN_POINT('',(-4.638297855854E0,7.184454771717E0,-5.E-2));
#5094=LINE('',#5093,#5092);
#5095=DIRECTION('',(-1.E0,2.087216611504E-12,0.E0));
#5096=VECTOR('',#5095,4.255324602175E-2);
#5097=CARTESIAN_POINT('',(-4.723404228687E0,7.142788144787E0,0.E0));
#5098=LINE('',#5097,#5096);
#5099=DIRECTION('',(0.E0,0.E0,1.E0));
#5100=VECTOR('',#5099,5.E-2);
#5101=CARTESIAN_POINT('',(-4.723404228687E0,7.142788144787E0,-5.E-2));
#5102=LINE('',#5101,#5100);
#5103=DIRECTION('',(0.E0,0.E0,1.E0));
#5104=VECTOR('',#5103,5.E-2);
#5105=CARTESIAN_POINT('',(-4.765957474709E0,7.142788144787E0,-5.E-2));
#5106=LINE('',#5105,#5104);
#5107=DIRECTION('',(0.E0,1.776356839400E-14,1.E0));
#5108=VECTOR('',#5107,5.E-2);
#5109=CARTESIAN_POINT('',(-4.829787254333E0,7.184454771717E0,-5.E-2));
#5110=LINE('',#5109,#5108);
#5111=DIRECTION('',(-3.552713678801E-14,0.E0,1.E0));
#5112=VECTOR('',#5111,5.E-2);
#5113=CARTESIAN_POINT('',(-4.872340440750E0,7.246954771717E0,-5.E-2));
#5114=LINE('',#5113,#5112);
#5115=DIRECTION('',(-1.811883112214E-12,1.E0,0.E0));
#5116=VECTOR('',#5115,8.333337306980E-2);
#5117=CARTESIAN_POINT('',(-4.893617033958E0,7.351121398648E0,0.E0));
#5118=LINE('',#5117,#5116);
#5119=DIRECTION('',(0.E0,0.E0,1.E0));
#5120=VECTOR('',#5119,5.E-2);
#5121=CARTESIAN_POINT('',(-4.893617033958E0,7.351121398648E0,-5.E-2));
#5122=LINE('',#5121,#5120);
#5123=DIRECTION('',(-1.776356839400E-14,0.E0,1.E0));
#5124=VECTOR('',#5123,5.E-2);
#5125=CARTESIAN_POINT('',(-4.893617033958E0,7.434454771718E0,-5.E-2));
#5126=LINE('',#5125,#5124);
#5127=DIRECTION('',(0.E0,-1.776356839400E-14,1.E0));
#5128=VECTOR('',#5127,5.E-2);
#5129=CARTESIAN_POINT('',(-4.872340440750E0,7.538621398648E0,-5.E-2));
#5130=LINE('',#5129,#5128);
#5131=DIRECTION('',(0.E0,0.E0,1.E0));
#5132=VECTOR('',#5131,5.E-2);
#5133=CARTESIAN_POINT('',(-4.829787254333E0,7.601121398648E0,-5.E-2));
#5134=LINE('',#5133,#5132);
#5135=DIRECTION('',(-4.263258040873E-14,1.E0,0.E0));
#5136=VECTOR('',#5135,1.041666269300E-1);
#5137=CARTESIAN_POINT('',(-4.765957474709E0,7.642788144787E0,0.E0));
#5138=LINE('',#5137,#5136);
#5139=DIRECTION('',(0.E0,0.E0,1.E0));
#5140=VECTOR('',#5139,5.E-2);
#5141=CARTESIAN_POINT('',(-4.765957474709E0,7.642788144787E0,-5.E-2));
#5142=LINE('',#5141,#5140);
#5143=DIRECTION('',(0.E0,3.552713678801E-14,1.E0));
#5144=VECTOR('',#5143,5.E-2);
#5145=CARTESIAN_POINT('',(-4.765957474709E0,7.746954771717E0,-5.E-2));
#5146=LINE('',#5145,#5144);
#5147=DIRECTION('',(-1.776356839400E-14,0.E0,1.E0));
#5148=VECTOR('',#5147,5.E-2);
#5149=CARTESIAN_POINT('',(-4.851063847542E0,7.726121458252E0,-5.E-2));
#5150=LINE('',#5149,#5148);
#5151=DIRECTION('',(0.E0,-3.552713678800E-14,1.E0));
#5152=VECTOR('',#5151,5.E-2);
#5153=CARTESIAN_POINT('',(-4.936170220375E0,7.642788144787E0,-5.E-2));
#5154=LINE('',#5153,#5152);
#5155=DIRECTION('',(0.E0,0.E0,1.E0));
#5156=VECTOR('',#5155,5.E-2);
#5157=CARTESIAN_POINT('',(-4.978723406792E0,7.559454771717E0,-5.E-2));
#5158=LINE('',#5157,#5156);
#5159=DIRECTION('',(-1.193712934474E-12,-1.E0,0.E0));
#5160=VECTOR('',#5159,8.333325386162E-2);
#5161=CARTESIAN_POINT('',(-5.E0,7.413621398648E0,0.E0));
#5162=LINE('',#5161,#5160);
#5163=DIRECTION('',(0.E0,0.E0,1.E0));
#5164=VECTOR('',#5163,5.E-2);
#5165=CARTESIAN_POINT('',(-5.E0,7.413621398648E0,-5.E-2));
#5166=LINE('',#5165,#5164);
#5167=DIRECTION('',(0.E0,0.E0,1.E0));
#5168=VECTOR('',#5167,5.E-2);
#5169=CARTESIAN_POINT('',(-5.E0,7.330288144786E0,-5.E-2));
#5170=LINE('',#5169,#5168);
#5171=DIRECTION('',(0.E0,0.E0,1.E0));
#5172=VECTOR('',#5171,5.E-2);
#5173=CARTESIAN_POINT('',(-4.978723406792E0,7.205288144787E0,-5.E-2));
#5174=LINE('',#5173,#5172);
#5175=DIRECTION('',(0.E0,0.E0,1.E0));
#5176=VECTOR('',#5175,5.E-2);
#5177=CARTESIAN_POINT('',(-4.936170220375E0,7.121954771717E0,-5.E-2));
#5178=LINE('',#5177,#5176);
#5179=DIRECTION('',(0.E0,-5.329070518201E-14,1.E0));
#5180=VECTOR('',#5179,5.E-2);
#5181=CARTESIAN_POINT('',(-4.851063847542E0,7.038621398648E0,-5.E-2));
#5182=LINE('',#5181,#5180);
#5183=DIRECTION('',(1.E0,4.404027050336E-12,0.E0));
#5184=VECTOR('',#5183,4.255324602115E-2);
#5185=CARTESIAN_POINT('',(-4.765957474709E0,7.017788144787E0,0.E0));
#5186=LINE('',#5185,#5184);
#5187=DIRECTION('',(0.E0,0.E0,1.E0));
#5188=VECTOR('',#5187,5.E-2);
#5189=CARTESIAN_POINT('',(-4.765957474709E0,7.017788144787E0,-5.E-2));
#5190=LINE('',#5189,#5188);
#5191=DIRECTION('',(0.E0,0.E0,1.E0));
#5192=VECTOR('',#5191,5.E-2);
#5193=CARTESIAN_POINT('',(-4.723404228688E0,7.017788144787E0,-5.E-2));
#5194=LINE('',#5193,#5192);
#5195=DIRECTION('',(0.E0,0.E0,1.E0));
#5196=VECTOR('',#5195,5.E-2);
#5197=CARTESIAN_POINT('',(-4.638297855853E0,7.038621398648E0,-5.E-2));
#5198=LINE('',#5197,#5196);
#5199=DIRECTION('',(1.776356839400E-14,0.E0,1.E0));
#5200=VECTOR('',#5199,5.E-2);
#5201=CARTESIAN_POINT('',(-4.574468076230E0,7.080288144787E0,-5.E-2));
#5202=LINE('',#5201,#5200);
#5203=DIRECTION('',(0.E0,-1.E0,0.E0));
#5204=VECTOR('',#5203,5.833332538610E-1);
#5205=CARTESIAN_POINT('',(-4.106382980943E0,7.601121398648E0,0.E0));
#5206=LINE('',#5205,#5204);
#5207=DIRECTION('',(0.E0,0.E0,1.E0));
#5208=VECTOR('',#5207,5.E-2);
#5209=CARTESIAN_POINT('',(-4.106382980943E0,7.601121398648E0,-5.E-2));
#5210=LINE('',#5209,#5208);
#5211=DIRECTION('',(1.E0,0.E0,0.E0));
#5212=VECTOR('',#5211,1.063829809430E-1);
#5213=CARTESIAN_POINT('',(-4.106382980943E0,7.017788144787E0,0.E0));
#5214=LINE('',#5213,#5212);
#5215=DIRECTION('',(0.E0,0.E0,1.E0));
#5216=VECTOR('',#5215,5.E-2);
#5217=CARTESIAN_POINT('',(-4.106382980943E0,7.017788144787E0,-5.E-2));
#5218=LINE('',#5217,#5216);
#5219=DIRECTION('',(0.E0,1.E0,0.E0));
#5220=VECTOR('',#5219,7.499999403960E-1);
#5221=CARTESIAN_POINT('',(-4.E0,7.017788144787E0,0.E0));
#5222=LINE('',#5221,#5220);
#5223=DIRECTION('',(0.E0,0.E0,1.E0));
#5224=VECTOR('',#5223,5.E-2);
#5225=CARTESIAN_POINT('',(-4.E0,7.017788144787E0,-5.E-2));
#5226=LINE('',#5225,#5224);
#5227=DIRECTION('',(-1.E0,-1.836752933628E-12,0.E0));
#5228=VECTOR('',#5227,1.063829809424E-1);
#5229=CARTESIAN_POINT('',(-4.E0,7.767788085183E0,-5.E-2));
#5230=LINE('',#5229,#5228);
#5231=DIRECTION('',(-6.737899277361E-1,-7.389229549022E-1,0.E0));
#5232=VECTOR('',#5231,7.894372608074E-1);
#5233=CARTESIAN_POINT('',(-4.106382980942E0,7.767788085183E0,-5.E-2));
#5234=LINE('',#5233,#5232);
#5235=DIRECTION('',(-8.981382627796E-1,-4.397131575599E-1,0.E0));
#5236=VECTOR('',#5235,9.475865394005E-2);
#5237=CARTESIAN_POINT('',(-4.638297855854E0,7.184454771717E0,-5.E-2));
#5238=LINE('',#5237,#5236);
#5239=DIRECTION('',(-1.E0,2.087216611504E-12,0.E0));
#5240=VECTOR('',#5239,4.255324602175E-2);
#5241=CARTESIAN_POINT('',(-4.723404228687E0,7.142788144787E0,-5.E-2));
#5242=LINE('',#5241,#5240);
#5243=DIRECTION('',(-8.373793591562E-1,5.466221810896E-1,0.E0));
#5244=VECTOR('',#5243,7.622564244822E-2);
#5245=CARTESIAN_POINT('',(-4.765957474709E0,7.142788144787E0,-5.E-2));
#5246=LINE('',#5245,#5244);
#5247=DIRECTION('',(-5.627909312413E-1,8.265992787999E-1,0.E0));
#5248=VECTOR('',#5247,7.561100233519E-2);
#5249=CARTESIAN_POINT('',(-4.829787254333E0,7.184454771717E0,-5.E-2));
#5250=LINE('',#5249,#5248);
#5251=DIRECTION('',(-2.001234283421E-1,9.797706943100E-1,0.E0));
#5252=VECTOR('',#5251,1.063173531687E-1);
#5253=CARTESIAN_POINT('',(-4.872340440750E0,7.246954771717E0,-5.E-2));
#5254=LINE('',#5253,#5252);
#5255=DIRECTION('',(-1.811883112214E-12,1.E0,0.E0));
#5256=VECTOR('',#5255,8.333337306980E-2);
#5257=CARTESIAN_POINT('',(-4.893617033958E0,7.351121398648E0,-5.E-2));
#5258=LINE('',#5257,#5256);
#5259=DIRECTION('',(2.001234283430E-1,9.797706943098E-1,0.E0));
#5260=VECTOR('',#5259,1.063173531673E-1);
#5261=CARTESIAN_POINT('',(-4.893617033958E0,7.434454771718E0,-5.E-2));
#5262=LINE('',#5261,#5260);
#5263=DIRECTION('',(5.627909312426E-1,8.265992787990E-1,0.E0));
#5264=VECTOR('',#5263,7.561100233622E-2);
#5265=CARTESIAN_POINT('',(-4.872340440750E0,7.538621398648E0,-5.E-2));
#5266=LINE('',#5265,#5264);
#5267=DIRECTION('',(8.373786433118E-1,5.466232777016E-1,0.E0));
#5268=VECTOR('',#5267,7.622570761004E-2);
#5269=CARTESIAN_POINT('',(-4.829787254333E0,7.601121398648E0,-5.E-2));
#5270=LINE('',#5269,#5268);
#5271=DIRECTION('',(-3.410606432698E-14,1.E0,0.E0));
#5272=VECTOR('',#5271,1.041666269300E-1);
#5273=CARTESIAN_POINT('',(-4.765957474709E0,7.642788144787E0,-5.E-2));
#5274=LINE('',#5273,#5272);
#5275=DIRECTION('',(-9.713212062349E-1,-2.377711385311E-1,0.E0));
#5276=VECTOR('',#5275,8.761918538031E-2);
#5277=CARTESIAN_POINT('',(-4.765957474709E0,7.746954771717E0,-5.E-2));
#5278=LINE('',#5277,#5276);
#5279=DIRECTION('',(-7.145104681854E-1,-6.996247500293E-1,0.E0));
#5280=VECTOR('',#5279,1.191114429008E-1);
#5281=CARTESIAN_POINT('',(-4.851063847542E0,7.726121458252E0,-5.E-2));
#5282=LINE('',#5281,#5280);
#5283=DIRECTION('',(-4.547769415435E-1,-8.906053746976E-1,0.E0));
#5284=VECTOR('',#5283,9.356935791903E-2);
#5285=CARTESIAN_POINT('',(-4.936170220375E0,7.642788144787E0,-5.E-2));
#5286=LINE('',#5285,#5284);
#5287=DIRECTION('',(-1.443681923966E-1,-9.895240396393E-1,0.E0));
#5288=VECTOR('',#5287,1.473772917355E-1);
#5289=CARTESIAN_POINT('',(-4.978723406792E0,7.559454771717E0,-5.E-2));
#5290=LINE('',#5289,#5288);
#5291=DIRECTION('',(-1.193712934474E-12,-1.E0,0.E0));
#5292=VECTOR('',#5291,8.333325386162E-2);
#5293=CARTESIAN_POINT('',(-5.E0,7.413621398648E0,-5.E-2));
#5294=LINE('',#5293,#5292);
#5295=DIRECTION('',(1.677993286081E-1,-9.858211730931E-1,0.E0));
#5296=VECTOR('',#5295,1.267978446911E-1);
#5297=CARTESIAN_POINT('',(-5.E0,7.330288144786E0,-5.E-2));
#5298=LINE('',#5297,#5296);
#5299=DIRECTION('',(4.547769415452E-1,-8.906053746968E-1,0.E0));
#5300=VECTOR('',#5299,9.356935791929E-2);
#5301=CARTESIAN_POINT('',(-4.978723406792E0,7.205288144787E0,-5.E-2));
#5302=LINE('',#5301,#5300);
#5303=DIRECTION('',(7.145102180350E-1,-6.996250055019E-1,0.E0));
#5304=VECTOR('',#5303,1.191114846018E-1);
#5305=CARTESIAN_POINT('',(-4.936170220375E0,7.121954771717E0,-5.E-2));
#5306=LINE('',#5305,#5304);
#5307=DIRECTION('',(9.713213633439E-1,-2.377704967227E-1,0.E0));
#5308=VECTOR('',#5307,8.761917120796E-2);
#5309=CARTESIAN_POINT('',(-4.851063847542E0,7.038621398648E0,-5.E-2));
#5310=LINE('',#5309,#5308);
#5311=DIRECTION('',(1.E0,4.404027050336E-12,0.E0));
#5312=VECTOR('',#5311,4.255324602115E-2);
#5313=CARTESIAN_POINT('',(-4.765957474709E0,7.017788144787E0,-5.E-2));
#5314=LINE('',#5313,#5312);
#5315=DIRECTION('',(9.713213633443E-1,2.377704967211E-1,0.E0));
#5316=VECTOR('',#5315,8.761917120960E-2);
#5317=CARTESIAN_POINT('',(-4.723404228688E0,7.017788144787E0,-5.E-2));
#5318=LINE('',#5317,#5316);
#5319=DIRECTION('',(8.373786433116E-1,5.466232777019E-1,0.E0));
#5320=VECTOR('',#5319,7.622570760961E-2);
#5321=CARTESIAN_POINT('',(-4.638297855853E0,7.038621398648E0,-5.E-2));
#5322=LINE('',#5321,#5320);
#5323=DIRECTION('',(6.684400333336E-1,7.437660397175E-1,0.E0));
#5324=VECTOR('',#5323,7.002649032741E-1);
#5325=CARTESIAN_POINT('',(-4.574468076230E0,7.080288144787E0,-5.E-2));
#5326=LINE('',#5325,#5324);
#5327=DIRECTION('',(0.E0,-1.E0,0.E0));
#5328=VECTOR('',#5327,5.833332538610E-1);
#5329=CARTESIAN_POINT('',(-4.106382980943E0,7.601121398648E0,-5.E-2));
#5330=LINE('',#5329,#5328);
#5331=DIRECTION('',(1.E0,0.E0,0.E0));
#5332=VECTOR('',#5331,1.063829809430E-1);
#5333=CARTESIAN_POINT('',(-4.106382980943E0,7.017788144787E0,-5.E-2));
#5334=LINE('',#5333,#5332);
#5335=DIRECTION('',(0.E0,1.E0,0.E0));
#5336=VECTOR('',#5335,7.499999403960E-1);
#5337=CARTESIAN_POINT('',(-4.E0,7.017788144787E0,-5.E-2));
#5338=LINE('',#5337,#5336);
#5339=DIRECTION('',(1.E0,5.677237135489E-13,0.E0));
#5340=VECTOR('',#5339,1.063829660418E-1);
#5341=CARTESIAN_POINT('',(-5.E0,6.101121517857E0,0.E0));
#5342=LINE('',#5341,#5340);
#5343=DIRECTION('',(0.E0,0.E0,1.E0));
#5344=VECTOR('',#5343,5.E-2);
#5345=CARTESIAN_POINT('',(-5.E0,6.101121517857E0,-5.E-2));
#5346=LINE('',#5345,#5344);
#5347=DIRECTION('',(0.E0,0.E0,1.E0));
#5348=VECTOR('',#5347,5.E-2);
#5349=CARTESIAN_POINT('',(-4.893617033958E0,6.101121517857E0,-5.E-2));
#5350=LINE('',#5349,#5348);
#5351=DIRECTION('',(2.273736754435E-13,1.E0,0.E0));
#5352=VECTOR('',#5351,1.249999999999E-1);
#5353=CARTESIAN_POINT('',(-4.E0,6.517788025578E0,0.E0));
#5354=LINE('',#5353,#5352);
#5355=DIRECTION('',(0.E0,0.E0,1.E0));
#5356=VECTOR('',#5355,5.E-2);
#5357=CARTESIAN_POINT('',(-4.E0,6.517788025578E0,-5.E-2));
#5358=LINE('',#5357,#5356);
#5359=DIRECTION('',(0.E0,1.776356839400E-14,1.E0));
#5360=VECTOR('',#5359,5.E-2);
#5361=CARTESIAN_POINT('',(-4.E0,6.642788025578E0,-5.E-2));
#5362=LINE('',#5361,#5360);
#5363=DIRECTION('',(0.E0,1.E0,0.E0));
#5364=VECTOR('',#5363,6.249998807910E-1);
#5365=CARTESIAN_POINT('',(-4.893617033958E0,6.226121517857E0,0.E0));
#5366=LINE('',#5365,#5364);
#5367=DIRECTION('',(0.E0,0.E0,1.E0));
#5368=VECTOR('',#5367,5.E-2);
#5369=CARTESIAN_POINT('',(-4.893617033958E0,6.226121517857E0,-5.E-2));
#5370=LINE('',#5369,#5368);
#5371=DIRECTION('',(-1.E0,0.E0,0.E0));
#5372=VECTOR('',#5371,1.063829660420E-1);
#5373=CARTESIAN_POINT('',(-4.893617033958E0,6.851121398648E0,0.E0));
#5374=LINE('',#5373,#5372);
#5375=DIRECTION('',(0.E0,0.E0,1.E0));
#5376=VECTOR('',#5375,5.E-2);
#5377=CARTESIAN_POINT('',(-4.893617033958E0,6.851121398648E0,-5.E-2));
#5378=LINE('',#5377,#5376);
#5379=DIRECTION('',(0.E0,-1.E0,0.E0));
#5380=VECTOR('',#5379,7.499998807910E-1);
#5381=CARTESIAN_POINT('',(-5.E0,6.851121398648E0,0.E0));
#5382=LINE('',#5381,#5380);
#5383=DIRECTION('',(0.E0,0.E0,1.E0));
#5384=VECTOR('',#5383,5.E-2);
#5385=CARTESIAN_POINT('',(-5.E0,6.851121398648E0,-5.E-2));
#5386=LINE('',#5385,#5384);
#5387=DIRECTION('',(1.E0,5.677237135489E-13,0.E0));
#5388=VECTOR('',#5387,1.063829660418E-1);
#5389=CARTESIAN_POINT('',(-5.E0,6.101121517857E0,-5.E-2));
#5390=LINE('',#5389,#5388);
#5391=DIRECTION('',(9.063209784315E-1,4.225899715503E-1,0.E0));
#5392=VECTOR('',#5391,9.859829522038E-1);
#5393=CARTESIAN_POINT('',(-4.893617033958E0,6.101121517857E0,-5.E-2));
#5394=LINE('',#5393,#5392);
#5395=DIRECTION('',(2.273736754435E-13,1.E0,0.E0));
#5396=VECTOR('',#5395,1.249999999999E-1);
#5397=CARTESIAN_POINT('',(-4.E0,6.517788025578E0,-5.E-2));
#5398=LINE('',#5397,#5396);
#5399=DIRECTION('',(-9.063209784315E-1,-4.225899715503E-1,0.E0));
#5400=VECTOR('',#5399,9.859829522037E-1);
#5401=CARTESIAN_POINT('',(-4.E0,6.642788025578E0,-5.E-2));
#5402=LINE('',#5401,#5400);
#5403=DIRECTION('',(0.E0,1.E0,0.E0));
#5404=VECTOR('',#5403,6.249998807910E-1);
#5405=CARTESIAN_POINT('',(-4.893617033958E0,6.226121517857E0,-5.E-2));
#5406=LINE('',#5405,#5404);
#5407=DIRECTION('',(-1.E0,0.E0,0.E0));
#5408=VECTOR('',#5407,1.063829660420E-1);
#5409=CARTESIAN_POINT('',(-4.893617033958E0,6.851121398648E0,-5.E-2));
#5410=LINE('',#5409,#5408);
#5411=DIRECTION('',(0.E0,-1.E0,0.E0));
#5412=VECTOR('',#5411,7.499998807910E-1);
#5413=CARTESIAN_POINT('',(-5.E0,6.851121398648E0,-5.E-2));
#5414=LINE('',#5413,#5412);
#5415=DIRECTION('',(1.E0,0.E0,0.E0));
#5416=VECTOR('',#5415,1.063829958440E-1);
#5417=CARTESIAN_POINT('',(-4.468085110188E0,5.642788025578E0,0.E0));
#5418=LINE('',#5417,#5416);
#5419=DIRECTION('',(0.E0,0.E0,1.E0));
#5420=VECTOR('',#5419,5.E-2);
#5421=CARTESIAN_POINT('',(-4.468085110188E0,5.642788025578E0,-5.E-2));
#5422=LINE('',#5421,#5420);
#5423=DIRECTION('',(0.E0,1.E0,0.E0));
#5424=VECTOR('',#5423,2.916667461390E-1);
#5425=CARTESIAN_POINT('',(-4.361702114344E0,5.642788025578E0,0.E0));
#5426=LINE('',#5425,#5424);
#5427=DIRECTION('',(0.E0,0.E0,1.E0));
#5428=VECTOR('',#5427,5.E-2);
#5429=CARTESIAN_POINT('',(-4.361702114344E0,5.642788025578E0,-5.E-2));
#5430=LINE('',#5429,#5428);
#5431=DIRECTION('',(-1.E0,0.E0,0.E0));
#5432=VECTOR('',#5431,1.063829958440E-1);
#5433=CARTESIAN_POINT('',(-4.361702114344E0,5.934454771717E0,0.E0));
#5434=LINE('',#5433,#5432);
#5435=DIRECTION('',(0.E0,0.E0,1.E0));
#5436=VECTOR('',#5435,5.E-2);
#5437=CARTESIAN_POINT('',(-4.361702114344E0,5.934454771717E0,-5.E-2));
#5438=LINE('',#5437,#5436);
#5439=DIRECTION('',(0.E0,-1.E0,0.E0));
#5440=VECTOR('',#5439,2.916667461390E-1);
#5441=CARTESIAN_POINT('',(-4.468085110188E0,5.934454771717E0,0.E0));
#5442=LINE('',#5441,#5440);
#5443=DIRECTION('',(0.E0,0.E0,1.E0));
#5444=VECTOR('',#5443,5.E-2);
#5445=CARTESIAN_POINT('',(-4.468085110188E0,5.934454771717E0,-5.E-2));
#5446=LINE('',#5445,#5444);
#5447=DIRECTION('',(1.E0,0.E0,0.E0));
#5448=VECTOR('',#5447,1.063829958440E-1);
#5449=CARTESIAN_POINT('',(-4.468085110188E0,5.642788025578E0,-5.E-2));
#5450=LINE('',#5449,#5448);
#5451=DIRECTION('',(0.E0,1.E0,0.E0));
#5452=VECTOR('',#5451,2.916667461390E-1);
#5453=CARTESIAN_POINT('',(-4.361702114344E0,5.642788025578E0,-5.E-2));
#5454=LINE('',#5453,#5452);
#5455=DIRECTION('',(-1.E0,0.E0,0.E0));
#5456=VECTOR('',#5455,1.063829958440E-1);
#5457=CARTESIAN_POINT('',(-4.361702114344E0,5.934454771717E0,-5.E-2));
#5458=LINE('',#5457,#5456);
#5459=DIRECTION('',(0.E0,-1.E0,0.E0));
#5460=VECTOR('',#5459,2.916667461390E-1);
#5461=CARTESIAN_POINT('',(-4.468085110188E0,5.934454771717E0,-5.E-2));
#5462=LINE('',#5461,#5460);
#5463=DIRECTION('',(1.E0,0.E0,0.E0));
#5464=VECTOR('',#5463,1.E0);
#5465=CARTESIAN_POINT('',(-5.E0,5.226121517857E0,0.E0));
#5466=LINE('',#5465,#5464);
#5467=DIRECTION('',(0.E0,0.E0,1.E0));
#5468=VECTOR('',#5467,5.E-2);
#5469=CARTESIAN_POINT('',(-5.E0,5.226121517857E0,-5.E-2));
#5470=LINE('',#5469,#5468);
#5471=DIRECTION('',(0.E0,1.E0,0.E0));
#5472=VECTOR('',#5471,1.25E-1);
#5473=CARTESIAN_POINT('',(-4.E0,5.226121517857E0,0.E0));
#5474=LINE('',#5473,#5472);
#5475=DIRECTION('',(0.E0,0.E0,1.E0));
#5476=VECTOR('',#5475,5.E-2);
#5477=CARTESIAN_POINT('',(-4.E0,5.226121517857E0,-5.E-2));
#5478=LINE('',#5477,#5476);
#5479=DIRECTION('',(-1.E0,1.669775388205E-13,0.E0));
#5480=VECTOR('',#5479,8.297872543334E-1);
#5481=CARTESIAN_POINT('',(-4.E0,5.351121517857E0,0.E0));
#5482=LINE('',#5481,#5480);
#5483=DIRECTION('',(0.E0,0.E0,1.E0));
#5484=VECTOR('',#5483,5.E-2);
#5485=CARTESIAN_POINT('',(-4.E0,5.351121517857E0,-5.E-2));
#5486=LINE('',#5485,#5484);
#5487=DIRECTION('',(0.E0,0.E0,1.E0));
#5488=VECTOR('',#5487,5.E-2);
#5489=CARTESIAN_POINT('',(-4.829787254333E0,5.351121517857E0,-5.E-2));
#5490=LINE('',#5489,#5488);
#5491=DIRECTION('',(-1.E0,-1.930677393901E-13,0.E0));
#5492=VECTOR('',#5491,1.702128052709E-1);
#5493=CARTESIAN_POINT('',(-4.680851042271E0,5.476121517857E0,0.E0));
#5494=LINE('',#5493,#5492);
#5495=DIRECTION('',(0.E0,0.E0,1.E0));
#5496=VECTOR('',#5495,5.E-2);
#5497=CARTESIAN_POINT('',(-4.680851042271E0,5.476121517857E0,-5.E-2));
#5498=LINE('',#5497,#5496);
#5499=DIRECTION('',(0.E0,0.E0,1.E0));
#5500=VECTOR('',#5499,5.E-2);
#5501=CARTESIAN_POINT('',(-4.851063847542E0,5.476121517857E0,-5.E-2));
#5502=LINE('',#5501,#5500);
#5503=DIRECTION('',(0.E0,-1.E0,0.E0));
#5504=VECTOR('',#5503,1.25E-1);
#5505=CARTESIAN_POINT('',(-5.E0,5.351121517857E0,0.E0));
#5506=LINE('',#5505,#5504);
#5507=DIRECTION('',(0.E0,0.E0,1.E0));
#5508=VECTOR('',#5507,5.E-2);
#5509=CARTESIAN_POINT('',(-5.E0,5.351121517857E0,-5.E-2));
#5510=LINE('',#5509,#5508);
#5511=DIRECTION('',(1.E0,0.E0,0.E0));
#5512=VECTOR('',#5511,1.E0);
#5513=CARTESIAN_POINT('',(-5.E0,5.226121517857E0,-5.E-2));
#5514=LINE('',#5513,#5512);
#5515=DIRECTION('',(0.E0,1.E0,0.E0));
#5516=VECTOR('',#5515,1.25E-1);
#5517=CARTESIAN_POINT('',(-4.E0,5.226121517857E0,-5.E-2));
#5518=LINE('',#5517,#5516);
#5519=DIRECTION('',(-1.E0,1.669775388205E-13,0.E0));
#5520=VECTOR('',#5519,8.297872543334E-1);
#5521=CARTESIAN_POINT('',(-4.E0,5.351121517857E0,-5.E-2));
#5522=LINE('',#5521,#5520);
#5523=DIRECTION('',(7.659743427819E-1,6.428711427649E-1,0.E0));
#5524=VECTOR('',#5523,1.944402099964E-1);
#5525=CARTESIAN_POINT('',(-4.829787254333E0,5.351121517857E0,-5.E-2));
#5526=LINE('',#5525,#5524);
#5527=DIRECTION('',(-1.E0,-1.930677393901E-13,0.E0));
#5528=VECTOR('',#5527,1.702128052709E-1);
#5529=CARTESIAN_POINT('',(-4.680851042271E0,5.476121517857E0,-5.E-2));
#5530=LINE('',#5529,#5528);
#5531=DIRECTION('',(-7.659742160924E-1,-6.428712937141E-1,0.E0));
#5532=VECTOR('',#5531,1.944401643411E-1);
#5533=CARTESIAN_POINT('',(-4.851063847542E0,5.476121517857E0,-5.E-2));
#5534=LINE('',#5533,#5532);
#5535=DIRECTION('',(0.E0,-1.E0,0.E0));
#5536=VECTOR('',#5535,1.25E-1);
#5537=CARTESIAN_POINT('',(-5.E0,5.351121517857E0,-5.E-2));
#5538=LINE('',#5537,#5536);
#5539=CARTESIAN_POINT('',(4.94E0,2.7E0,0.E0));
#5540=CARTESIAN_POINT('',(4.94E0,0.E0,0.E0));
#5541=VERTEX_POINT('',#5539);
#5542=VERTEX_POINT('',#5540);
#5543=CARTESIAN_POINT('',(6.103771417551E0,0.E0,0.E0));
#5544=VERTEX_POINT('',#5543);
#5545=CARTESIAN_POINT('',(6.103771417551E0,1.36E1,0.E0));
#5546=VERTEX_POINT('',#5545);
#5547=CARTESIAN_POINT('',(5.303771417551E0,1.44E1,0.E0));
#5548=VERTEX_POINT('',#5547);
#5549=CARTESIAN_POINT('',(-5.303771417551E0,1.44E1,0.E0));
#5550=VERTEX_POINT('',#5549);
#5551=CARTESIAN_POINT('',(-6.103771417551E0,1.36E1,0.E0));
#5552=VERTEX_POINT('',#5551);
#5553=CARTESIAN_POINT('',(-6.103771417551E0,0.E0,0.E0));
#5554=VERTEX_POINT('',#5553);
#5555=CARTESIAN_POINT('',(-4.94E0,0.E0,0.E0));
#5556=VERTEX_POINT('',#5555);
#5557=CARTESIAN_POINT('',(-4.94E0,2.7E0,0.E0));
#5558=VERTEX_POINT('',#5557);
#5559=CARTESIAN_POINT('',(-5.105E0,1.34E1,0.E0));
#5560=CARTESIAN_POINT('',(-5.105E0,1.12E1,0.E0));
#5561=VERTEX_POINT('',#5559);
#5562=VERTEX_POINT('',#5560);
#5563=CARTESIAN_POINT('',(5.105E0,1.34E1,0.E0));
#5564=VERTEX_POINT('',#5563);
#5565=CARTESIAN_POINT('',(5.105E0,1.12E1,0.E0));
#5566=VERTEX_POINT('',#5565);
#5567=CARTESIAN_POINT('',(2.35E-1,3.7E0,0.E0));
#5568=CARTESIAN_POINT('',(2.35E-1,1.02E1,0.E0));
#5569=VERTEX_POINT('',#5567);
#5570=VERTEX_POINT('',#5568);
#5571=CARTESIAN_POINT('',(7.85E-1,1.02E1,0.E0));
#5572=VERTEX_POINT('',#5571);
#5573=CARTESIAN_POINT('',(7.85E-1,3.7E0,0.E0));
#5574=VERTEX_POINT('',#5573);
#5575=CARTESIAN_POINT('',(1.255E0,3.7E0,0.E0));
#5576=CARTESIAN_POINT('',(1.255E0,1.02E1,0.E0));
#5577=VERTEX_POINT('',#5575);
#5578=VERTEX_POINT('',#5576);
#5579=CARTESIAN_POINT('',(1.805E0,1.02E1,0.E0));
#5580=VERTEX_POINT('',#5579);
#5581=CARTESIAN_POINT('',(1.805E0,3.7E0,0.E0));
#5582=VERTEX_POINT('',#5581);
#5583=CARTESIAN_POINT('',(2.275E0,3.7E0,0.E0));
#5584=CARTESIAN_POINT('',(2.275E0,1.02E1,0.E0));
#5585=VERTEX_POINT('',#5583);
#5586=VERTEX_POINT('',#5584);
#5587=CARTESIAN_POINT('',(2.825E0,1.02E1,0.E0));
#5588=VERTEX_POINT('',#5587);
#5589=CARTESIAN_POINT('',(2.825E0,3.7E0,0.E0));
#5590=VERTEX_POINT('',#5589);
#5591=CARTESIAN_POINT('',(-7.85E-1,3.7E0,0.E0));
#5592=CARTESIAN_POINT('',(-7.85E-1,1.02E1,0.E0));
#5593=VERTEX_POINT('',#5591);
#5594=VERTEX_POINT('',#5592);
#5595=CARTESIAN_POINT('',(-2.35E-1,1.02E1,0.E0));
#5596=VERTEX_POINT('',#5595);
#5597=CARTESIAN_POINT('',(-2.35E-1,3.7E0,0.E0));
#5598=VERTEX_POINT('',#5597);
#5599=CARTESIAN_POINT('',(-1.805E0,3.7E0,0.E0));
#5600=CARTESIAN_POINT('',(-1.805E0,1.02E1,0.E0));
#5601=VERTEX_POINT('',#5599);
#5602=VERTEX_POINT('',#5600);
#5603=CARTESIAN_POINT('',(-1.255E0,1.02E1,0.E0));
#5604=VERTEX_POINT('',#5603);
#5605=CARTESIAN_POINT('',(-1.255E0,3.7E0,0.E0));
#5606=VERTEX_POINT('',#5605);
#5607=CARTESIAN_POINT('',(-2.825E0,3.7E0,0.E0));
#5608=CARTESIAN_POINT('',(-2.825E0,1.02E1,0.E0));
#5609=VERTEX_POINT('',#5607);
#5610=VERTEX_POINT('',#5608);
#5611=CARTESIAN_POINT('',(-2.275E0,1.02E1,0.E0));
#5612=VERTEX_POINT('',#5611);
#5613=CARTESIAN_POINT('',(-2.275E0,3.7E0,0.E0));
#5614=VERTEX_POINT('',#5613);
#5615=CARTESIAN_POINT('',(5.210344166733E0,6.473870646210E0,0.E0));
#5616=CARTESIAN_POINT('',(5.137999577752E0,6.431446952045E0,0.E0));
#5617=VERTEX_POINT('',#5615);
#5618=VERTEX_POINT('',#5616);
#5619=CARTESIAN_POINT('',(4.903744496006E0,6.431446952045E0,0.E0));
#5620=VERTEX_POINT('',#5619);
#5621=CARTESIAN_POINT('',(5.002636694764E0,6.011828414245E0,0.E0));
#5622=VERTEX_POINT('',#5621);
#5623=CARTESIAN_POINT('',(4.694941313677E0,6.011828414245E0,0.E0));
#5624=VERTEX_POINT('',#5623);
#5625=CARTESIAN_POINT('',(4.602091877093E0,6.424935055240E0,0.E0));
#5626=VERTEX_POINT('',#5625);
#5627=CARTESIAN_POINT('',(4.548447382742E0,6.424935055240E0,0.E0));
#5628=VERTEX_POINT('',#5627);
#5629=CARTESIAN_POINT('',(4.403217808028E0,6.011828414245E0,0.E0));
#5630=VERTEX_POINT('',#5629);
#5631=CARTESIAN_POINT('',(3.718019923597E0,6.011828414245E0,0.E0));
#5632=VERTEX_POINT('',#5631);
#5633=CARTESIAN_POINT('',(3.577388117651E0,6.152460220191E0,0.E0));
#5634=VERTEX_POINT('',#5633);
#5635=CARTESIAN_POINT('',(3.585938788446E0,6.200749748879E0,0.E0));
#5636=VERTEX_POINT('',#5635);
#5637=CARTESIAN_POINT('',(3.906510678427E0,7.125561527210E0,0.E0));
#5638=VERTEX_POINT('',#5637);
#5639=CARTESIAN_POINT('',(4.245018417330E0,7.125561527210E0,0.E0));
#5640=VERTEX_POINT('',#5639);
#5641=CARTESIAN_POINT('',(3.973041773439E0,6.351750261796E0,0.E0));
#5642=VERTEX_POINT('',#5641);
#5643=CARTESIAN_POINT('',(4.172732773440E0,6.351750261796E0,0.E0));
#5644=VERTEX_POINT('',#5643);
#5645=CARTESIAN_POINT('',(4.444709417331E0,7.125561527210E0,0.E0));
#5646=VERTEX_POINT('',#5645);
#5647=CARTESIAN_POINT('',(5.238492619036E0,7.125561527210E0,0.E0));
#5648=VERTEX_POINT('',#5647);
#5649=CARTESIAN_POINT('',(5.379124424982E0,6.984929721264E0,0.E0));
#5650=VERTEX_POINT('',#5649);
#5651=CARTESIAN_POINT('',(5.371072759805E0,6.938027577204E0,0.E0));
#5652=VERTEX_POINT('',#5651);
#5653=CARTESIAN_POINT('',(-4.106382980943E0,7.996954771717E0,0.E0));
#5654=CARTESIAN_POINT('',(-4.170212760567E0,7.955288085183E0,0.E0));
#5655=VERTEX_POINT('',#5653);
#5656=VERTEX_POINT('',#5654);
#5657=CARTESIAN_POINT('',(-4.234042555095E0,7.934454771717E0,0.E0));
#5658=VERTEX_POINT('',#5657);
#5659=CARTESIAN_POINT('',(-4.319148927927E0,7.934454771717E0,0.E0));
#5660=VERTEX_POINT('',#5659);
#5661=CARTESIAN_POINT('',(-4.404255330562E0,7.955288085182E0,0.E0));
#5662=VERTEX_POINT('',#5661);
#5663=CARTESIAN_POINT('',(-4.468085110188E0,7.996954771718E0,0.E0));
#5664=VERTEX_POINT('',#5663);
#5665=CARTESIAN_POINT('',(-4.510638296604E0,8.101121458252E0,0.E0));
#5666=VERTEX_POINT('',#5665);
#5667=CARTESIAN_POINT('',(-4.574468076228E0,8.017788085183E0,0.E0));
#5668=VERTEX_POINT('',#5667);
#5669=CARTESIAN_POINT('',(-4.638297855855E0,7.976121458252E0,0.E0));
#5670=VERTEX_POINT('',#5669);
#5671=CARTESIAN_POINT('',(-4.723404228686E0,7.955288085183E0,0.E0));
#5672=VERTEX_POINT('',#5671);
#5673=CARTESIAN_POINT('',(-4.765957474709E0,7.955288085183E0,0.E0));
#5674=VERTEX_POINT('',#5673);
#5675=CARTESIAN_POINT('',(-4.851063847542E0,7.976121458253E0,0.E0));
#5676=VERTEX_POINT('',#5675);
#5677=CARTESIAN_POINT('',(-4.936170220375E0,8.059454771717E0,0.E0));
#5678=VERTEX_POINT('',#5677);
#5679=CARTESIAN_POINT('',(-4.978723406792E0,8.142788085183E0,0.E0));
#5680=VERTEX_POINT('',#5679);
#5681=CARTESIAN_POINT('',(-5.E0,8.288621428449E0,0.E0));
#5682=VERTEX_POINT('',#5681);
#5683=CARTESIAN_POINT('',(-5.E0,8.330288114985E0,0.E0));
#5684=VERTEX_POINT('',#5683);
#5685=CARTESIAN_POINT('',(-4.978723406792E0,8.476121443351E0,0.E0));
#5686=VERTEX_POINT('',#5685);
#5687=CARTESIAN_POINT('',(-4.936170220375E0,8.559454771717E0,0.E0));
#5688=VERTEX_POINT('',#5687);
#5689=CARTESIAN_POINT('',(-4.851063847542E0,8.642788103809E0,0.E0));
#5690=VERTEX_POINT('',#5689);
#5691=CARTESIAN_POINT('',(-4.765957474709E0,8.663621437763E0,0.E0));
#5692=VERTEX_POINT('',#5691);
#5693=CARTESIAN_POINT('',(-4.765957474709E0,8.559454771717E0,0.E0));
#5694=VERTEX_POINT('',#5693);
#5695=CARTESIAN_POINT('',(-4.829787254333E0,8.517788100084E0,0.E0));
#5696=VERTEX_POINT('',#5695);
#5697=CARTESIAN_POINT('',(-4.872340440750E0,8.455288100084E0,0.E0));
#5698=VERTEX_POINT('',#5697);
#5699=CARTESIAN_POINT('',(-4.893617033958E0,8.351121428451E0,0.E0));
#5700=VERTEX_POINT('',#5699);
#5701=CARTESIAN_POINT('',(-4.893617033958E0,8.267788114985E0,0.E0));
#5702=VERTEX_POINT('',#5701);
#5703=CARTESIAN_POINT('',(-4.872340440750E0,8.163621458252E0,0.E0));
#5704=VERTEX_POINT('',#5703);
#5705=CARTESIAN_POINT('',(-4.829787254333E0,8.101121458252E0,0.E0));
#5706=VERTEX_POINT('',#5705);
#5707=CARTESIAN_POINT('',(-4.765957474709E0,8.059454771717E0,0.E0));
#5708=VERTEX_POINT('',#5707);
#5709=CARTESIAN_POINT('',(-4.723404228687E0,8.059454771717E0,0.E0));
#5710=VERTEX_POINT('',#5709);
#5711=CARTESIAN_POINT('',(-4.638297855854E0,8.101121458252E0,0.E0));
#5712=VERTEX_POINT('',#5711);
#5713=CARTESIAN_POINT('',(-4.595744669437E0,8.142788085183E0,0.E0));
#5714=VERTEX_POINT('',#5713);
#5715=CARTESIAN_POINT('',(-4.553191483021E0,8.267788114984E0,0.E0));
#5716=VERTEX_POINT('',#5715);
#5717=CARTESIAN_POINT('',(-4.553191483021E0,8.351121428450E0,0.E0));
#5718=VERTEX_POINT('',#5717);
#5719=CARTESIAN_POINT('',(-4.468085110188E0,8.351121428450E0,0.E0));
#5720=VERTEX_POINT('',#5719);
#5721=CARTESIAN_POINT('',(-4.468085110188E0,8.267788114985E0,0.E0));
#5722=VERTEX_POINT('',#5721);
#5723=CARTESIAN_POINT('',(-4.446808516980E0,8.142788085183E0,0.E0));
#5724=VERTEX_POINT('',#5723);
#5725=CARTESIAN_POINT('',(-4.404255330563E0,8.080288085183E0,0.E0));
#5726=VERTEX_POINT('',#5725);
#5727=CARTESIAN_POINT('',(-4.319148927927E0,8.038621458252E0,0.E0));
#5728=VERTEX_POINT('',#5727);
#5729=CARTESIAN_POINT('',(-4.234042555094E0,8.038621458252E0,0.E0));
#5730=VERTEX_POINT('',#5729);
#5731=CARTESIAN_POINT('',(-4.191489368677E0,8.059454771717E0,0.E0));
#5732=VERTEX_POINT('',#5731);
#5733=CARTESIAN_POINT('',(-4.148936167359E0,8.101121458252E0,0.E0));
#5734=VERTEX_POINT('',#5733);
#5735=CARTESIAN_POINT('',(-4.127659574151E0,8.142788085182E0,0.E0));
#5736=VERTEX_POINT('',#5735);
#5737=CARTESIAN_POINT('',(-4.106382980943E0,8.246954771717E0,0.E0));
#5738=VERTEX_POINT('',#5737);
#5739=CARTESIAN_POINT('',(-4.106382980943E0,8.371954771717E0,0.E0));
#5740=VERTEX_POINT('',#5739);
#5741=CARTESIAN_POINT('',(-4.127659574151E0,8.476121443351E0,0.E0));
#5742=VERTEX_POINT('',#5741);
#5743=CARTESIAN_POINT('',(-4.148936167359E0,8.517788100084E0,0.E0));
#5744=VERTEX_POINT('',#5743);
#5745=CARTESIAN_POINT('',(-4.191489368676E0,8.559454771717E0,0.E0));
#5746=VERTEX_POINT('',#5745);
#5747=CARTESIAN_POINT('',(-4.234042555094E0,8.580288107534E0,0.E0));
#5748=VERTEX_POINT('',#5747);
#5749=CARTESIAN_POINT('',(-4.234042555094E0,8.684454771717E0,0.E0));
#5750=VERTEX_POINT('',#5749);
#5751=CARTESIAN_POINT('',(-4.170212760568E0,8.663621437763E0,0.E0));
#5752=VERTEX_POINT('',#5751);
#5753=CARTESIAN_POINT('',(-4.106382980943E0,8.621954771717E0,0.E0));
#5754=VERTEX_POINT('',#5753);
#5755=CARTESIAN_POINT('',(-4.063829787076E0,8.559454771717E0,0.E0));
#5756=VERTEX_POINT('',#5755);
#5757=CARTESIAN_POINT('',(-4.021276595071E0,8.476121443350E0,0.E0));
#5758=VERTEX_POINT('',#5757);
#5759=CARTESIAN_POINT('',(-4.E0,8.392788114985E0,0.E0));
#5760=VERTEX_POINT('',#5759);
#5761=CARTESIAN_POINT('',(-4.E0,8.226121428450E0,0.E0));
#5762=VERTEX_POINT('',#5761);
#5763=CARTESIAN_POINT('',(-4.021276595071E0,8.142788085183E0,0.E0));
#5764=VERTEX_POINT('',#5763);
#5765=CARTESIAN_POINT('',(-4.063829787076E0,8.059454771717E0,0.E0));
#5766=VERTEX_POINT('',#5765);
#5767=CARTESIAN_POINT('',(-4.E0,7.767788085183E0,0.E0));
#5768=CARTESIAN_POINT('',(-4.106382980942E0,7.767788085183E0,0.E0));
#5769=VERTEX_POINT('',#5767);
#5770=VERTEX_POINT('',#5768);
#5771=CARTESIAN_POINT('',(-4.E0,7.017788144787E0,0.E0));
#5772=VERTEX_POINT('',#5771);
#5773=CARTESIAN_POINT('',(-4.106382980943E0,7.017788144787E0,0.E0));
#5774=VERTEX_POINT('',#5773);
#5775=CARTESIAN_POINT('',(-4.106382980943E0,7.601121398648E0,0.E0));
#5776=VERTEX_POINT('',#5775);
#5777=CARTESIAN_POINT('',(-4.574468076230E0,7.080288144787E0,0.E0));
#5778=VERTEX_POINT('',#5777);
#5779=CARTESIAN_POINT('',(-4.638297855853E0,7.038621398648E0,0.E0));
#5780=VERTEX_POINT('',#5779);
#5781=CARTESIAN_POINT('',(-4.723404228688E0,7.017788144787E0,0.E0));
#5782=VERTEX_POINT('',#5781);
#5783=CARTESIAN_POINT('',(-4.765957474709E0,7.017788144787E0,0.E0));
#5784=VERTEX_POINT('',#5783);
#5785=CARTESIAN_POINT('',(-4.851063847542E0,7.038621398648E0,0.E0));
#5786=VERTEX_POINT('',#5785);
#5787=CARTESIAN_POINT('',(-4.936170220375E0,7.121954771717E0,0.E0));
#5788=VERTEX_POINT('',#5787);
#5789=CARTESIAN_POINT('',(-4.978723406792E0,7.205288144787E0,0.E0));
#5790=VERTEX_POINT('',#5789);
#5791=CARTESIAN_POINT('',(-5.E0,7.330288144786E0,0.E0));
#5792=VERTEX_POINT('',#5791);
#5793=CARTESIAN_POINT('',(-5.E0,7.413621398648E0,0.E0));
#5794=VERTEX_POINT('',#5793);
#5795=CARTESIAN_POINT('',(-4.978723406792E0,7.559454771717E0,0.E0));
#5796=VERTEX_POINT('',#5795);
#5797=CARTESIAN_POINT('',(-4.936170220375E0,7.642788144787E0,0.E0));
#5798=VERTEX_POINT('',#5797);
#5799=CARTESIAN_POINT('',(-4.851063847542E0,7.726121458252E0,0.E0));
#5800=VERTEX_POINT('',#5799);
#5801=CARTESIAN_POINT('',(-4.765957474709E0,7.746954771717E0,0.E0));
#5802=VERTEX_POINT('',#5801);
#5803=CARTESIAN_POINT('',(-4.765957474709E0,7.642788144787E0,0.E0));
#5804=VERTEX_POINT('',#5803);
#5805=CARTESIAN_POINT('',(-4.829787254333E0,7.601121398648E0,0.E0));
#5806=VERTEX_POINT('',#5805);
#5807=CARTESIAN_POINT('',(-4.872340440750E0,7.538621398648E0,0.E0));
#5808=VERTEX_POINT('',#5807);
#5809=CARTESIAN_POINT('',(-4.893617033958E0,7.434454771718E0,0.E0));
#5810=VERTEX_POINT('',#5809);
#5811=CARTESIAN_POINT('',(-4.893617033958E0,7.351121398648E0,0.E0));
#5812=VERTEX_POINT('',#5811);
#5813=CARTESIAN_POINT('',(-4.872340440750E0,7.246954771717E0,0.E0));
#5814=VERTEX_POINT('',#5813);
#5815=CARTESIAN_POINT('',(-4.829787254333E0,7.184454771717E0,0.E0));
#5816=VERTEX_POINT('',#5815);
#5817=CARTESIAN_POINT('',(-4.765957474709E0,7.142788144787E0,0.E0));
#5818=VERTEX_POINT('',#5817);
#5819=CARTESIAN_POINT('',(-4.723404228687E0,7.142788144787E0,0.E0));
#5820=VERTEX_POINT('',#5819);
#5821=CARTESIAN_POINT('',(-4.638297855854E0,7.184454771717E0,0.E0));
#5822=VERTEX_POINT('',#5821);
#5823=CARTESIAN_POINT('',(-5.E0,6.101121517857E0,0.E0));
#5824=CARTESIAN_POINT('',(-4.893617033958E0,6.101121517857E0,0.E0));
#5825=VERTEX_POINT('',#5823);
#5826=VERTEX_POINT('',#5824);
#5827=CARTESIAN_POINT('',(-5.E0,6.851121398648E0,0.E0));
#5828=VERTEX_POINT('',#5827);
#5829=CARTESIAN_POINT('',(-4.893617033958E0,6.851121398648E0,0.E0));
#5830=VERTEX_POINT('',#5829);
#5831=CARTESIAN_POINT('',(-4.893617033958E0,6.226121517857E0,0.E0));
#5832=VERTEX_POINT('',#5831);
#5833=CARTESIAN_POINT('',(-4.E0,6.642788025578E0,0.E0));
#5834=VERTEX_POINT('',#5833);
#5835=CARTESIAN_POINT('',(-4.E0,6.517788025578E0,0.E0));
#5836=VERTEX_POINT('',#5835);
#5837=CARTESIAN_POINT('',(-4.468085110188E0,5.642788025578E0,0.E0));
#5838=CARTESIAN_POINT('',(-4.361702114344E0,5.642788025578E0,0.E0));
#5839=VERTEX_POINT('',#5837);
#5840=VERTEX_POINT('',#5838);
#5841=CARTESIAN_POINT('',(-4.468085110188E0,5.934454771717E0,0.E0));
#5842=VERTEX_POINT('',#5841);
#5843=CARTESIAN_POINT('',(-4.361702114344E0,5.934454771717E0,0.E0));
#5844=VERTEX_POINT('',#5843);
#5845=CARTESIAN_POINT('',(-5.E0,5.226121517857E0,0.E0));
#5846=CARTESIAN_POINT('',(-4.E0,5.226121517857E0,0.E0));
#5847=VERTEX_POINT('',#5845);
#5848=VERTEX_POINT('',#5846);
#5849=CARTESIAN_POINT('',(-5.E0,5.351121517857E0,0.E0));
#5850=VERTEX_POINT('',#5849);
#5851=CARTESIAN_POINT('',(-4.851063847542E0,5.476121517857E0,0.E0));
#5852=VERTEX_POINT('',#5851);
#5853=CARTESIAN_POINT('',(-4.680851042271E0,5.476121517857E0,0.E0));
#5854=VERTEX_POINT('',#5853);
#5855=CARTESIAN_POINT('',(-4.829787254333E0,5.351121517857E0,0.E0));
#5856=VERTEX_POINT('',#5855);
#5857=CARTESIAN_POINT('',(-4.E0,5.351121517857E0,0.E0));
#5858=VERTEX_POINT('',#5857);
#5859=CARTESIAN_POINT('',(4.667410095385E0,6.890926336378E0,0.E0));
#5860=CARTESIAN_POINT('',(5.053817095385E0,6.890926336378E0,0.E0));
#5861=VERTEX_POINT('',#5859);
#5862=VERTEX_POINT('',#5860);
#5863=CARTESIAN_POINT('',(4.587318095385E0,6.661906336378E0,0.E0));
#5864=VERTEX_POINT('',#5863);
#5865=CARTESIAN_POINT('',(4.973725095385E0,6.661906336378E0,0.E0));
#5866=VERTEX_POINT('',#5865);
#5867=CARTESIAN_POINT('',(-5.105E0,1.12E1,1.E0));
#5868=VERTEX_POINT('',#5867);
#5869=CARTESIAN_POINT('',(-5.105E0,1.19E1,9.45E0));
#5870=VERTEX_POINT('',#5869);
#5871=CARTESIAN_POINT('',(-5.105E0,1.34E1,9.45E0));
#5872=VERTEX_POINT('',#5871);
#5873=CARTESIAN_POINT('',(5.105E0,1.12E1,1.E0));
#5874=VERTEX_POINT('',#5873);
#5875=CARTESIAN_POINT('',(3.35E0,1.12E1,1.E0));
#5876=VERTEX_POINT('',#5875);
#5877=CARTESIAN_POINT('',(-3.35E0,1.12E1,1.E0));
#5878=VERTEX_POINT('',#5877);
#5879=CARTESIAN_POINT('',(5.105E0,1.34E1,9.45E0));
#5880=VERTEX_POINT('',#5879);
#5881=CARTESIAN_POINT('',(5.105E0,1.19E1,9.45E0));
#5882=VERTEX_POINT('',#5881);
#5883=CARTESIAN_POINT('',(2.03E0,1.34E1,9.45E0));
#5884=CARTESIAN_POINT('',(-2.03E0,1.34E1,9.45E0));
#5885=VERTEX_POINT('',#5883);
#5886=VERTEX_POINT('',#5884);
#5887=CARTESIAN_POINT('',(2.092328885803E0,1.386262556392E1,1.274175193029E1));
#5888=CARTESIAN_POINT('',(-2.092328885803E0,1.386262556392E1,1.274175193029E1));
#5889=VERTEX_POINT('',#5887);
#5890=VERTEX_POINT('',#5888);
#5891=VERTEX_POINT('',#2510);
#5892=CARTESIAN_POINT('',(-2.03E0,1.382864954584E1,1.25E1));
#5893=VERTEX_POINT('',#5892);
#5894=VERTEX_POINT('',#1215);
#5895=CARTESIAN_POINT('',(2.53E0,1.415970598454E1,1.3E1));
#5896=VERTEX_POINT('',#5895);
#5897=VERTEX_POINT('',#1188);
#5898=VERTEX_POINT('',#1197);
#5899=CARTESIAN_POINT('',(-3.35E0,1.22E1,1.25E1));
#5900=VERTEX_POINT('',#5899);
#5901=VERTEX_POINT('',#2472);
#5902=CARTESIAN_POINT('',(-2.03E0,1.22E1,9.45E0));
#5903=VERTEX_POINT('',#5902);
#5904=CARTESIAN_POINT('',(-3.35E0,1.22E1,9.45E0));
#5905=VERTEX_POINT('',#5904);
#5906=CARTESIAN_POINT('',(-3.35E0,1.19E1,9.45E0));
#5907=VERTEX_POINT('',#5906);
#5908=CARTESIAN_POINT('',(2.03E0,1.22E1,9.45E0));
#5909=VERTEX_POINT('',#5908);
#5910=CARTESIAN_POINT('',(3.35E0,1.22E1,9.45E0));
#5911=VERTEX_POINT('',#5910);
#5912=CARTESIAN_POINT('',(3.35E0,1.19E1,9.45E0));
#5913=VERTEX_POINT('',#5912);
#5914=CARTESIAN_POINT('',(-3.35E0,9.53E0,2.5E0));
#5915=CARTESIAN_POINT('',(-3.35E0,9.73E0,2.7E0));
#5916=VERTEX_POINT('',#5914);
#5917=VERTEX_POINT('',#5915);
#5918=CARTESIAN_POINT('',(-3.35E0,1.053E1,2.7E0));
#5919=VERTEX_POINT('',#5918);
#5920=CARTESIAN_POINT('',(-3.35E0,1.053E1,1.25E1));
#5921=VERTEX_POINT('',#5920);
#5922=CARTESIAN_POINT('',(-3.35E0,9.53E0,1.E0));
#5923=VERTEX_POINT('',#5922);
#5924=CARTESIAN_POINT('',(-4.94E0,9.73E0,2.7E0));
#5925=CARTESIAN_POINT('',(-4.94E0,9.53E0,2.5E0));
#5926=VERTEX_POINT('',#5924);
#5927=VERTEX_POINT('',#5925);
#5928=CARTESIAN_POINT('',(-4.94E0,3.E-1,1.E0));
#5929=CARTESIAN_POINT('',(-4.94E0,1.034E0,1.E0));
#5930=VERTEX_POINT('',#5928);
#5931=VERTEX_POINT('',#5929);
#5932=CARTESIAN_POINT('',(-4.94E0,1.034E0,9.45E0));
#5933=VERTEX_POINT('',#5932);
#5934=CARTESIAN_POINT('',(-4.94E0,2.7E0,9.45E0));
#5935=VERTEX_POINT('',#5934);
#5936=CARTESIAN_POINT('',(-4.94E0,0.E0,6.9E0));
#5937=VERTEX_POINT('',#5936);
#5938=CARTESIAN_POINT('',(-4.94E0,3.E-1,6.8E0));
#5939=VERTEX_POINT('',#5938);
#5940=CARTESIAN_POINT('',(-4.94E0,1.053E1,2.7E0));
#5941=VERTEX_POINT('',#5940);
#5942=CARTESIAN_POINT('',(-4.94E0,9.53E0,1.E0));
#5943=VERTEX_POINT('',#5942);
#5944=CARTESIAN_POINT('',(-4.94E0,3.7E0,1.E0));
#5945=VERTEX_POINT('',#5944);
#5946=CARTESIAN_POINT('',(-4.94E0,3.7E0,1.05E1));
#5947=VERTEX_POINT('',#5946);
#5948=CARTESIAN_POINT('',(-4.94E0,3.2E0,1.1E1));
#5949=VERTEX_POINT('',#5948);
#5950=CARTESIAN_POINT('',(-4.94E0,3.E-1,1.1E1));
#5951=VERTEX_POINT('',#5950);
#5952=CARTESIAN_POINT('',(-4.94E0,3.E-1,7.2E0));
#5953=VERTEX_POINT('',#5952);
#5954=CARTESIAN_POINT('',(-4.94E0,0.E0,7.1E0));
#5955=VERTEX_POINT('',#5954);
#5956=CARTESIAN_POINT('',(-4.94E0,0.E0,1.25E1));
#5957=VERTEX_POINT('',#5956);
#5958=CARTESIAN_POINT('',(-4.94E0,1.053E1,1.25E1));
#5959=VERTEX_POINT('',#5958);
#5960=CARTESIAN_POINT('',(-2.275E0,3.E-1,1.E0));
#5961=CARTESIAN_POINT('',(-2.275E0,1.034E0,1.E0));
#5962=VERTEX_POINT('',#5960);
#5963=VERTEX_POINT('',#5961);
#5964=CARTESIAN_POINT('',(-1.815E0,3.E-1,1.E0));
#5965=VERTEX_POINT('',#5964);
#5966=CARTESIAN_POINT('',(-1.815E0,2.044E0,1.E0));
#5967=VERTEX_POINT('',#5966);
#5968=CARTESIAN_POINT('',(-1.805E0,2.044E0,1.E0));
#5969=VERTEX_POINT('',#5968);
#5970=CARTESIAN_POINT('',(-1.805E0,2.7E0,1.E0));
#5971=VERTEX_POINT('',#5970);
#5972=CARTESIAN_POINT('',(-2.275E0,2.7E0,1.E0));
#5973=VERTEX_POINT('',#5972);
#5974=CARTESIAN_POINT('',(-2.35E-1,3.E-1,1.E0));
#5975=CARTESIAN_POINT('',(-2.35E-1,1.034E0,1.E0));
#5976=VERTEX_POINT('',#5974);
#5977=VERTEX_POINT('',#5975);
#5978=CARTESIAN_POINT('',(2.25E-1,3.E-1,1.E0));
#5979=VERTEX_POINT('',#5978);
#5980=CARTESIAN_POINT('',(2.25E-1,2.044E0,1.E0));
#5981=VERTEX_POINT('',#5980);
#5982=CARTESIAN_POINT('',(2.35E-1,2.044E0,1.E0));
#5983=VERTEX_POINT('',#5982);
#5984=CARTESIAN_POINT('',(2.35E-1,2.7E0,1.E0));
#5985=VERTEX_POINT('',#5984);
#5986=CARTESIAN_POINT('',(-2.35E-1,2.7E0,1.E0));
#5987=VERTEX_POINT('',#5986);
#5988=CARTESIAN_POINT('',(-7.85E-1,1.034E0,9.999999999998E-1));
#5989=CARTESIAN_POINT('',(-7.85E-1,2.7E0,1.E0));
#5990=VERTEX_POINT('',#5988);
#5991=VERTEX_POINT('',#5989);
#5992=CARTESIAN_POINT('',(-1.255E0,2.7E0,1.E0));
#5993=VERTEX_POINT('',#5992);
#5994=CARTESIAN_POINT('',(-1.255E0,1.494E0,1.E0));
#5995=VERTEX_POINT('',#5994);
#5996=CARTESIAN_POINT('',(-1.255E0,3.E-1,1.E0));
#5997=VERTEX_POINT('',#5996);
#5998=CARTESIAN_POINT('',(-7.85E-1,3.E-1,1.E0));
#5999=VERTEX_POINT('',#5998);
#6000=CARTESIAN_POINT('',(1.805E0,3.E-1,1.E0));
#6001=CARTESIAN_POINT('',(1.805E0,1.034E0,1.E0));
#6002=VERTEX_POINT('',#6000);
#6003=VERTEX_POINT('',#6001);
#6004=CARTESIAN_POINT('',(2.265E0,3.E-1,1.E0));
#6005=VERTEX_POINT('',#6004);
#6006=CARTESIAN_POINT('',(2.265E0,2.044E0,1.E0));
#6007=VERTEX_POINT('',#6006);
#6008=CARTESIAN_POINT('',(2.275E0,2.044E0,1.E0));
#6009=VERTEX_POINT('',#6008);
#6010=CARTESIAN_POINT('',(2.275E0,2.7E0,1.E0));
#6011=VERTEX_POINT('',#6010);
#6012=CARTESIAN_POINT('',(1.805E0,2.7E0,1.E0));
#6013=VERTEX_POINT('',#6012);
#6014=CARTESIAN_POINT('',(1.255E0,1.034E0,9.999999999998E-1));
#6015=CARTESIAN_POINT('',(1.255E0,2.7E0,1.E0));
#6016=VERTEX_POINT('',#6014);
#6017=VERTEX_POINT('',#6015);
#6018=CARTESIAN_POINT('',(7.85E-1,2.7E0,1.E0));
#6019=VERTEX_POINT('',#6018);
#6020=CARTESIAN_POINT('',(7.85E-1,1.494E0,1.E0));
#6021=VERTEX_POINT('',#6020);
#6022=CARTESIAN_POINT('',(7.85E-1,3.E-1,1.E0));
#6023=VERTEX_POINT('',#6022);
#6024=CARTESIAN_POINT('',(1.255E0,3.E-1,1.E0));
#6025=VERTEX_POINT('',#6024);
#6026=CARTESIAN_POINT('',(3.325E0,1.034E0,1.E0));
#6027=CARTESIAN_POINT('',(4.94E0,1.034E0,1.E0));
#6028=VERTEX_POINT('',#6026);
#6029=VERTEX_POINT('',#6027);
#6030=CARTESIAN_POINT('',(3.325E0,2.7E0,1.E0));
#6031=VERTEX_POINT('',#6030);
#6032=CARTESIAN_POINT('',(2.825E0,2.7E0,1.E0));
#6033=VERTEX_POINT('',#6032);
#6034=CARTESIAN_POINT('',(2.825E0,1.494E0,1.E0));
#6035=VERTEX_POINT('',#6034);
#6036=CARTESIAN_POINT('',(2.825E0,3.E-1,1.E0));
#6037=VERTEX_POINT('',#6036);
#6038=CARTESIAN_POINT('',(4.94E0,3.E-1,1.E0));
#6039=VERTEX_POINT('',#6038);
#6040=CARTESIAN_POINT('',(-3.325E0,1.034E0,1.E0));
#6041=VERTEX_POINT('',#6040);
#6042=CARTESIAN_POINT('',(-2.825E0,3.E-1,1.E0));
#6043=VERTEX_POINT('',#6042);
#6044=CARTESIAN_POINT('',(-2.825E0,1.034E0,1.E0));
#6045=VERTEX_POINT('',#6044);
#6046=CARTESIAN_POINT('',(-2.825E0,2.7E0,1.E0));
#6047=VERTEX_POINT('',#6046);
#6048=CARTESIAN_POINT('',(-3.325E0,2.7E0,1.E0));
#6049=VERTEX_POINT('',#6048);
#6050=CARTESIAN_POINT('',(-2.315E0,1.034E0,4.415E0));
#6051=VERTEX_POINT('',#6050);
#6052=CARTESIAN_POINT('',(-2.315E0,3.E-1,4.415E0));
#6053=VERTEX_POINT('',#6052);
#6054=CARTESIAN_POINT('',(-2.781565406567E0,1.034E0,4.740000866753E0));
#6055=CARTESIAN_POINT('',(-2.825E0,1.034E0,4.74E0));
#6056=VERTEX_POINT('',#6054);
#6057=VERTEX_POINT('',#6055);
#6058=CARTESIAN_POINT('',(-2.785E0,1.034E0,4.415E0));
#6059=VERTEX_POINT('',#6058);
#6060=CARTESIAN_POINT('',(-2.785E0,1.034E0,4.7E0));
#6061=VERTEX_POINT('',#6060);
#6062=CARTESIAN_POINT('',(-2.275E0,1.034E0,4.74E0));
#6063=VERTEX_POINT('',#6062);
#6064=CARTESIAN_POINT('',(-2.318434618759E0,1.034E0,4.740000866753E0));
#6065=VERTEX_POINT('',#6064);
#6066=CARTESIAN_POINT('',(-2.315E0,1.034E0,4.7E0));
#6067=VERTEX_POINT('',#6066);
#6068=CARTESIAN_POINT('',(-2.275E0,1.494E0,5.2E0));
#6069=VERTEX_POINT('',#6068);
#6070=CARTESIAN_POINT('',(-2.825E0,1.494E0,5.2E0));
#6071=VERTEX_POINT('',#6070);
#6072=CARTESIAN_POINT('',(-2.785E0,3.E-1,4.7E0));
#6073=VERTEX_POINT('',#6072);
#6074=CARTESIAN_POINT('',(-2.315E0,3.E-1,4.7E0));
#6075=CARTESIAN_POINT('',(-2.55E0,3.E-1,4.935E0));
#6076=VERTEX_POINT('',#6074);
#6077=VERTEX_POINT('',#6075);
#6078=CARTESIAN_POINT('',(-2.785E0,3.E-1,4.415E0));
#6079=VERTEX_POINT('',#6078);
#6080=CARTESIAN_POINT('',(4.94E0,3.E-1,7.2E0));
#6081=VERTEX_POINT('',#6080);
#6082=CARTESIAN_POINT('',(4.94E0,3.E-1,1.1E1));
#6083=VERTEX_POINT('',#6082);
#6084=CARTESIAN_POINT('',(-1.301228582449E0,3.E-1,1.875000000002E0));
#6085=VERTEX_POINT('',#6084);
#6086=CARTESIAN_POINT('',(-1.301228582449E0,3.E-1,2.16E0));
#6087=VERTEX_POINT('',#6086);
#6088=CARTESIAN_POINT('',(-1.536228582449E0,3.E-1,2.395E0));
#6089=VERTEX_POINT('',#6088);
#6090=CARTESIAN_POINT('',(-1.771228582449E0,3.E-1,2.16E0));
#6091=VERTEX_POINT('',#6090);
#6092=CARTESIAN_POINT('',(-1.771228582449E0,3.E-1,1.875E0));
#6093=VERTEX_POINT('',#6092);
#6094=CARTESIAN_POINT('',(4.94E0,3.E-1,6.8E0));
#6095=VERTEX_POINT('',#6094);
#6096=CARTESIAN_POINT('',(2.778771417551E0,3.E-1,1.875000000002E0));
#6097=VERTEX_POINT('',#6096);
#6098=CARTESIAN_POINT('',(2.778771417551E0,3.E-1,2.16E0));
#6099=VERTEX_POINT('',#6098);
#6100=CARTESIAN_POINT('',(2.543771417551E0,3.E-1,2.395E0));
#6101=VERTEX_POINT('',#6100);
#6102=CARTESIAN_POINT('',(2.308771417551E0,3.E-1,2.16E0));
#6103=VERTEX_POINT('',#6102);
#6104=CARTESIAN_POINT('',(2.308771417551E0,3.E-1,1.875E0));
#6105=VERTEX_POINT('',#6104);
#6106=CARTESIAN_POINT('',(1.765E0,3.E-1,4.415E0));
#6107=VERTEX_POINT('',#6106);
#6108=CARTESIAN_POINT('',(1.765E0,3.E-1,4.7E0));
#6109=VERTEX_POINT('',#6108);
#6110=CARTESIAN_POINT('',(1.53E0,3.E-1,4.935E0));
#6111=VERTEX_POINT('',#6110);
#6112=CARTESIAN_POINT('',(1.295E0,3.E-1,4.7E0));
#6113=VERTEX_POINT('',#6112);
#6114=CARTESIAN_POINT('',(1.295E0,3.E-1,4.415E0));
#6115=VERTEX_POINT('',#6114);
#6116=CARTESIAN_POINT('',(7.387714175514E-1,3.E-1,1.875E0));
#6117=VERTEX_POINT('',#6116);
#6118=CARTESIAN_POINT('',(7.387714175514E-1,3.E-1,2.16E0));
#6119=VERTEX_POINT('',#6118);
#6120=CARTESIAN_POINT('',(5.037714175514E-1,3.E-1,2.395E0));
#6121=VERTEX_POINT('',#6120);
#6122=CARTESIAN_POINT('',(2.687714175514E-1,3.E-1,2.16E0));
#6123=VERTEX_POINT('',#6122);
#6124=CARTESIAN_POINT('',(2.687714175514E-1,3.E-1,1.875E0));
#6125=VERTEX_POINT('',#6124);
#6126=CARTESIAN_POINT('',(-2.75E-1,3.E-1,4.415E0));
#6127=VERTEX_POINT('',#6126);
#6128=CARTESIAN_POINT('',(-2.75E-1,3.E-1,4.7E0));
#6129=VERTEX_POINT('',#6128);
#6130=CARTESIAN_POINT('',(-5.1E-1,3.E-1,4.935E0));
#6131=VERTEX_POINT('',#6130);
#6132=CARTESIAN_POINT('',(-7.45E-1,3.E-1,4.7E0));
#6133=VERTEX_POINT('',#6132);
#6134=CARTESIAN_POINT('',(-7.45E-1,3.E-1,4.415E0));
#6135=VERTEX_POINT('',#6134);
#6136=CARTESIAN_POINT('',(4.94E0,0.E0,7.1E0));
#6137=VERTEX_POINT('',#6136);
#6138=CARTESIAN_POINT('',(4.94E0,2.7E0,9.45E0));
#6139=VERTEX_POINT('',#6138);
#6140=CARTESIAN_POINT('',(4.94E0,1.034E0,9.45E0));
#6141=VERTEX_POINT('',#6140);
#6142=CARTESIAN_POINT('',(4.94E0,0.E0,6.9E0));
#6143=VERTEX_POINT('',#6142);
#6144=CARTESIAN_POINT('',(4.94E0,9.53E0,2.5E0));
#6145=CARTESIAN_POINT('',(4.94E0,9.53E0,1.E0));
#6146=VERTEX_POINT('',#6144);
#6147=VERTEX_POINT('',#6145);
#6148=CARTESIAN_POINT('',(4.94E0,9.73E0,2.7E0));
#6149=VERTEX_POINT('',#6148);
#6150=CARTESIAN_POINT('',(4.94E0,1.053E1,2.7E0));
#6151=VERTEX_POINT('',#6150);
#6152=CARTESIAN_POINT('',(4.94E0,1.053E1,1.25E1));
#6153=VERTEX_POINT('',#6152);
#6154=CARTESIAN_POINT('',(4.94E0,0.E0,1.25E1));
#6155=VERTEX_POINT('',#6154);
#6156=CARTESIAN_POINT('',(4.94E0,3.2E0,1.1E1));
#6157=VERTEX_POINT('',#6156);
#6158=CARTESIAN_POINT('',(4.94E0,3.7E0,1.05E1));
#6159=VERTEX_POINT('',#6158);
#6160=CARTESIAN_POINT('',(4.94E0,3.7E0,1.E0));
#6161=VERTEX_POINT('',#6160);
#6162=CARTESIAN_POINT('',(-2.825E0,2.7E0,3.344E0));
#6163=CARTESIAN_POINT('',(-2.275E0,2.7E0,3.344E0));
#6164=VERTEX_POINT('',#6162);
#6165=VERTEX_POINT('',#6163);
#6166=CARTESIAN_POINT('',(-1.805E0,2.7E0,1.875E0));
#6167=VERTEX_POINT('',#6166);
#6168=CARTESIAN_POINT('',(-1.255E0,2.7E0,1.875E0));
#6169=VERTEX_POINT('',#6168);
#6170=CARTESIAN_POINT('',(-7.85E-1,2.7E0,3.344E0));
#6171=VERTEX_POINT('',#6170);
#6172=CARTESIAN_POINT('',(-2.35E-1,2.7E0,3.344E0));
#6173=VERTEX_POINT('',#6172);
#6174=CARTESIAN_POINT('',(2.35E-1,2.7E0,1.875E0));
#6175=VERTEX_POINT('',#6174);
#6176=CARTESIAN_POINT('',(7.85E-1,2.7E0,1.875E0));
#6177=VERTEX_POINT('',#6176);
#6178=CARTESIAN_POINT('',(1.255E0,2.7E0,3.344E0));
#6179=VERTEX_POINT('',#6178);
#6180=CARTESIAN_POINT('',(1.805E0,2.7E0,3.344E0));
#6181=VERTEX_POINT('',#6180);
#6182=CARTESIAN_POINT('',(2.275E0,2.7E0,1.875E0));
#6183=VERTEX_POINT('',#6182);
#6184=CARTESIAN_POINT('',(2.825E0,2.7E0,1.875E0));
#6185=VERTEX_POINT('',#6184);
#6186=CARTESIAN_POINT('',(3.325E0,2.7E0,9.45E0));
#6187=VERTEX_POINT('',#6186);
#6188=CARTESIAN_POINT('',(-3.325E0,2.7E0,9.45E0));
#6189=VERTEX_POINT('',#6188);
#6190=CARTESIAN_POINT('',(-2.825E0,2.044E0,4.E0));
#6191=VERTEX_POINT('',#6190);
#6192=CARTESIAN_POINT('',(-2.275E0,2.044E0,4.E0));
#6193=VERTEX_POINT('',#6192);
#6194=CARTESIAN_POINT('',(-2.825E0,1.494E0,8.15E0));
#6195=VERTEX_POINT('',#6194);
#6196=CARTESIAN_POINT('',(-2.825E0,3.199999292212E0,8.149999887603E0));
#6197=VERTEX_POINT('',#6196);
#6198=CARTESIAN_POINT('',(-2.825E0,3.549999662804E0,7.799997876793E0));
#6199=VERTEX_POINT('',#6198);
#6200=CARTESIAN_POINT('',(-2.825E0,3.55E0,4.109807621135E0));
#6201=VERTEX_POINT('',#6200);
#6202=CARTESIAN_POINT('',(-2.825E0,3.05E0,4.975833024920E0));
#6203=VERTEX_POINT('',#6202);
#6204=CARTESIAN_POINT('',(-2.825E0,3.05E0,7.197E0));
#6205=VERTEX_POINT('',#6204);
#6206=CARTESIAN_POINT('',(-2.825E0,2.547E0,7.7E0));
#6207=VERTEX_POINT('',#6206);
#6208=CARTESIAN_POINT('',(-2.825E0,2.044E0,7.197E0));
#6209=VERTEX_POINT('',#6208);
#6210=CARTESIAN_POINT('',(-2.275E0,1.494E0,8.15E0));
#6211=VERTEX_POINT('',#6210);
#6212=CARTESIAN_POINT('',(-2.125E0,1.494E0,8.3E0));
#6213=VERTEX_POINT('',#6212);
#6214=CARTESIAN_POINT('',(-1.955E0,1.494E0,8.3E0));
#6215=VERTEX_POINT('',#6214);
#6216=CARTESIAN_POINT('',(-1.805E0,1.494E0,8.15E0));
#6217=VERTEX_POINT('',#6216);
#6218=CARTESIAN_POINT('',(-1.805E0,1.494E0,1.199902139103E0));
#6219=VERTEX_POINT('',#6218);
#6220=CARTESIAN_POINT('',(-1.771228582449E0,1.494E0,1.875E0));
#6221=VERTEX_POINT('',#6220);
#6222=CARTESIAN_POINT('',(-1.771228582449E0,1.494E0,2.16E0));
#6223=VERTEX_POINT('',#6222);
#6224=CARTESIAN_POINT('',(-1.536228582449E0,1.494E0,2.395E0));
#6225=CARTESIAN_POINT('',(-1.301228582449E0,1.494E0,2.16E0));
#6226=VERTEX_POINT('',#6224);
#6227=VERTEX_POINT('',#6225);
#6228=CARTESIAN_POINT('',(-1.301228582449E0,1.494E0,1.875000000002E0));
#6229=VERTEX_POINT('',#6228);
#6230=CARTESIAN_POINT('',(-1.255E0,1.494E0,8.15E0));
#6231=VERTEX_POINT('',#6230);
#6232=CARTESIAN_POINT('',(-1.105E0,1.494E0,8.3E0));
#6233=VERTEX_POINT('',#6232);
#6234=CARTESIAN_POINT('',(-9.35E-1,1.494E0,8.3E0));
#6235=VERTEX_POINT('',#6234);
#6236=CARTESIAN_POINT('',(-7.85E-1,1.494E0,8.15E0));
#6237=VERTEX_POINT('',#6236);
#6238=CARTESIAN_POINT('',(-7.85E-1,1.494E0,5.2E0));
#6239=VERTEX_POINT('',#6238);
#6240=CARTESIAN_POINT('',(-2.35E-1,1.494E0,5.2E0));
#6241=VERTEX_POINT('',#6240);
#6242=CARTESIAN_POINT('',(-2.35E-1,1.494E0,8.15E0));
#6243=VERTEX_POINT('',#6242);
#6244=CARTESIAN_POINT('',(-8.5E-2,1.494E0,8.3E0));
#6245=VERTEX_POINT('',#6244);
#6246=CARTESIAN_POINT('',(8.5E-2,1.494E0,8.3E0));
#6247=VERTEX_POINT('',#6246);
#6248=CARTESIAN_POINT('',(2.35E-1,1.494E0,8.15E0));
#6249=VERTEX_POINT('',#6248);
#6250=CARTESIAN_POINT('',(2.35E-1,1.494E0,1.199902139101E0));
#6251=VERTEX_POINT('',#6250);
#6252=CARTESIAN_POINT('',(2.687714175514E-1,1.494E0,1.875E0));
#6253=VERTEX_POINT('',#6252);
#6254=CARTESIAN_POINT('',(2.687714175514E-1,1.494E0,2.16E0));
#6255=VERTEX_POINT('',#6254);
#6256=CARTESIAN_POINT('',(5.037714175514E-1,1.494E0,2.395E0));
#6257=CARTESIAN_POINT('',(7.387714175514E-1,1.494E0,2.16E0));
#6258=VERTEX_POINT('',#6256);
#6259=VERTEX_POINT('',#6257);
#6260=CARTESIAN_POINT('',(7.387714175514E-1,1.494E0,1.875E0));
#6261=VERTEX_POINT('',#6260);
#6262=CARTESIAN_POINT('',(7.85E-1,1.494E0,8.15E0));
#6263=VERTEX_POINT('',#6262);
#6264=CARTESIAN_POINT('',(9.35E-1,1.494E0,8.3E0));
#6265=VERTEX_POINT('',#6264);
#6266=CARTESIAN_POINT('',(1.105E0,1.494E0,8.3E0));
#6267=VERTEX_POINT('',#6266);
#6268=CARTESIAN_POINT('',(1.255E0,1.494E0,8.15E0));
#6269=VERTEX_POINT('',#6268);
#6270=CARTESIAN_POINT('',(1.255E0,1.494E0,5.2E0));
#6271=VERTEX_POINT('',#6270);
#6272=CARTESIAN_POINT('',(1.805E0,1.494E0,5.2E0));
#6273=VERTEX_POINT('',#6272);
#6274=CARTESIAN_POINT('',(1.805E0,1.494E0,8.15E0));
#6275=VERTEX_POINT('',#6274);
#6276=CARTESIAN_POINT('',(1.955E0,1.494E0,8.3E0));
#6277=VERTEX_POINT('',#6276);
#6278=CARTESIAN_POINT('',(2.125E0,1.494E0,8.3E0));
#6279=VERTEX_POINT('',#6278);
#6280=CARTESIAN_POINT('',(2.275E0,1.494E0,8.15E0));
#6281=VERTEX_POINT('',#6280);
#6282=CARTESIAN_POINT('',(2.275E0,1.494E0,1.199902139103E0));
#6283=VERTEX_POINT('',#6282);
#6284=CARTESIAN_POINT('',(2.308771417551E0,1.494E0,1.875E0));
#6285=VERTEX_POINT('',#6284);
#6286=CARTESIAN_POINT('',(2.308771417551E0,1.494E0,2.16E0));
#6287=VERTEX_POINT('',#6286);
#6288=CARTESIAN_POINT('',(2.543771417551E0,1.494E0,2.395E0));
#6289=CARTESIAN_POINT('',(2.778771417551E0,1.494E0,2.16E0));
#6290=VERTEX_POINT('',#6288);
#6291=VERTEX_POINT('',#6289);
#6292=CARTESIAN_POINT('',(2.778771417551E0,1.494E0,1.875000000002E0));
#6293=VERTEX_POINT('',#6292);
#6294=CARTESIAN_POINT('',(2.825E0,1.494E0,8.15E0));
#6295=VERTEX_POINT('',#6294);
#6296=CARTESIAN_POINT('',(2.975E0,1.494E0,8.3E0));
#6297=VERTEX_POINT('',#6296);
#6298=CARTESIAN_POINT('',(3.1E0,1.494E0,8.3E0));
#6299=VERTEX_POINT('',#6298);
#6300=CARTESIAN_POINT('',(3.1E0,1.494E0,9.E0));
#6301=VERTEX_POINT('',#6300);
#6302=CARTESIAN_POINT('',(-3.1E0,1.494E0,9.E0));
#6303=VERTEX_POINT('',#6302);
#6304=CARTESIAN_POINT('',(-3.1E0,1.494E0,8.3E0));
#6305=VERTEX_POINT('',#6304);
#6306=CARTESIAN_POINT('',(-2.975E0,1.494E0,8.3E0));
#6307=VERTEX_POINT('',#6306);
#6308=CARTESIAN_POINT('',(-2.275E0,2.044E0,7.197E0));
#6309=VERTEX_POINT('',#6308);
#6310=CARTESIAN_POINT('',(-2.275E0,2.547E0,7.7E0));
#6311=CARTESIAN_POINT('',(-2.275E0,3.05E0,7.197E0));
#6312=VERTEX_POINT('',#6310);
#6313=VERTEX_POINT('',#6311);
#6314=CARTESIAN_POINT('',(-2.275E0,3.05E0,4.975833024920E0));
#6315=VERTEX_POINT('',#6314);
#6316=CARTESIAN_POINT('',(-2.275E0,3.55E0,4.109807621135E0));
#6317=VERTEX_POINT('',#6316);
#6318=CARTESIAN_POINT('',(-2.275E0,3.549999887603E0,7.799999292212E0));
#6319=VERTEX_POINT('',#6318);
#6320=CARTESIAN_POINT('',(-2.275E0,3.199997876793E0,8.149999662804E0));
#6321=VERTEX_POINT('',#6320);
#6322=VERTEX_POINT('',#2288);
#6323=CARTESIAN_POINT('',(-2.125E0,3.7E0,3.85E0));
#6324=VERTEX_POINT('',#6323);
#6325=CARTESIAN_POINT('',(-2.975E0,3.7E0,7.8E0));
#6326=VERTEX_POINT('',#6325);
#6327=CARTESIAN_POINT('',(-2.975E0,3.199999999799E0,8.3E0));
#6328=VERTEX_POINT('',#6327);
#6329=CARTESIAN_POINT('',(2.975E0,3.7E0,7.8E0));
#6330=CARTESIAN_POINT('',(2.975E0,3.199999999799E0,8.3E0));
#6331=VERTEX_POINT('',#6329);
#6332=VERTEX_POINT('',#6330);
#6333=CARTESIAN_POINT('',(3.1E0,3.7E0,7.799999999935E0));
#6334=VERTEX_POINT('',#6333);
#6335=CARTESIAN_POINT('',(3.1E0,3.2E0,8.3E0));
#6336=VERTEX_POINT('',#6335);
#6337=CARTESIAN_POINT('',(2.125E0,3.199999999598E0,8.3E0));
#6338=CARTESIAN_POINT('',(2.125E0,3.7E0,7.8E0));
#6339=VERTEX_POINT('',#6337);
#6340=VERTEX_POINT('',#6338);
#6341=CARTESIAN_POINT('',(1.955E0,3.199999999799E0,8.3E0));
#6342=VERTEX_POINT('',#6341);
#6343=CARTESIAN_POINT('',(1.955E0,3.7E0,7.8E0));
#6344=VERTEX_POINT('',#6343);
#6345=CARTESIAN_POINT('',(1.105E0,3.199999999598E0,8.3E0));
#6346=CARTESIAN_POINT('',(1.105E0,3.7E0,7.8E0));
#6347=VERTEX_POINT('',#6345);
#6348=VERTEX_POINT('',#6346);
#6349=CARTESIAN_POINT('',(9.35E-1,3.199999999799E0,8.3E0));
#6350=VERTEX_POINT('',#6349);
#6351=CARTESIAN_POINT('',(9.35E-1,3.7E0,7.8E0));
#6352=VERTEX_POINT('',#6351);
#6353=CARTESIAN_POINT('',(8.5E-2,3.199999999598E0,8.3E0));
#6354=CARTESIAN_POINT('',(8.5E-2,3.7E0,7.8E0));
#6355=VERTEX_POINT('',#6353);
#6356=VERTEX_POINT('',#6354);
#6357=CARTESIAN_POINT('',(-8.5E-2,3.199999999799E0,8.3E0));
#6358=VERTEX_POINT('',#6357);
#6359=CARTESIAN_POINT('',(-8.5E-2,3.7E0,7.8E0));
#6360=VERTEX_POINT('',#6359);
#6361=CARTESIAN_POINT('',(-9.35E-1,3.199999999598E0,8.3E0));
#6362=CARTESIAN_POINT('',(-9.35E-1,3.7E0,7.8E0));
#6363=VERTEX_POINT('',#6361);
#6364=VERTEX_POINT('',#6362);
#6365=CARTESIAN_POINT('',(-1.105E0,3.199999999799E0,8.3E0));
#6366=VERTEX_POINT('',#6365);
#6367=CARTESIAN_POINT('',(-1.105E0,3.7E0,7.8E0));
#6368=VERTEX_POINT('',#6367);
#6369=CARTESIAN_POINT('',(-1.955E0,3.199999999598E0,8.3E0));
#6370=CARTESIAN_POINT('',(-1.955E0,3.7E0,7.8E0));
#6371=VERTEX_POINT('',#6369);
#6372=VERTEX_POINT('',#6370);
#6373=CARTESIAN_POINT('',(-2.125E0,3.199999999799E0,8.3E0));
#6374=VERTEX_POINT('',#6373);
#6375=CARTESIAN_POINT('',(-2.125E0,3.7E0,7.8E0));
#6376=VERTEX_POINT('',#6375);
#6377=CARTESIAN_POINT('',(-3.1E0,3.199999999866E0,8.3E0));
#6378=VERTEX_POINT('',#6377);
#6379=CARTESIAN_POINT('',(-3.1E0,3.7E0,7.8E0));
#6380=VERTEX_POINT('',#6379);
#6381=CARTESIAN_POINT('',(2.825E0,3.2E0,8.15E0));
#6382=VERTEX_POINT('',#6381);
#6383=CARTESIAN_POINT('',(2.825E0,3.549999662804E0,7.799997876638E0));
#6384=VERTEX_POINT('',#6383);
#6385=CARTESIAN_POINT('',(2.825E0,2.344E0,1.875E0));
#6386=VERTEX_POINT('',#6385);
#6387=CARTESIAN_POINT('',(2.825E0,2.044E0,2.175E0));
#6388=VERTEX_POINT('',#6387);
#6389=CARTESIAN_POINT('',(2.825E0,2.044E0,7.197E0));
#6390=VERTEX_POINT('',#6389);
#6391=CARTESIAN_POINT('',(2.825E0,2.547E0,7.7E0));
#6392=CARTESIAN_POINT('',(2.825E0,3.05E0,7.197E0));
#6393=VERTEX_POINT('',#6391);
#6394=VERTEX_POINT('',#6392);
#6395=CARTESIAN_POINT('',(2.825E0,3.05E0,4.975833024920E0));
#6396=VERTEX_POINT('',#6395);
#6397=CARTESIAN_POINT('',(2.825E0,3.55E0,4.109807621135E0));
#6398=VERTEX_POINT('',#6397);
#6399=CARTESIAN_POINT('',(2.275E0,2.344E0,1.875E0));
#6400=VERTEX_POINT('',#6399);
#6401=CARTESIAN_POINT('',(2.275E0,2.044E0,2.175E0));
#6402=VERTEX_POINT('',#6401);
#6403=CARTESIAN_POINT('',(2.275E0,2.044E0,7.197E0));
#6404=VERTEX_POINT('',#6403);
#6405=CARTESIAN_POINT('',(2.275E0,2.044E0,1.199902139101E0));
#6406=VERTEX_POINT('',#6405);
#6407=CARTESIAN_POINT('',(2.275E0,3.199999292212E0,8.149999887603E0));
#6408=VERTEX_POINT('',#6407);
#6409=CARTESIAN_POINT('',(2.275E0,3.549999662804E0,7.799997876793E0));
#6410=VERTEX_POINT('',#6409);
#6411=CARTESIAN_POINT('',(2.275E0,3.55E0,4.109807621135E0));
#6412=VERTEX_POINT('',#6411);
#6413=CARTESIAN_POINT('',(2.275E0,3.05E0,4.975833024920E0));
#6414=VERTEX_POINT('',#6413);
#6415=CARTESIAN_POINT('',(2.275E0,3.05E0,7.197E0));
#6416=VERTEX_POINT('',#6415);
#6417=CARTESIAN_POINT('',(2.275E0,2.547E0,7.7E0));
#6418=VERTEX_POINT('',#6417);
#6419=CARTESIAN_POINT('',(2.975E0,3.7E0,3.85E0));
#6420=CARTESIAN_POINT('',(2.125E0,3.7E0,3.85E0));
#6421=VERTEX_POINT('',#6419);
#6422=VERTEX_POINT('',#6420);
#6423=CARTESIAN_POINT('',(1.805000000023E0,3.7E0,1.464996229133E0));
#6424=VERTEX_POINT('',#6423);
#6425=CARTESIAN_POINT('',(2.275E0,3.7E0,1.465E0));
#6426=VERTEX_POINT('',#6425);
#6427=CARTESIAN_POINT('',(2.825000000023E0,3.7E0,1.467496248634E0));
#6428=VERTEX_POINT('',#6427);
#6429=CARTESIAN_POINT('',(3.29E0,3.7E0,1.4675E0));
#6430=VERTEX_POINT('',#6429);
#6431=CARTESIAN_POINT('',(3.29E0,3.7E0,1.E0));
#6432=VERTEX_POINT('',#6431);
#6433=CARTESIAN_POINT('',(3.1E0,3.7E0,1.05E1));
#6434=VERTEX_POINT('',#6433);
#6435=CARTESIAN_POINT('',(1.955E0,3.7E0,3.85E0));
#6436=VERTEX_POINT('',#6435);
#6437=CARTESIAN_POINT('',(1.105E0,3.7E0,3.85E0));
#6438=VERTEX_POINT('',#6437);
#6439=CARTESIAN_POINT('',(9.35E-1,3.7E0,3.85E0));
#6440=VERTEX_POINT('',#6439);
#6441=CARTESIAN_POINT('',(8.5E-2,3.7E0,3.85E0));
#6442=VERTEX_POINT('',#6441);
#6443=CARTESIAN_POINT('',(-8.5E-2,3.7E0,3.85E0));
#6444=VERTEX_POINT('',#6443);
#6445=CARTESIAN_POINT('',(-9.35E-1,3.7E0,3.85E0));
#6446=VERTEX_POINT('',#6445);
#6447=CARTESIAN_POINT('',(-1.105E0,3.7E0,3.85E0));
#6448=VERTEX_POINT('',#6447);
#6449=CARTESIAN_POINT('',(-1.955E0,3.7E0,3.85E0));
#6450=VERTEX_POINT('',#6449);
#6451=CARTESIAN_POINT('',(-3.1E0,3.7E0,1.05E1));
#6452=VERTEX_POINT('',#6451);
#6453=CARTESIAN_POINT('',(-3.29E0,3.7E0,1.E0));
#6454=VERTEX_POINT('',#6453);
#6455=CARTESIAN_POINT('',(-3.29E0,3.7E0,1.467499782244E0));
#6456=VERTEX_POINT('',#6455);
#6457=CARTESIAN_POINT('',(-2.825E0,3.7E0,1.4675E0));
#6458=VERTEX_POINT('',#6457);
#6459=CARTESIAN_POINT('',(-2.275E0,3.7E0,1.464999790311E0));
#6460=VERTEX_POINT('',#6459);
#6461=CARTESIAN_POINT('',(-1.805E0,3.7E0,1.465E0));
#6462=VERTEX_POINT('',#6461);
#6463=CARTESIAN_POINT('',(-1.254999999977E0,3.7E0,1.464996229133E0));
#6464=VERTEX_POINT('',#6463);
#6465=CARTESIAN_POINT('',(-7.85E-1,3.7E0,1.465E0));
#6466=VERTEX_POINT('',#6465);
#6467=CARTESIAN_POINT('',(-2.349999999773E-1,3.7E0,1.464996229133E0));
#6468=VERTEX_POINT('',#6467);
#6469=CARTESIAN_POINT('',(2.35E-1,3.7E0,1.465E0));
#6470=VERTEX_POINT('',#6469);
#6471=CARTESIAN_POINT('',(7.850000000227E-1,3.7E0,1.464996229133E0));
#6472=VERTEX_POINT('',#6471);
#6473=CARTESIAN_POINT('',(1.255E0,3.7E0,1.465E0));
#6474=VERTEX_POINT('',#6473);
#6475=CARTESIAN_POINT('',(1.805000000023E0,8.029985623181E0,1.464996457565E0));
#6476=VERTEX_POINT('',#6475);
#6477=CARTESIAN_POINT('',(1.805E0,1.02E1,1.E0));
#6478=VERTEX_POINT('',#6477);
#6479=CARTESIAN_POINT('',(1.805000000026E0,8.094995968833E0,1.E0));
#6480=VERTEX_POINT('',#6479);
#6481=CARTESIAN_POINT('',(1.805000000061E0,8.094993621785E0,1.399983383535E0));
#6482=VERTEX_POINT('',#6481);
#6483=CARTESIAN_POINT('',(2.274999999991E0,8.030007631480E0,1.465000973212E0));
#6484=VERTEX_POINT('',#6483);
#6485=CARTESIAN_POINT('',(2.274999999943E0,8.095005190208E0,1.400014707125E0));
#6486=VERTEX_POINT('',#6485);
#6487=CARTESIAN_POINT('',(2.275E0,8.094999789582E0,1.E0));
#6488=VERTEX_POINT('',#6487);
#6489=CARTESIAN_POINT('',(2.275E0,1.02E1,1.E0));
#6490=VERTEX_POINT('',#6489);
#6491=CARTESIAN_POINT('',(1.255E0,1.02E1,1.E0));
#6492=VERTEX_POINT('',#6491);
#6493=CARTESIAN_POINT('',(1.255E0,8.094999789582E0,1.E0));
#6494=VERTEX_POINT('',#6493);
#6495=CARTESIAN_POINT('',(7.85E-1,8.095E0,1.E0));
#6496=VERTEX_POINT('',#6495);
#6497=CARTESIAN_POINT('',(7.85E-1,1.02E1,1.E0));
#6498=VERTEX_POINT('',#6497);
#6499=CARTESIAN_POINT('',(2.35E-1,1.02E1,1.E0));
#6500=VERTEX_POINT('',#6499);
#6501=CARTESIAN_POINT('',(2.35E-1,8.094999789582E0,1.E0));
#6502=VERTEX_POINT('',#6501);
#6503=CARTESIAN_POINT('',(-2.35E-1,8.095E0,1.E0));
#6504=VERTEX_POINT('',#6503);
#6505=CARTESIAN_POINT('',(-2.35E-1,1.02E1,1.E0));
#6506=VERTEX_POINT('',#6505);
#6507=CARTESIAN_POINT('',(-7.85E-1,1.02E1,1.E0));
#6508=VERTEX_POINT('',#6507);
#6509=CARTESIAN_POINT('',(-7.85E-1,8.094999789582E0,1.E0));
#6510=VERTEX_POINT('',#6509);
#6511=CARTESIAN_POINT('',(-1.255E0,8.095E0,1.E0));
#6512=VERTEX_POINT('',#6511);
#6513=CARTESIAN_POINT('',(-1.255E0,1.02E1,1.E0));
#6514=VERTEX_POINT('',#6513);
#6515=CARTESIAN_POINT('',(-1.805E0,1.02E1,1.E0));
#6516=VERTEX_POINT('',#6515);
#6517=CARTESIAN_POINT('',(-1.805000000026E0,8.094995973626E0,1.E0));
#6518=VERTEX_POINT('',#6517);
#6519=CARTESIAN_POINT('',(-2.275E0,8.095E0,1.E0));
#6520=VERTEX_POINT('',#6519);
#6521=CARTESIAN_POINT('',(-2.275E0,1.02E1,1.E0));
#6522=VERTEX_POINT('',#6521);
#6523=CARTESIAN_POINT('',(-2.825E0,1.02E1,1.E0));
#6524=VERTEX_POINT('',#6523);
#6525=CARTESIAN_POINT('',(-2.825000000026E0,8.097495992622E0,1.E0));
#6526=VERTEX_POINT('',#6525);
#6527=CARTESIAN_POINT('',(-3.29E0,8.0975E0,1.E0));
#6528=VERTEX_POINT('',#6527);
#6529=CARTESIAN_POINT('',(3.35E0,9.53E0,1.E0));
#6530=VERTEX_POINT('',#6529);
#6531=CARTESIAN_POINT('',(3.29E0,8.097499781349E0,1.E0));
#6532=VERTEX_POINT('',#6531);
#6533=CARTESIAN_POINT('',(2.825E0,8.0975E0,1.E0));
#6534=VERTEX_POINT('',#6533);
#6535=CARTESIAN_POINT('',(2.825E0,1.02E1,1.E0));
#6536=VERTEX_POINT('',#6535);
#6537=CARTESIAN_POINT('',(1.254999999991E0,8.030007631480E0,1.465000973212E0));
#6538=VERTEX_POINT('',#6537);
#6539=CARTESIAN_POINT('',(1.254999999943E0,8.095005190208E0,1.400014707125E0));
#6540=VERTEX_POINT('',#6539);
#6541=CARTESIAN_POINT('',(7.850000000230E-1,8.029985623181E0,1.464996457565E0));
#6542=VERTEX_POINT('',#6541);
#6543=CARTESIAN_POINT('',(7.850000000611E-1,8.094993621785E0,1.399983383535E0));
#6544=VERTEX_POINT('',#6543);
#6545=CARTESIAN_POINT('',(2.349999999911E-1,8.030007631480E0,1.465000973212E0));
#6546=VERTEX_POINT('',#6545);
#6547=CARTESIAN_POINT('',(2.349999999428E-1,8.095005190208E0,1.400014707125E0));
#6548=VERTEX_POINT('',#6547);
#6549=CARTESIAN_POINT('',(-2.349999999770E-1,8.029985623182E0,
1.464996457565E0));
#6550=VERTEX_POINT('',#6549);
#6551=CARTESIAN_POINT('',(-2.349999999389E-1,8.094993621785E0,
1.399983383535E0));
#6552=VERTEX_POINT('',#6551);
#6553=CARTESIAN_POINT('',(-7.850000000089E-1,8.030007631480E0,
1.465000973212E0));
#6554=VERTEX_POINT('',#6553);
#6555=CARTESIAN_POINT('',(-7.850000000572E-1,8.095005190208E0,
1.400014707125E0));
#6556=VERTEX_POINT('',#6555);
#6557=CARTESIAN_POINT('',(-1.254999999977E0,8.029985623182E0,1.464996457565E0));
#6558=VERTEX_POINT('',#6557);
#6559=CARTESIAN_POINT('',(-1.254999999939E0,8.094993621785E0,1.399983383535E0));
#6560=VERTEX_POINT('',#6559);
#6561=CARTESIAN_POINT('',(-1.805000000050E0,8.029971519018E0,1.464994147800E0));
#6562=VERTEX_POINT('',#6561);
#6563=CARTESIAN_POINT('',(-1.805000000024E0,8.095003378794E0,1.399968302290E0));
#6564=VERTEX_POINT('',#6563);
#6565=CARTESIAN_POINT('',(-2.274999999991E0,8.030005329484E0,1.465000971167E0));
#6566=VERTEX_POINT('',#6565);
#6567=CARTESIAN_POINT('',(-2.274999999991E0,8.095000961991E0,1.400007649579E0));
#6568=VERTEX_POINT('',#6567);
#6569=CARTESIAN_POINT('',(-2.825000000056E0,8.029971957276E0,1.467493984424E0));
#6570=VERTEX_POINT('',#6569);
#6571=CARTESIAN_POINT('',(-2.825000000022E0,8.097503197181E0,1.399968410810E0));
#6572=VERTEX_POINT('',#6571);
#6573=CARTESIAN_POINT('',(-3.289999999994E0,8.030005390867E0,1.467500741576E0));
#6574=VERTEX_POINT('',#6573);
#6575=CARTESIAN_POINT('',(-3.289999999994E0,8.097500732391E0,1.400007796636E0));
#6576=VERTEX_POINT('',#6575);
#6577=CARTESIAN_POINT('',(3.35E0,9.73E0,2.7E0));
#6578=CARTESIAN_POINT('',(3.35E0,9.53E0,2.5E0));
#6579=VERTEX_POINT('',#6577);
#6580=VERTEX_POINT('',#6578);
#6581=CARTESIAN_POINT('',(3.35E0,1.22E1,1.25E1));
#6582=VERTEX_POINT('',#6581);
#6583=CARTESIAN_POINT('',(3.35E0,1.053E1,1.25E1));
#6584=VERTEX_POINT('',#6583);
#6585=CARTESIAN_POINT('',(3.35E0,1.053E1,2.7E0));
#6586=VERTEX_POINT('',#6585);
#6587=VERTEX_POINT('',#2453);
#6588=CARTESIAN_POINT('',(-3.85E0,1.103E1,1.3E1));
#6589=VERTEX_POINT('',#6588);
#6590=CARTESIAN_POINT('',(-5.44E0,0.E0,1.3E1));
#6591=VERTEX_POINT('',#6590);
#6592=CARTESIAN_POINT('',(-4.948771417551E0,0.E0,7.E0));
#6593=CARTESIAN_POINT('',(-6.103771417551E0,0.E0,8.044736808962E0));
#6594=VERTEX_POINT('',#6592);
#6595=VERTEX_POINT('',#6593);
#6596=CARTESIAN_POINT('',(-6.103771417551E0,0.E0,1.3E1));
#6597=VERTEX_POINT('',#6596);
#6598=CARTESIAN_POINT('',(5.44E0,0.E0,1.3E1));
#6599=VERTEX_POINT('',#6598);
#6600=CARTESIAN_POINT('',(6.103771417551E0,0.E0,1.3E1));
#6601=VERTEX_POINT('',#6600);
#6602=CARTESIAN_POINT('',(6.103771417551E0,0.E0,8.044736808962E0));
#6603=VERTEX_POINT('',#6602);
#6604=CARTESIAN_POINT('',(4.948771417551E0,0.E0,7.E0));
#6605=VERTEX_POINT('',#6604);
#6606=CARTESIAN_POINT('',(6.103771417551E0,0.E0,5.955263191038E0));
#6607=VERTEX_POINT('',#6606);
#6608=CARTESIAN_POINT('',(-6.103771417551E0,0.E0,5.955263191038E0));
#6609=VERTEX_POINT('',#6608);
#6610=CARTESIAN_POINT('',(-6.248771417551E0,-9.3E-1,8.019803902719E0));
#6611=CARTESIAN_POINT('',(-6.248771417551E0,-1.7E0,8.019803902719E0));
#6612=VERTEX_POINT('',#6610);
#6613=VERTEX_POINT('',#6611);
#6614=CARTESIAN_POINT('',(-7.048771417551E0,-1.7E0,7.E0));
#6615=VERTEX_POINT('',#6614);
#6616=CARTESIAN_POINT('',(-7.048771417551E0,1.4E0,7.E0));
#6617=VERTEX_POINT('',#6616);
#6618=CARTESIAN_POINT('',(-6.103771417551E0,1.4E0,8.044736808962E0));
#6619=VERTEX_POINT('',#6618);
#6620=CARTESIAN_POINT('',(-4.948771417551E0,-1.7E0,7.E0));
#6621=VERTEX_POINT('',#6620);
#6622=CARTESIAN_POINT('',(-5.748771417551E0,-1.7E0,8.019803902719E0));
#6623=VERTEX_POINT('',#6622);
#6624=CARTESIAN_POINT('',(-5.748771417551E0,-9.3E-1,8.019803902719E0));
#6625=VERTEX_POINT('',#6624);
#6626=CARTESIAN_POINT('',(-6.248771417551E0,-9.3E-1,5.980196097281E0));
#6627=VERTEX_POINT('',#6626);
#6628=CARTESIAN_POINT('',(-6.248771417551E0,-1.7E0,5.980196097281E0));
#6629=VERTEX_POINT('',#6628);
#6630=CARTESIAN_POINT('',(-6.248771417551E0,-1.7E0,5.775255128608E0));
#6631=VERTEX_POINT('',#6630);
#6632=CARTESIAN_POINT('',(-6.248771417551E0,-1.9E0,5.775255128608E0));
#6633=VERTEX_POINT('',#6632);
#6634=VERTEX_POINT('',#4267);
#6635=CARTESIAN_POINT('',(-6.248771417551E0,-3.4E0,7.968245836552E0));
#6636=VERTEX_POINT('',#6635);
#6637=VERTEX_POINT('',#4284);
#6638=CARTESIAN_POINT('',(-6.248771417551E0,-1.7E0,8.224744871392E0));
#6639=VERTEX_POINT('',#6638);
#6640=CARTESIAN_POINT('',(-5.748771417551E0,-9.3E-1,5.980196097281E0));
#6641=VERTEX_POINT('',#6640);
#6642=CARTESIAN_POINT('',(-5.748771417551E0,-1.7E0,8.224744871392E0));
#6643=VERTEX_POINT('',#6642);
#6644=CARTESIAN_POINT('',(-5.748771417551E0,-1.9E0,8.224744871392E0));
#6645=VERTEX_POINT('',#6644);
#6646=VERTEX_POINT('',#4326);
#6647=CARTESIAN_POINT('',(-5.748771417551E0,-3.4E0,6.031754163448E0));
#6648=VERTEX_POINT('',#6647);
#6649=VERTEX_POINT('',#4319);
#6650=CARTESIAN_POINT('',(-5.748771417551E0,-1.7E0,5.775255128608E0));
#6651=VERTEX_POINT('',#6650);
#6652=CARTESIAN_POINT('',(-5.748771417551E0,-1.7E0,5.980196097281E0));
#6653=VERTEX_POINT('',#6652);
#6654=CARTESIAN_POINT('',(-7.248771417551E0,-1.7E0,7.E0));
#6655=VERTEX_POINT('',#6654);
#6656=CARTESIAN_POINT('',(-4.748771417551E0,-1.7E0,7.E0));
#6657=VERTEX_POINT('',#6656);
#6658=CARTESIAN_POINT('',(-7.248771417551E0,-1.9E0,7.E0));
#6659=VERTEX_POINT('',#6658);
#6660=CARTESIAN_POINT('',(-4.748771417551E0,-1.9E0,7.E0));
#6661=VERTEX_POINT('',#6660);
#6662=CARTESIAN_POINT('',(-6.998771417551E0,-3.4E0,7.E0));
#6663=VERTEX_POINT('',#6662);
#6664=CARTESIAN_POINT('',(-4.998771417551E0,-3.4E0,7.E0));
#6665=VERTEX_POINT('',#6664);
#6666=CARTESIAN_POINT('',(-6.103771417551E0,1.4E0,5.955263191038E0));
#6667=VERTEX_POINT('',#6666);
#6668=VERTEX_POINT('',#833);
#6669=CARTESIAN_POINT('',(-6.103771417551E0,1.36E1,1.3E1));
#6670=VERTEX_POINT('',#6669);
#6671=CARTESIAN_POINT('',(-5.303771417551E0,1.44E1,1.3E1));
#6672=VERTEX_POINT('',#6671);
#6673=CARTESIAN_POINT('',(5.303771417551E0,1.44E1,1.3E1));
#6674=VERTEX_POINT('',#6673);
#6675=CARTESIAN_POINT('',(6.103771417551E0,1.36E1,1.3E1));
#6676=VERTEX_POINT('',#6675);
#6677=CARTESIAN_POINT('',(6.103771417551E0,1.4E0,8.044736808962E0));
#6678=VERTEX_POINT('',#6677);
#6679=CARTESIAN_POINT('',(6.103771417551E0,1.4E0,5.955263191038E0));
#6680=VERTEX_POINT('',#6679);
#6681=VERTEX_POINT('',#1036);
#6682=CARTESIAN_POINT('',(6.248771417551E0,-1.7E0,8.019803902719E0));
#6683=CARTESIAN_POINT('',(6.248771417551E0,-9.3E-1,8.019803902719E0));
#6684=VERTEX_POINT('',#6682);
#6685=VERTEX_POINT('',#6683);
#6686=VERTEX_POINT('',#895);
#6687=CARTESIAN_POINT('',(5.748771417551E0,-1.7E0,8.019803902719E0));
#6688=VERTEX_POINT('',#6687);
#6689=CARTESIAN_POINT('',(4.948771417551E0,-1.7E0,7.E0));
#6690=VERTEX_POINT('',#6689);
#6691=CARTESIAN_POINT('',(7.048771417551E0,1.4E0,7.E0));
#6692=VERTEX_POINT('',#6691);
#6693=CARTESIAN_POINT('',(7.048771417551E0,-1.7E0,7.E0));
#6694=VERTEX_POINT('',#6693);
#6695=CARTESIAN_POINT('',(6.248771417551E0,-3.4E0,6.031754163448E0));
#6696=CARTESIAN_POINT('',(6.248771417551E0,-3.4E0,7.968245836552E0));
#6697=VERTEX_POINT('',#6695);
#6698=VERTEX_POINT('',#6696);
#6699=VERTEX_POINT('',#941);
#6700=CARTESIAN_POINT('',(6.248771417551E0,-1.7E0,5.775255128608E0));
#6701=VERTEX_POINT('',#6700);
#6702=CARTESIAN_POINT('',(6.248771417551E0,-1.7E0,5.980196097281E0));
#6703=VERTEX_POINT('',#6702);
#6704=CARTESIAN_POINT('',(6.248771417551E0,-9.3E-1,5.980196097281E0));
#6705=VERTEX_POINT('',#6704);
#6706=CARTESIAN_POINT('',(6.248771417551E0,-1.7E0,8.224744871392E0));
#6707=VERTEX_POINT('',#6706);
#6708=CARTESIAN_POINT('',(6.248771417551E0,-1.9E0,8.224744871392E0));
#6709=VERTEX_POINT('',#6708);
#6710=CARTESIAN_POINT('',(6.998771417551E0,-3.4E0,7.E0));
#6711=VERTEX_POINT('',#6710);
#6712=CARTESIAN_POINT('',(5.748771417551E0,-3.4E0,6.031754163448E0));
#6713=CARTESIAN_POINT('',(5.748771417551E0,-3.4E0,7.968245836552E0));
#6714=VERTEX_POINT('',#6712);
#6715=VERTEX_POINT('',#6713);
#6716=CARTESIAN_POINT('',(4.998771417551E0,-3.4E0,7.E0));
#6717=VERTEX_POINT('',#6716);
#6718=CARTESIAN_POINT('',(7.248771417551E0,-1.9E0,7.E0));
#6719=VERTEX_POINT('',#6718);
#6720=VERTEX_POINT('',#1115);
#6721=CARTESIAN_POINT('',(4.748771417551E0,-1.9E0,7.E0));
#6722=CARTESIAN_POINT('',(5.748771417551E0,-1.9E0,8.224744871392E0));
#6723=VERTEX_POINT('',#6721);
#6724=VERTEX_POINT('',#6722);
#6725=CARTESIAN_POINT('',(7.248771417551E0,-1.7E0,7.E0));
#6726=VERTEX_POINT('',#6725);
#6727=CARTESIAN_POINT('',(5.748771417551E0,-1.7E0,5.775255128608E0));
#6728=VERTEX_POINT('',#6727);
#6729=CARTESIAN_POINT('',(4.748771417551E0,-1.7E0,7.E0));
#6730=VERTEX_POINT('',#6729);
#6731=CARTESIAN_POINT('',(5.748771417551E0,-1.7E0,8.224744871392E0));
#6732=VERTEX_POINT('',#6731);
#6733=CARTESIAN_POINT('',(5.748771417551E0,-1.7E0,5.980196097281E0));
#6734=VERTEX_POINT('',#6733);
#6735=CARTESIAN_POINT('',(5.748771417551E0,-9.3E-1,5.980196097281E0));
#6736=VERTEX_POINT('',#6735);
#6737=CARTESIAN_POINT('',(5.44E0,1.103E1,1.3E1));
#6738=VERTEX_POINT('',#6737);
#6739=CARTESIAN_POINT('',(3.85E0,1.103E1,1.3E1));
#6740=VERTEX_POINT('',#6739);
#6741=CARTESIAN_POINT('',(3.85E0,1.27E1,1.3E1));
#6742=VERTEX_POINT('',#6741);
#6743=CARTESIAN_POINT('',(2.53E0,1.27E1,1.3E1));
#6744=VERTEX_POINT('',#6743);
#6745=CARTESIAN_POINT('',(2.03E0,1.22E1,1.25E1));
#6746=VERTEX_POINT('',#6745);
#6747=CARTESIAN_POINT('',(3.289999999994E0,8.030007781509E0,1.467500743648E0));
#6748=VERTEX_POINT('',#6747);
#6749=CARTESIAN_POINT('',(3.289999999946E0,8.097505000621E0,1.400014298123E0));
#6750=VERTEX_POINT('',#6749);
#6751=CARTESIAN_POINT('',(2.825000000023E0,8.029985937958E0,1.467496284058E0));
#6752=VERTEX_POINT('',#6751);
#6753=CARTESIAN_POINT('',(2.825000000067E0,8.097493464135E0,1.399983734714E0));
#6754=VERTEX_POINT('',#6753);
#6755=CARTESIAN_POINT('',(3.1E0,3.2E0,1.1E1));
#6756=VERTEX_POINT('',#6755);
#6757=CARTESIAN_POINT('',(-3.1E0,1.194E0,1.1E1));
#6758=CARTESIAN_POINT('',(3.1E0,1.194E0,1.1E1));
#6759=VERTEX_POINT('',#6757);
#6760=VERTEX_POINT('',#6758);
#6761=CARTESIAN_POINT('',(-3.1E0,3.2E0,1.1E1));
#6762=VERTEX_POINT('',#6761);
#6763=CARTESIAN_POINT('',(1.805E0,3.199999292264E0,8.149999887603E0));
#6764=VERTEX_POINT('',#6763);
#6765=CARTESIAN_POINT('',(1.805E0,1.034E0,4.74E0));
#6766=VERTEX_POINT('',#6765);
#6767=CARTESIAN_POINT('',(1.805E0,2.044E0,4.E0));
#6768=VERTEX_POINT('',#6767);
#6769=CARTESIAN_POINT('',(1.805E0,2.044E0,7.197E0));
#6770=VERTEX_POINT('',#6769);
#6771=CARTESIAN_POINT('',(1.805E0,2.547E0,7.7E0));
#6772=CARTESIAN_POINT('',(1.805E0,3.05E0,7.197E0));
#6773=VERTEX_POINT('',#6771);
#6774=VERTEX_POINT('',#6772);
#6775=CARTESIAN_POINT('',(1.805E0,3.05E0,4.975833024920E0));
#6776=VERTEX_POINT('',#6775);
#6777=CARTESIAN_POINT('',(1.805E0,3.55E0,4.109807621135E0));
#6778=VERTEX_POINT('',#6777);
#6779=CARTESIAN_POINT('',(1.805E0,3.549999887603E0,7.799999292212E0));
#6780=VERTEX_POINT('',#6779);
#6781=CARTESIAN_POINT('',(1.298434593433E0,1.034E0,4.740000866753E0));
#6782=CARTESIAN_POINT('',(1.255E0,1.034E0,4.74E0));
#6783=VERTEX_POINT('',#6781);
#6784=VERTEX_POINT('',#6782);
#6785=CARTESIAN_POINT('',(1.295E0,1.034E0,4.415E0));
#6786=VERTEX_POINT('',#6785);
#6787=CARTESIAN_POINT('',(1.295E0,1.034E0,4.7E0));
#6788=VERTEX_POINT('',#6787);
#6789=CARTESIAN_POINT('',(1.761565381241E0,1.034E0,4.740000866753E0));
#6790=VERTEX_POINT('',#6789);
#6791=CARTESIAN_POINT('',(1.765E0,1.034E0,4.7E0));
#6792=VERTEX_POINT('',#6791);
#6793=CARTESIAN_POINT('',(1.765E0,1.034E0,4.415E0));
#6794=VERTEX_POINT('',#6793);
#6795=CARTESIAN_POINT('',(1.255E0,3.199999292212E0,8.149999887603E0));
#6796=VERTEX_POINT('',#6795);
#6797=CARTESIAN_POINT('',(1.255E0,3.549999662804E0,7.799997876793E0));
#6798=VERTEX_POINT('',#6797);
#6799=CARTESIAN_POINT('',(1.255E0,3.55E0,4.109807621135E0));
#6800=VERTEX_POINT('',#6799);
#6801=CARTESIAN_POINT('',(1.255E0,3.05E0,4.975833024920E0));
#6802=VERTEX_POINT('',#6801);
#6803=CARTESIAN_POINT('',(1.255E0,3.05E0,7.197E0));
#6804=VERTEX_POINT('',#6803);
#6805=CARTESIAN_POINT('',(1.255E0,2.547E0,7.7E0));
#6806=VERTEX_POINT('',#6805);
#6807=CARTESIAN_POINT('',(1.255E0,2.044E0,7.197E0));
#6808=VERTEX_POINT('',#6807);
#6809=CARTESIAN_POINT('',(1.255E0,2.044E0,4.E0));
#6810=VERTEX_POINT('',#6809);
#6811=CARTESIAN_POINT('',(7.850000000001E-1,3.199999292264E0,8.149999887603E0));
#6812=VERTEX_POINT('',#6811);
#6813=CARTESIAN_POINT('',(7.85E-1,2.344E0,1.875E0));
#6814=VERTEX_POINT('',#6813);
#6815=CARTESIAN_POINT('',(7.85E-1,2.044E0,2.175E0));
#6816=VERTEX_POINT('',#6815);
#6817=CARTESIAN_POINT('',(7.85E-1,2.044E0,7.197E0));
#6818=VERTEX_POINT('',#6817);
#6819=CARTESIAN_POINT('',(7.85E-1,2.547E0,7.7E0));
#6820=CARTESIAN_POINT('',(7.85E-1,3.05E0,7.197E0));
#6821=VERTEX_POINT('',#6819);
#6822=VERTEX_POINT('',#6820);
#6823=CARTESIAN_POINT('',(7.85E-1,3.05E0,4.975833024920E0));
#6824=VERTEX_POINT('',#6823);
#6825=CARTESIAN_POINT('',(7.85E-1,3.55E0,4.109807621135E0));
#6826=VERTEX_POINT('',#6825);
#6827=CARTESIAN_POINT('',(7.850000000001E-1,3.549999887603E0,7.799999292212E0));
#6828=VERTEX_POINT('',#6827);
#6829=CARTESIAN_POINT('',(2.35E-1,2.344E0,1.875E0));
#6830=VERTEX_POINT('',#6829);
#6831=CARTESIAN_POINT('',(2.35E-1,2.044E0,2.175E0));
#6832=VERTEX_POINT('',#6831);
#6833=CARTESIAN_POINT('',(2.35E-1,2.044E0,7.197E0));
#6834=VERTEX_POINT('',#6833);
#6835=CARTESIAN_POINT('',(2.35E-1,2.044E0,1.199902139101E0));
#6836=VERTEX_POINT('',#6835);
#6837=CARTESIAN_POINT('',(2.349999999999E-1,3.199999292212E0,8.149999887603E0));
#6838=VERTEX_POINT('',#6837);
#6839=CARTESIAN_POINT('',(2.349999999996E-1,3.549999662804E0,7.799997876793E0));
#6840=VERTEX_POINT('',#6839);
#6841=CARTESIAN_POINT('',(2.35E-1,3.55E0,4.109807621135E0));
#6842=VERTEX_POINT('',#6841);
#6843=CARTESIAN_POINT('',(2.35E-1,3.05E0,4.975833024920E0));
#6844=VERTEX_POINT('',#6843);
#6845=CARTESIAN_POINT('',(2.35E-1,3.05E0,7.197E0));
#6846=VERTEX_POINT('',#6845);
#6847=CARTESIAN_POINT('',(2.35E-1,2.547E0,7.7E0));
#6848=VERTEX_POINT('',#6847);
#6849=CARTESIAN_POINT('',(-2.349999999999E-1,3.199999292264E0,
8.149999887603E0));
#6850=VERTEX_POINT('',#6849);
#6851=CARTESIAN_POINT('',(-2.35E-1,1.034E0,4.74E0));
#6852=VERTEX_POINT('',#6851);
#6853=CARTESIAN_POINT('',(-2.35E-1,2.044E0,4.E0));
#6854=VERTEX_POINT('',#6853);
#6855=CARTESIAN_POINT('',(-2.35E-1,2.044E0,7.197E0));
#6856=VERTEX_POINT('',#6855);
#6857=CARTESIAN_POINT('',(-2.35E-1,2.547E0,7.7E0));
#6858=CARTESIAN_POINT('',(-2.35E-1,3.05E0,7.197E0));
#6859=VERTEX_POINT('',#6857);
#6860=VERTEX_POINT('',#6858);
#6861=CARTESIAN_POINT('',(-2.35E-1,3.05E0,4.975833024920E0));
#6862=VERTEX_POINT('',#6861);
#6863=CARTESIAN_POINT('',(-2.35E-1,3.55E0,4.109807621135E0));
#6864=VERTEX_POINT('',#6863);
#6865=CARTESIAN_POINT('',(-2.349999999999E-1,3.549999887603E0,
7.799999292212E0));
#6866=VERTEX_POINT('',#6865);
#6867=CARTESIAN_POINT('',(-7.415654065666E-1,1.034E0,4.740000866753E0));
#6868=CARTESIAN_POINT('',(-7.85E-1,1.034E0,4.74E0));
#6869=VERTEX_POINT('',#6867);
#6870=VERTEX_POINT('',#6868);
#6871=CARTESIAN_POINT('',(-7.45E-1,1.034E0,4.415E0));
#6872=VERTEX_POINT('',#6871);
#6873=CARTESIAN_POINT('',(-7.45E-1,1.034E0,4.7E0));
#6874=VERTEX_POINT('',#6873);
#6875=CARTESIAN_POINT('',(-2.784346187586E-1,1.034E0,4.740000866753E0));
#6876=VERTEX_POINT('',#6875);
#6877=CARTESIAN_POINT('',(-2.75E-1,1.034E0,4.7E0));
#6878=VERTEX_POINT('',#6877);
#6879=CARTESIAN_POINT('',(-2.75E-1,1.034E0,4.415E0));
#6880=VERTEX_POINT('',#6879);
#6881=CARTESIAN_POINT('',(-7.850000000001E-1,3.199999292212E0,
8.149999887603E0));
#6882=VERTEX_POINT('',#6881);
#6883=CARTESIAN_POINT('',(-7.850000000004E-1,3.549999662804E0,
7.799997876793E0));
#6884=VERTEX_POINT('',#6883);
#6885=CARTESIAN_POINT('',(-7.85E-1,3.55E0,4.109807621135E0));
#6886=VERTEX_POINT('',#6885);
#6887=CARTESIAN_POINT('',(-7.85E-1,3.05E0,4.975833024920E0));
#6888=VERTEX_POINT('',#6887);
#6889=CARTESIAN_POINT('',(-7.85E-1,3.05E0,7.197E0));
#6890=VERTEX_POINT('',#6889);
#6891=CARTESIAN_POINT('',(-7.85E-1,2.547E0,7.7E0));
#6892=VERTEX_POINT('',#6891);
#6893=CARTESIAN_POINT('',(-7.85E-1,2.044E0,7.197E0));
#6894=VERTEX_POINT('',#6893);
#6895=CARTESIAN_POINT('',(-7.85E-1,2.044E0,4.E0));
#6896=VERTEX_POINT('',#6895);
#6897=CARTESIAN_POINT('',(-1.255E0,3.199999292264E0,8.149999887603E0));
#6898=VERTEX_POINT('',#6897);
#6899=CARTESIAN_POINT('',(-1.255E0,2.344E0,1.875E0));
#6900=VERTEX_POINT('',#6899);
#6901=CARTESIAN_POINT('',(-1.255E0,2.044E0,2.175E0));
#6902=VERTEX_POINT('',#6901);
#6903=CARTESIAN_POINT('',(-1.255E0,2.044E0,7.197E0));
#6904=VERTEX_POINT('',#6903);
#6905=CARTESIAN_POINT('',(-1.255E0,2.547E0,7.7E0));
#6906=CARTESIAN_POINT('',(-1.255E0,3.05E0,7.197E0));
#6907=VERTEX_POINT('',#6905);
#6908=VERTEX_POINT('',#6906);
#6909=CARTESIAN_POINT('',(-1.255E0,3.05E0,4.975833024920E0));
#6910=VERTEX_POINT('',#6909);
#6911=CARTESIAN_POINT('',(-1.255E0,3.55E0,4.109807621135E0));
#6912=VERTEX_POINT('',#6911);
#6913=CARTESIAN_POINT('',(-1.255E0,3.549999887603E0,7.799999292212E0));
#6914=VERTEX_POINT('',#6913);
#6915=CARTESIAN_POINT('',(-1.805E0,2.344E0,1.875E0));
#6916=VERTEX_POINT('',#6915);
#6917=CARTESIAN_POINT('',(-1.805E0,2.044E0,2.175E0));
#6918=VERTEX_POINT('',#6917);
#6919=CARTESIAN_POINT('',(-1.805E0,2.044E0,7.197E0));
#6920=VERTEX_POINT('',#6919);
#6921=CARTESIAN_POINT('',(-1.805E0,2.044E0,1.199902139101E0));
#6922=VERTEX_POINT('',#6921);
#6923=CARTESIAN_POINT('',(-1.805E0,3.199999292212E0,8.149999887603E0));
#6924=VERTEX_POINT('',#6923);
#6925=CARTESIAN_POINT('',(-1.805E0,3.549999662804E0,7.799997876793E0));
#6926=VERTEX_POINT('',#6925);
#6927=CARTESIAN_POINT('',(-1.805E0,3.55E0,4.109807621135E0));
#6928=VERTEX_POINT('',#6927);
#6929=CARTESIAN_POINT('',(-1.805E0,3.05E0,4.975833024920E0));
#6930=VERTEX_POINT('',#6929);
#6931=CARTESIAN_POINT('',(-1.805E0,3.05E0,7.197E0));
#6932=VERTEX_POINT('',#6931);
#6933=CARTESIAN_POINT('',(-1.805E0,2.547E0,7.7E0));
#6934=VERTEX_POINT('',#6933);
#6935=CARTESIAN_POINT('',(3.325E0,1.034E0,9.45E0));
#6936=VERTEX_POINT('',#6935);
#6937=CARTESIAN_POINT('',(-3.325E0,1.034E0,9.45E0));
#6938=VERTEX_POINT('',#6937);
#6939=CARTESIAN_POINT('',(5.210344166733E0,6.473870646210E0,-5.E-2));
#6940=VERTEX_POINT('',#6939);
#6941=CARTESIAN_POINT('',(5.137999577752E0,6.431446952045E0,-5.E-2));
#6942=VERTEX_POINT('',#6941);
#6943=CARTESIAN_POINT('',(5.371072759806E0,6.938027577206E0,-5.E-2));
#6944=VERTEX_POINT('',#6943);
#6945=CARTESIAN_POINT('',(5.238492619036E0,7.125561527210E0,-5.E-2));
#6946=VERTEX_POINT('',#6945);
#6947=CARTESIAN_POINT('',(5.379124424982E0,6.984929721264E0,-5.E-2));
#6948=VERTEX_POINT('',#6947);
#6949=CARTESIAN_POINT('',(4.444709417331E0,7.125561527210E0,-5.E-2));
#6950=VERTEX_POINT('',#6949);
#6951=CARTESIAN_POINT('',(4.172732773440E0,6.351750261796E0,-5.E-2));
#6952=VERTEX_POINT('',#6951);
#6953=CARTESIAN_POINT('',(3.973041773439E0,6.351750261796E0,-5.E-2));
#6954=VERTEX_POINT('',#6953);
#6955=CARTESIAN_POINT('',(4.245018417330E0,7.125561527210E0,-5.E-2));
#6956=VERTEX_POINT('',#6955);
#6957=CARTESIAN_POINT('',(3.906510678427E0,7.125561527210E0,-5.E-2));
#6958=VERTEX_POINT('',#6957);
#6959=CARTESIAN_POINT('',(3.585938788446E0,6.200749748879E0,-5.E-2));
#6960=VERTEX_POINT('',#6959);
#6961=CARTESIAN_POINT('',(3.718019923597E0,6.011828414245E0,-5.E-2));
#6962=VERTEX_POINT('',#6961);
#6963=CARTESIAN_POINT('',(3.577388117651E0,6.152460220191E0,-5.E-2));
#6964=VERTEX_POINT('',#6963);
#6965=CARTESIAN_POINT('',(4.403217808028E0,6.011828414245E0,-5.E-2));
#6966=VERTEX_POINT('',#6965);
#6967=CARTESIAN_POINT('',(4.548447382742E0,6.424935055240E0,-5.E-2));
#6968=VERTEX_POINT('',#6967);
#6969=CARTESIAN_POINT('',(4.602091877093E0,6.424935055240E0,-5.E-2));
#6970=VERTEX_POINT('',#6969);
#6971=CARTESIAN_POINT('',(4.694941313677E0,6.011828414245E0,-5.E-2));
#6972=VERTEX_POINT('',#6971);
#6973=CARTESIAN_POINT('',(5.002636694764E0,6.011828414245E0,-5.E-2));
#6974=VERTEX_POINT('',#6973);
#6975=CARTESIAN_POINT('',(4.903744496006E0,6.431446952045E0,-5.E-2));
#6976=VERTEX_POINT('',#6975);
#6977=CARTESIAN_POINT('',(4.667410095385E0,6.890926336378E0,-5.E-2));
#6978=CARTESIAN_POINT('',(5.053817095385E0,6.890926336378E0,-5.E-2));
#6979=VERTEX_POINT('',#6977);
#6980=VERTEX_POINT('',#6978);
#6981=CARTESIAN_POINT('',(4.973725095385E0,6.661906336378E0,-5.E-2));
#6982=VERTEX_POINT('',#6981);
#6983=CARTESIAN_POINT('',(4.587318095385E0,6.661906336378E0,-5.E-2));
#6984=VERTEX_POINT('',#6983);
#6985=CARTESIAN_POINT('',(-4.170212760567E0,7.955288085183E0,-5.E-2));
#6986=CARTESIAN_POINT('',(-4.106382980943E0,7.996954771717E0,-5.E-2));
#6987=VERTEX_POINT('',#6985);
#6988=VERTEX_POINT('',#6986);
#6989=CARTESIAN_POINT('',(-4.063829787076E0,8.059454771717E0,-5.E-2));
#6990=VERTEX_POINT('',#6989);
#6991=CARTESIAN_POINT('',(-4.021276595071E0,8.142788085183E0,-5.E-2));
#6992=VERTEX_POINT('',#6991);
#6993=CARTESIAN_POINT('',(-4.E0,8.226121428450E0,-5.E-2));
#6994=VERTEX_POINT('',#6993);
#6995=CARTESIAN_POINT('',(-4.E0,8.392788114985E0,-5.E-2));
#6996=VERTEX_POINT('',#6995);
#6997=CARTESIAN_POINT('',(-4.021276595071E0,8.476121443350E0,-5.E-2));
#6998=VERTEX_POINT('',#6997);
#6999=CARTESIAN_POINT('',(-4.063829787076E0,8.559454771717E0,-5.E-2));
#7000=VERTEX_POINT('',#6999);
#7001=CARTESIAN_POINT('',(-4.106382980943E0,8.621954771717E0,-5.E-2));
#7002=VERTEX_POINT('',#7001);
#7003=CARTESIAN_POINT('',(-4.170212760568E0,8.663621437763E0,-5.E-2));
#7004=VERTEX_POINT('',#7003);
#7005=CARTESIAN_POINT('',(-4.234042555094E0,8.684454771717E0,-5.E-2));
#7006=VERTEX_POINT('',#7005);
#7007=CARTESIAN_POINT('',(-4.234042555094E0,8.580288107534E0,-5.E-2));
#7008=VERTEX_POINT('',#7007);
#7009=CARTESIAN_POINT('',(-4.191489368676E0,8.559454771717E0,-5.E-2));
#7010=VERTEX_POINT('',#7009);
#7011=CARTESIAN_POINT('',(-4.148936167359E0,8.517788100084E0,-5.E-2));
#7012=VERTEX_POINT('',#7011);
#7013=CARTESIAN_POINT('',(-4.127659574151E0,8.476121443351E0,-5.E-2));
#7014=VERTEX_POINT('',#7013);
#7015=CARTESIAN_POINT('',(-4.106382980943E0,8.371954771717E0,-5.E-2));
#7016=VERTEX_POINT('',#7015);
#7017=CARTESIAN_POINT('',(-4.106382980943E0,8.246954771717E0,-5.E-2));
#7018=VERTEX_POINT('',#7017);
#7019=CARTESIAN_POINT('',(-4.127659574151E0,8.142788085182E0,-5.E-2));
#7020=VERTEX_POINT('',#7019);
#7021=CARTESIAN_POINT('',(-4.148936167359E0,8.101121458252E0,-5.E-2));
#7022=VERTEX_POINT('',#7021);
#7023=CARTESIAN_POINT('',(-4.191489368677E0,8.059454771717E0,-5.E-2));
#7024=VERTEX_POINT('',#7023);
#7025=CARTESIAN_POINT('',(-4.234042555094E0,8.038621458252E0,-5.E-2));
#7026=VERTEX_POINT('',#7025);
#7027=CARTESIAN_POINT('',(-4.319148927927E0,8.038621458252E0,-5.E-2));
#7028=VERTEX_POINT('',#7027);
#7029=CARTESIAN_POINT('',(-4.404255330563E0,8.080288085183E0,-5.E-2));
#7030=VERTEX_POINT('',#7029);
#7031=CARTESIAN_POINT('',(-4.446808516980E0,8.142788085183E0,-5.E-2));
#7032=VERTEX_POINT('',#7031);
#7033=CARTESIAN_POINT('',(-4.468085110188E0,8.267788114985E0,-5.E-2));
#7034=VERTEX_POINT('',#7033);
#7035=CARTESIAN_POINT('',(-4.468085110188E0,8.351121428450E0,-5.E-2));
#7036=VERTEX_POINT('',#7035);
#7037=CARTESIAN_POINT('',(-4.553191483021E0,8.351121428450E0,-5.E-2));
#7038=VERTEX_POINT('',#7037);
#7039=CARTESIAN_POINT('',(-4.553191483021E0,8.267788114984E0,-5.E-2));
#7040=VERTEX_POINT('',#7039);
#7041=CARTESIAN_POINT('',(-4.595744669437E0,8.142788085183E0,-5.E-2));
#7042=VERTEX_POINT('',#7041);
#7043=CARTESIAN_POINT('',(-4.638297855854E0,8.101121458252E0,-5.E-2));
#7044=VERTEX_POINT('',#7043);
#7045=CARTESIAN_POINT('',(-4.723404228687E0,8.059454771717E0,-5.E-2));
#7046=VERTEX_POINT('',#7045);
#7047=CARTESIAN_POINT('',(-4.765957474709E0,8.059454771717E0,-5.E-2));
#7048=VERTEX_POINT('',#7047);
#7049=CARTESIAN_POINT('',(-4.829787254333E0,8.101121458252E0,-5.E-2));
#7050=VERTEX_POINT('',#7049);
#7051=CARTESIAN_POINT('',(-4.872340440750E0,8.163621458252E0,-5.E-2));
#7052=VERTEX_POINT('',#7051);
#7053=CARTESIAN_POINT('',(-4.893617033958E0,8.267788114985E0,-5.E-2));
#7054=VERTEX_POINT('',#7053);
#7055=CARTESIAN_POINT('',(-4.893617033958E0,8.351121428451E0,-5.E-2));
#7056=VERTEX_POINT('',#7055);
#7057=CARTESIAN_POINT('',(-4.872340440750E0,8.455288100084E0,-5.E-2));
#7058=VERTEX_POINT('',#7057);
#7059=CARTESIAN_POINT('',(-4.829787254333E0,8.517788100084E0,-5.E-2));
#7060=VERTEX_POINT('',#7059);
#7061=CARTESIAN_POINT('',(-4.765957474709E0,8.559454771717E0,-5.E-2));
#7062=VERTEX_POINT('',#7061);
#7063=CARTESIAN_POINT('',(-4.765957474709E0,8.663621437763E0,-5.E-2));
#7064=VERTEX_POINT('',#7063);
#7065=CARTESIAN_POINT('',(-4.851063847542E0,8.642788103809E0,-5.E-2));
#7066=VERTEX_POINT('',#7065);
#7067=CARTESIAN_POINT('',(-4.936170220375E0,8.559454771717E0,-5.E-2));
#7068=VERTEX_POINT('',#7067);
#7069=CARTESIAN_POINT('',(-4.978723406792E0,8.476121443351E0,-5.E-2));
#7070=VERTEX_POINT('',#7069);
#7071=CARTESIAN_POINT('',(-5.E0,8.330288114985E0,-5.E-2));
#7072=VERTEX_POINT('',#7071);
#7073=CARTESIAN_POINT('',(-5.E0,8.288621428449E0,-5.E-2));
#7074=VERTEX_POINT('',#7073);
#7075=CARTESIAN_POINT('',(-4.978723406792E0,8.142788085183E0,-5.E-2));
#7076=VERTEX_POINT('',#7075);
#7077=CARTESIAN_POINT('',(-4.936170220375E0,8.059454771717E0,-5.E-2));
#7078=VERTEX_POINT('',#7077);
#7079=CARTESIAN_POINT('',(-4.851063847542E0,7.976121458253E0,-5.E-2));
#7080=VERTEX_POINT('',#7079);
#7081=CARTESIAN_POINT('',(-4.765957474709E0,7.955288085183E0,-5.E-2));
#7082=VERTEX_POINT('',#7081);
#7083=CARTESIAN_POINT('',(-4.723404228686E0,7.955288085183E0,-5.E-2));
#7084=VERTEX_POINT('',#7083);
#7085=CARTESIAN_POINT('',(-4.638297855855E0,7.976121458252E0,-5.E-2));
#7086=VERTEX_POINT('',#7085);
#7087=CARTESIAN_POINT('',(-4.574468076228E0,8.017788085183E0,-5.E-2));
#7088=VERTEX_POINT('',#7087);
#7089=CARTESIAN_POINT('',(-4.510638296604E0,8.101121458252E0,-5.E-2));
#7090=VERTEX_POINT('',#7089);
#7091=CARTESIAN_POINT('',(-4.468085110188E0,7.996954771718E0,-5.E-2));
#7092=VERTEX_POINT('',#7091);
#7093=CARTESIAN_POINT('',(-4.404255330562E0,7.955288085182E0,-5.E-2));
#7094=VERTEX_POINT('',#7093);
#7095=CARTESIAN_POINT('',(-4.319148927927E0,7.934454771717E0,-5.E-2));
#7096=VERTEX_POINT('',#7095);
#7097=CARTESIAN_POINT('',(-4.234042555095E0,7.934454771717E0,-5.E-2));
#7098=VERTEX_POINT('',#7097);
#7099=CARTESIAN_POINT('',(-4.E0,7.767788085183E0,-5.E-2));
#7100=CARTESIAN_POINT('',(-4.106382980942E0,7.767788085183E0,-5.E-2));
#7101=VERTEX_POINT('',#7099);
#7102=VERTEX_POINT('',#7100);
#7103=CARTESIAN_POINT('',(-4.638297855854E0,7.184454771717E0,-5.E-2));
#7104=VERTEX_POINT('',#7103);
#7105=CARTESIAN_POINT('',(-4.723404228687E0,7.142788144787E0,-5.E-2));
#7106=VERTEX_POINT('',#7105);
#7107=CARTESIAN_POINT('',(-4.765957474709E0,7.142788144787E0,-5.E-2));
#7108=VERTEX_POINT('',#7107);
#7109=CARTESIAN_POINT('',(-4.829787254333E0,7.184454771717E0,-5.E-2));
#7110=VERTEX_POINT('',#7109);
#7111=CARTESIAN_POINT('',(-4.872340440750E0,7.246954771717E0,-5.E-2));
#7112=VERTEX_POINT('',#7111);
#7113=CARTESIAN_POINT('',(-4.893617033958E0,7.351121398648E0,-5.E-2));
#7114=VERTEX_POINT('',#7113);
#7115=CARTESIAN_POINT('',(-4.893617033958E0,7.434454771718E0,-5.E-2));
#7116=VERTEX_POINT('',#7115);
#7117=CARTESIAN_POINT('',(-4.872340440750E0,7.538621398648E0,-5.E-2));
#7118=VERTEX_POINT('',#7117);
#7119=CARTESIAN_POINT('',(-4.829787254333E0,7.601121398648E0,-5.E-2));
#7120=VERTEX_POINT('',#7119);
#7121=CARTESIAN_POINT('',(-4.765957474709E0,7.642788144787E0,-5.E-2));
#7122=VERTEX_POINT('',#7121);
#7123=CARTESIAN_POINT('',(-4.765957474709E0,7.746954771717E0,-5.E-2));
#7124=VERTEX_POINT('',#7123);
#7125=CARTESIAN_POINT('',(-4.851063847542E0,7.726121458252E0,-5.E-2));
#7126=VERTEX_POINT('',#7125);
#7127=CARTESIAN_POINT('',(-4.936170220375E0,7.642788144787E0,-5.E-2));
#7128=VERTEX_POINT('',#7127);
#7129=CARTESIAN_POINT('',(-4.978723406792E0,7.559454771717E0,-5.E-2));
#7130=VERTEX_POINT('',#7129);
#7131=CARTESIAN_POINT('',(-5.E0,7.413621398648E0,-5.E-2));
#7132=VERTEX_POINT('',#7131);
#7133=CARTESIAN_POINT('',(-5.E0,7.330288144786E0,-5.E-2));
#7134=VERTEX_POINT('',#7133);
#7135=CARTESIAN_POINT('',(-4.978723406792E0,7.205288144787E0,-5.E-2));
#7136=VERTEX_POINT('',#7135);
#7137=CARTESIAN_POINT('',(-4.936170220375E0,7.121954771717E0,-5.E-2));
#7138=VERTEX_POINT('',#7137);
#7139=CARTESIAN_POINT('',(-4.851063847542E0,7.038621398648E0,-5.E-2));
#7140=VERTEX_POINT('',#7139);
#7141=CARTESIAN_POINT('',(-4.765957474709E0,7.017788144787E0,-5.E-2));
#7142=VERTEX_POINT('',#7141);
#7143=CARTESIAN_POINT('',(-4.723404228688E0,7.017788144787E0,-5.E-2));
#7144=VERTEX_POINT('',#7143);
#7145=CARTESIAN_POINT('',(-4.638297855853E0,7.038621398648E0,-5.E-2));
#7146=VERTEX_POINT('',#7145);
#7147=CARTESIAN_POINT('',(-4.574468076230E0,7.080288144787E0,-5.E-2));
#7148=VERTEX_POINT('',#7147);
#7149=CARTESIAN_POINT('',(-4.106382980943E0,7.601121398648E0,-5.E-2));
#7150=VERTEX_POINT('',#7149);
#7151=CARTESIAN_POINT('',(-4.106382980943E0,7.017788144787E0,-5.E-2));
#7152=VERTEX_POINT('',#7151);
#7153=CARTESIAN_POINT('',(-4.E0,7.017788144787E0,-5.E-2));
#7154=VERTEX_POINT('',#7153);
#7155=CARTESIAN_POINT('',(-5.E0,6.101121517857E0,-5.E-2));
#7156=CARTESIAN_POINT('',(-4.893617033958E0,6.101121517857E0,-5.E-2));
#7157=VERTEX_POINT('',#7155);
#7158=VERTEX_POINT('',#7156);
#7159=CARTESIAN_POINT('',(-4.E0,6.517788025578E0,-5.E-2));
#7160=VERTEX_POINT('',#7159);
#7161=CARTESIAN_POINT('',(-4.E0,6.642788025578E0,-5.E-2));
#7162=VERTEX_POINT('',#7161);
#7163=CARTESIAN_POINT('',(-4.893617033958E0,6.226121517857E0,-5.E-2));
#7164=VERTEX_POINT('',#7163);
#7165=CARTESIAN_POINT('',(-4.893617033958E0,6.851121398648E0,-5.E-2));
#7166=VERTEX_POINT('',#7165);
#7167=CARTESIAN_POINT('',(-5.E0,6.851121398648E0,-5.E-2));
#7168=VERTEX_POINT('',#7167);
#7169=CARTESIAN_POINT('',(-4.468085110188E0,5.642788025578E0,-5.E-2));
#7170=CARTESIAN_POINT('',(-4.361702114344E0,5.642788025578E0,-5.E-2));
#7171=VERTEX_POINT('',#7169);
#7172=VERTEX_POINT('',#7170);
#7173=CARTESIAN_POINT('',(-4.361702114344E0,5.934454771717E0,-5.E-2));
#7174=VERTEX_POINT('',#7173);
#7175=CARTESIAN_POINT('',(-4.468085110188E0,5.934454771717E0,-5.E-2));
#7176=VERTEX_POINT('',#7175);
#7177=CARTESIAN_POINT('',(-5.E0,5.226121517857E0,-5.E-2));
#7178=CARTESIAN_POINT('',(-4.E0,5.226121517857E0,-5.E-2));
#7179=VERTEX_POINT('',#7177);
#7180=VERTEX_POINT('',#7178);
#7181=CARTESIAN_POINT('',(-4.E0,5.351121517857E0,-5.E-2));
#7182=VERTEX_POINT('',#7181);
#7183=CARTESIAN_POINT('',(-4.829787254333E0,5.351121517857E0,-5.E-2));
#7184=VERTEX_POINT('',#7183);
#7185=CARTESIAN_POINT('',(-4.680851042271E0,5.476121517857E0,-5.E-2));
#7186=VERTEX_POINT('',#7185);
#7187=CARTESIAN_POINT('',(-4.851063847542E0,5.476121517857E0,-5.E-2));
#7188=VERTEX_POINT('',#7187);
#7189=CARTESIAN_POINT('',(-5.E0,5.351121517857E0,-5.E-2));
#7190=VERTEX_POINT('',#7189);
#7191=CARTESIAN_POINT('',(0.E0,0.E0,0.E0));
#7192=DIRECTION('',(0.E0,0.E0,1.E0));
#7193=DIRECTION('',(1.E0,0.E0,0.E0));
#7194=AXIS2_PLACEMENT_3D('',#7191,#7192,#7193);
#7195=PLANE('',#7194);
#7197=ORIENTED_EDGE('',*,*,#7196,.T.);
#7199=ORIENTED_EDGE('',*,*,#7198,.F.);
#7201=ORIENTED_EDGE('',*,*,#7200,.F.);
#7203=ORIENTED_EDGE('',*,*,#7202,.T.);
#7205=ORIENTED_EDGE('',*,*,#7204,.F.);
#7207=ORIENTED_EDGE('',*,*,#7206,.T.);
#7209=ORIENTED_EDGE('',*,*,#7208,.F.);
#7211=ORIENTED_EDGE('',*,*,#7210,.F.);
#7213=ORIENTED_EDGE('',*,*,#7212,.T.);
#7215=ORIENTED_EDGE('',*,*,#7214,.F.);
#7216=EDGE_LOOP('',(#7197,#7199,#7201,#7203,#7205,#7207,#7209,#7211,#7213,
#7215));
#7217=FACE_OUTER_BOUND('',#7216,.F.);
#7219=ORIENTED_EDGE('',*,*,#7218,.F.);
#7221=ORIENTED_EDGE('',*,*,#7220,.F.);
#7223=ORIENTED_EDGE('',*,*,#7222,.T.);
#7225=ORIENTED_EDGE('',*,*,#7224,.T.);
#7226=EDGE_LOOP('',(#7219,#7221,#7223,#7225));
#7227=FACE_BOUND('',#7226,.F.);
#7229=ORIENTED_EDGE('',*,*,#7228,.T.);
#7231=ORIENTED_EDGE('',*,*,#7230,.T.);
#7233=ORIENTED_EDGE('',*,*,#7232,.T.);
#7235=ORIENTED_EDGE('',*,*,#7234,.T.);
#7236=EDGE_LOOP('',(#7229,#7231,#7233,#7235));
#7237=FACE_BOUND('',#7236,.F.);
#7239=ORIENTED_EDGE('',*,*,#7238,.T.);
#7241=ORIENTED_EDGE('',*,*,#7240,.T.);
#7243=ORIENTED_EDGE('',*,*,#7242,.T.);
#7245=ORIENTED_EDGE('',*,*,#7244,.T.);
#7246=EDGE_LOOP('',(#7239,#7241,#7243,#7245));
#7247=FACE_BOUND('',#7246,.F.);
#7249=ORIENTED_EDGE('',*,*,#7248,.T.);
#7251=ORIENTED_EDGE('',*,*,#7250,.T.);
#7253=ORIENTED_EDGE('',*,*,#7252,.T.);
#7255=ORIENTED_EDGE('',*,*,#7254,.T.);
#7256=EDGE_LOOP('',(#7249,#7251,#7253,#7255));
#7257=FACE_BOUND('',#7256,.F.);
#7259=ORIENTED_EDGE('',*,*,#7258,.T.);
#7261=ORIENTED_EDGE('',*,*,#7260,.T.);
#7263=ORIENTED_EDGE('',*,*,#7262,.T.);
#7265=ORIENTED_EDGE('',*,*,#7264,.T.);
#7266=EDGE_LOOP('',(#7259,#7261,#7263,#7265));
#7267=FACE_BOUND('',#7266,.F.);
#7269=ORIENTED_EDGE('',*,*,#7268,.T.);
#7271=ORIENTED_EDGE('',*,*,#7270,.T.);
#7273=ORIENTED_EDGE('',*,*,#7272,.T.);
#7275=ORIENTED_EDGE('',*,*,#7274,.T.);
#7276=EDGE_LOOP('',(#7269,#7271,#7273,#7275));
#7277=FACE_BOUND('',#7276,.F.);
#7279=ORIENTED_EDGE('',*,*,#7278,.T.);
#7281=ORIENTED_EDGE('',*,*,#7280,.T.);
#7283=ORIENTED_EDGE('',*,*,#7282,.T.);
#7285=ORIENTED_EDGE('',*,*,#7284,.T.);
#7286=EDGE_LOOP('',(#7279,#7281,#7283,#7285));
#7287=FACE_BOUND('',#7286,.F.);
#7289=ORIENTED_EDGE('',*,*,#7288,.T.);
#7291=ORIENTED_EDGE('',*,*,#7290,.F.);
#7293=ORIENTED_EDGE('',*,*,#7292,.T.);
#7295=ORIENTED_EDGE('',*,*,#7294,.F.);
#7297=ORIENTED_EDGE('',*,*,#7296,.T.);
#7299=ORIENTED_EDGE('',*,*,#7298,.F.);
#7301=ORIENTED_EDGE('',*,*,#7300,.T.);
#7303=ORIENTED_EDGE('',*,*,#7302,.F.);
#7305=ORIENTED_EDGE('',*,*,#7304,.T.);
#7307=ORIENTED_EDGE('',*,*,#7306,.T.);
#7309=ORIENTED_EDGE('',*,*,#7308,.T.);
#7311=ORIENTED_EDGE('',*,*,#7310,.F.);
#7313=ORIENTED_EDGE('',*,*,#7312,.T.);
#7315=ORIENTED_EDGE('',*,*,#7314,.F.);
#7317=ORIENTED_EDGE('',*,*,#7316,.T.);
#7319=ORIENTED_EDGE('',*,*,#7318,.F.);
#7321=ORIENTED_EDGE('',*,*,#7320,.T.);
#7323=ORIENTED_EDGE('',*,*,#7322,.T.);
#7325=ORIENTED_EDGE('',*,*,#7324,.T.);
#7326=EDGE_LOOP('',(#7289,#7291,#7293,#7295,#7297,#7299,#7301,#7303,#7305,#7307,
#7309,#7311,#7313,#7315,#7317,#7319,#7321,#7323,#7325));
#7327=FACE_BOUND('',#7326,.F.);
#7329=ORIENTED_EDGE('',*,*,#7328,.T.);
#7331=ORIENTED_EDGE('',*,*,#7330,.T.);
#7333=ORIENTED_EDGE('',*,*,#7332,.F.);
#7335=ORIENTED_EDGE('',*,*,#7334,.T.);
#7337=ORIENTED_EDGE('',*,*,#7336,.T.);
#7339=ORIENTED_EDGE('',*,*,#7338,.T.);
#7341=ORIENTED_EDGE('',*,*,#7340,.T.);
#7343=ORIENTED_EDGE('',*,*,#7342,.T.);
#7345=ORIENTED_EDGE('',*,*,#7344,.T.);
#7347=ORIENTED_EDGE('',*,*,#7346,.F.);
#7349=ORIENTED_EDGE('',*,*,#7348,.T.);
#7351=ORIENTED_EDGE('',*,*,#7350,.T.);
#7353=ORIENTED_EDGE('',*,*,#7352,.T.);
#7355=ORIENTED_EDGE('',*,*,#7354,.T.);
#7357=ORIENTED_EDGE('',*,*,#7356,.F.);
#7359=ORIENTED_EDGE('',*,*,#7358,.T.);
#7361=ORIENTED_EDGE('',*,*,#7360,.T.);
#7363=ORIENTED_EDGE('',*,*,#7362,.T.);
#7365=ORIENTED_EDGE('',*,*,#7364,.T.);
#7367=ORIENTED_EDGE('',*,*,#7366,.F.);
#7369=ORIENTED_EDGE('',*,*,#7368,.T.);
#7371=ORIENTED_EDGE('',*,*,#7370,.T.);
#7373=ORIENTED_EDGE('',*,*,#7372,.T.);
#7375=ORIENTED_EDGE('',*,*,#7374,.F.);
#7377=ORIENTED_EDGE('',*,*,#7376,.T.);
#7379=ORIENTED_EDGE('',*,*,#7378,.T.);
#7381=ORIENTED_EDGE('',*,*,#7380,.T.);
#7383=ORIENTED_EDGE('',*,*,#7382,.F.);
#7385=ORIENTED_EDGE('',*,*,#7384,.T.);
#7387=ORIENTED_EDGE('',*,*,#7386,.T.);
#7389=ORIENTED_EDGE('',*,*,#7388,.T.);
#7391=ORIENTED_EDGE('',*,*,#7390,.F.);
#7393=ORIENTED_EDGE('',*,*,#7392,.F.);
#7395=ORIENTED_EDGE('',*,*,#7394,.F.);
#7397=ORIENTED_EDGE('',*,*,#7396,.T.);
#7399=ORIENTED_EDGE('',*,*,#7398,.T.);
#7401=ORIENTED_EDGE('',*,*,#7400,.T.);
#7403=ORIENTED_EDGE('',*,*,#7402,.F.);
#7405=ORIENTED_EDGE('',*,*,#7404,.T.);
#7407=ORIENTED_EDGE('',*,*,#7406,.T.);
#7409=ORIENTED_EDGE('',*,*,#7408,.T.);
#7411=ORIENTED_EDGE('',*,*,#7410,.T.);
#7413=ORIENTED_EDGE('',*,*,#7412,.F.);
#7415=ORIENTED_EDGE('',*,*,#7414,.T.);
#7417=ORIENTED_EDGE('',*,*,#7416,.T.);
#7419=ORIENTED_EDGE('',*,*,#7418,.T.);
#7421=ORIENTED_EDGE('',*,*,#7420,.T.);
#7423=ORIENTED_EDGE('',*,*,#7422,.F.);
#7425=ORIENTED_EDGE('',*,*,#7424,.T.);
#7427=ORIENTED_EDGE('',*,*,#7426,.T.);
#7429=ORIENTED_EDGE('',*,*,#7428,.T.);
#7431=ORIENTED_EDGE('',*,*,#7430,.T.);
#7433=ORIENTED_EDGE('',*,*,#7432,.T.);
#7435=ORIENTED_EDGE('',*,*,#7434,.F.);
#7437=ORIENTED_EDGE('',*,*,#7436,.T.);
#7439=ORIENTED_EDGE('',*,*,#7438,.T.);
#7441=ORIENTED_EDGE('',*,*,#7440,.T.);
#7442=EDGE_LOOP('',(#7329,#7331,#7333,#7335,#7337,#7339,#7341,#7343,#7345,#7347,
#7349,#7351,#7353,#7355,#7357,#7359,#7361,#7363,#7365,#7367,#7369,#7371,#7373,
#7375,#7377,#7379,#7381,#7383,#7385,#7387,#7389,#7391,#7393,#7395,#7397,#7399,
#7401,#7403,#7405,#7407,#7409,#7411,#7413,#7415,#7417,#7419,#7421,#7423,#7425,
#7427,#7429,#7431,#7433,#7435,#7437,#7439,#7441));
#7443=FACE_BOUND('',#7442,.F.);
#7445=ORIENTED_EDGE('',*,*,#7444,.F.);
#7447=ORIENTED_EDGE('',*,*,#7446,.F.);
#7449=ORIENTED_EDGE('',*,*,#7448,.F.);
#7451=ORIENTED_EDGE('',*,*,#7450,.F.);
#7453=ORIENTED_EDGE('',*,*,#7452,.T.);
#7455=ORIENTED_EDGE('',*,*,#7454,.T.);
#7457=ORIENTED_EDGE('',*,*,#7456,.T.);
#7459=ORIENTED_EDGE('',*,*,#7458,.F.);
#7461=ORIENTED_EDGE('',*,*,#7460,.T.);
#7463=ORIENTED_EDGE('',*,*,#7462,.T.);
#7465=ORIENTED_EDGE('',*,*,#7464,.T.);
#7467=ORIENTED_EDGE('',*,*,#7466,.T.);
#7469=ORIENTED_EDGE('',*,*,#7468,.F.);
#7471=ORIENTED_EDGE('',*,*,#7470,.T.);
#7473=ORIENTED_EDGE('',*,*,#7472,.T.);
#7475=ORIENTED_EDGE('',*,*,#7474,.T.);
#7477=ORIENTED_EDGE('',*,*,#7476,.T.);
#7479=ORIENTED_EDGE('',*,*,#7478,.F.);
#7481=ORIENTED_EDGE('',*,*,#7480,.T.);
#7483=ORIENTED_EDGE('',*,*,#7482,.T.);
#7485=ORIENTED_EDGE('',*,*,#7484,.T.);
#7487=ORIENTED_EDGE('',*,*,#7486,.F.);
#7489=ORIENTED_EDGE('',*,*,#7488,.T.);
#7491=ORIENTED_EDGE('',*,*,#7490,.T.);
#7493=ORIENTED_EDGE('',*,*,#7492,.T.);
#7495=ORIENTED_EDGE('',*,*,#7494,.F.);
#7497=ORIENTED_EDGE('',*,*,#7496,.T.);
#7499=ORIENTED_EDGE('',*,*,#7498,.T.);
#7500=EDGE_LOOP('',(#7445,#7447,#7449,#7451,#7453,#7455,#7457,#7459,#7461,#7463,
#7465,#7467,#7469,#7471,#7473,#7475,#7477,#7479,#7481,#7483,#7485,#7487,#7489,
#7491,#7493,#7495,#7497,#7499));
#7501=FACE_BOUND('',#7500,.F.);
#7503=ORIENTED_EDGE('',*,*,#7502,.F.);
#7505=ORIENTED_EDGE('',*,*,#7504,.F.);
#7507=ORIENTED_EDGE('',*,*,#7506,.F.);
#7509=ORIENTED_EDGE('',*,*,#7508,.F.);
#7511=ORIENTED_EDGE('',*,*,#7510,.T.);
#7513=ORIENTED_EDGE('',*,*,#7512,.F.);
#7515=ORIENTED_EDGE('',*,*,#7514,.T.);
#7516=EDGE_LOOP('',(#7503,#7505,#7507,#7509,#7511,#7513,#7515));
#7517=FACE_BOUND('',#7516,.F.);
#7519=ORIENTED_EDGE('',*,*,#7518,.F.);
#7521=ORIENTED_EDGE('',*,*,#7520,.F.);
#7523=ORIENTED_EDGE('',*,*,#7522,.F.);
#7525=ORIENTED_EDGE('',*,*,#7524,.F.);
#7526=EDGE_LOOP('',(#7519,#7521,#7523,#7525));
#7527=FACE_BOUND('',#7526,.F.);
#7529=ORIENTED_EDGE('',*,*,#7528,.F.);
#7531=ORIENTED_EDGE('',*,*,#7530,.F.);
#7533=ORIENTED_EDGE('',*,*,#7532,.T.);
#7535=ORIENTED_EDGE('',*,*,#7534,.F.);
#7537=ORIENTED_EDGE('',*,*,#7536,.T.);
#7539=ORIENTED_EDGE('',*,*,#7538,.F.);
#7541=ORIENTED_EDGE('',*,*,#7540,.F.);
#7542=EDGE_LOOP('',(#7529,#7531,#7533,#7535,#7537,#7539,#7541));
#7543=FACE_BOUND('',#7542,.F.);
#7544=ADVANCED_FACE('',(#7217,#7227,#7237,#7247,#7257,#7267,#7277,#7287,#7327,
#7443,#7501,#7517,#7527,#7543),#7195,.F.);
#7545=CARTESIAN_POINT('',(4.94E0,3.7E0,1.3E1));
#7546=DIRECTION('',(1.E0,0.E0,0.E0));
#7547=DIRECTION('',(0.E0,1.E0,0.E0));
#7548=AXIS2_PLACEMENT_3D('',#7545,#7546,#7547);
#7549=PLANE('',#7548);
#7551=ORIENTED_EDGE('',*,*,#7550,.T.);
#7553=ORIENTED_EDGE('',*,*,#7552,.F.);
#7555=ORIENTED_EDGE('',*,*,#7554,.T.);
#7557=ORIENTED_EDGE('',*,*,#7556,.F.);
#7559=ORIENTED_EDGE('',*,*,#7558,.T.);
#7561=ORIENTED_EDGE('',*,*,#7560,.T.);
#7563=ORIENTED_EDGE('',*,*,#7562,.F.);
#7564=ORIENTED_EDGE('',*,*,#7196,.F.);
#7565=EDGE_LOOP('',(#7551,#7553,#7555,#7557,#7559,#7561,#7563,#7564));
#7566=FACE_OUTER_BOUND('',#7565,.F.);
#7567=ADVANCED_FACE('',(#7566),#7549,.F.);
#7568=CARTESIAN_POINT('',(0.E0,2.7E0,1.1E1));
#7569=DIRECTION('',(0.E0,-1.E0,0.E0));
#7570=DIRECTION('',(0.E0,0.E0,-1.E0));
#7571=AXIS2_PLACEMENT_3D('',#7568,#7569,#7570);
#7572=PLANE('',#7571);
#7574=ORIENTED_EDGE('',*,*,#7573,.T.);
#7576=ORIENTED_EDGE('',*,*,#7575,.T.);
#7578=ORIENTED_EDGE('',*,*,#7577,.F.);
#7580=ORIENTED_EDGE('',*,*,#7579,.T.);
#7582=ORIENTED_EDGE('',*,*,#7581,.T.);
#7584=ORIENTED_EDGE('',*,*,#7583,.T.);
#7586=ORIENTED_EDGE('',*,*,#7585,.F.);
#7588=ORIENTED_EDGE('',*,*,#7587,.F.);
#7590=ORIENTED_EDGE('',*,*,#7589,.T.);
#7592=ORIENTED_EDGE('',*,*,#7591,.T.);
#7594=ORIENTED_EDGE('',*,*,#7593,.F.);
#7596=ORIENTED_EDGE('',*,*,#7595,.T.);
#7598=ORIENTED_EDGE('',*,*,#7597,.T.);
#7600=ORIENTED_EDGE('',*,*,#7599,.T.);
#7602=ORIENTED_EDGE('',*,*,#7601,.F.);
#7604=ORIENTED_EDGE('',*,*,#7603,.F.);
#7606=ORIENTED_EDGE('',*,*,#7605,.T.);
#7608=ORIENTED_EDGE('',*,*,#7607,.T.);
#7610=ORIENTED_EDGE('',*,*,#7609,.F.);
#7612=ORIENTED_EDGE('',*,*,#7611,.T.);
#7614=ORIENTED_EDGE('',*,*,#7613,.T.);
#7616=ORIENTED_EDGE('',*,*,#7615,.T.);
#7618=ORIENTED_EDGE('',*,*,#7617,.F.);
#7620=ORIENTED_EDGE('',*,*,#7619,.F.);
#7622=ORIENTED_EDGE('',*,*,#7621,.F.);
#7623=ORIENTED_EDGE('',*,*,#7550,.F.);
#7624=ORIENTED_EDGE('',*,*,#7214,.T.);
#7626=ORIENTED_EDGE('',*,*,#7625,.F.);
#7628=ORIENTED_EDGE('',*,*,#7627,.T.);
#7630=ORIENTED_EDGE('',*,*,#7629,.T.);
#7632=ORIENTED_EDGE('',*,*,#7631,.F.);
#7634=ORIENTED_EDGE('',*,*,#7633,.F.);
#7635=EDGE_LOOP('',(#7574,#7576,#7578,#7580,#7582,#7584,#7586,#7588,#7590,#7592,
#7594,#7596,#7598,#7600,#7602,#7604,#7606,#7608,#7610,#7612,#7614,#7616,#7618,
#7620,#7622,#7623,#7624,#7626,#7628,#7630,#7632,#7634));
#7636=FACE_OUTER_BOUND('',#7635,.F.);
#7637=ADVANCED_FACE('',(#7636),#7572,.T.);
#7638=CARTESIAN_POINT('',(-2.55E0,2.372E0,3.672E0));
#7639=DIRECTION('',(0.E0,-7.071067811865E-1,-7.071067811865E-1));
#7640=DIRECTION('',(0.E0,-7.071067811865E-1,7.071067811865E-1));
#7641=AXIS2_PLACEMENT_3D('',#7638,#7639,#7640);
#7642=PLANE('',#7641);
#7644=ORIENTED_EDGE('',*,*,#7643,.F.);
#7646=ORIENTED_EDGE('',*,*,#7645,.T.);
#7648=ORIENTED_EDGE('',*,*,#7647,.F.);
#7649=ORIENTED_EDGE('',*,*,#7573,.F.);
#7650=EDGE_LOOP('',(#7644,#7646,#7648,#7649));
#7651=FACE_OUTER_BOUND('',#7650,.F.);
#7652=ADVANCED_FACE('',(#7651),#7642,.T.);
#7653=CARTESIAN_POINT('',(-2.825E0,0.E0,0.E0));
#7654=DIRECTION('',(-1.E0,0.E0,0.E0));
#7655=DIRECTION('',(0.E0,0.E0,1.E0));
#7656=AXIS2_PLACEMENT_3D('',#7653,#7654,#7655);
#7657=PLANE('',#7656);
#7658=ORIENTED_EDGE('',*,*,#7643,.T.);
#7659=ORIENTED_EDGE('',*,*,#7633,.T.);
#7661=ORIENTED_EDGE('',*,*,#7660,.F.);
#7663=ORIENTED_EDGE('',*,*,#7662,.F.);
#7665=ORIENTED_EDGE('',*,*,#7664,.T.);
#7667=ORIENTED_EDGE('',*,*,#7666,.F.);
#7669=ORIENTED_EDGE('',*,*,#7668,.F.);
#7671=ORIENTED_EDGE('',*,*,#7670,.T.);
#7673=ORIENTED_EDGE('',*,*,#7672,.F.);
#7675=ORIENTED_EDGE('',*,*,#7674,.T.);
#7677=ORIENTED_EDGE('',*,*,#7676,.F.);
#7679=ORIENTED_EDGE('',*,*,#7678,.T.);
#7681=ORIENTED_EDGE('',*,*,#7680,.T.);
#7683=ORIENTED_EDGE('',*,*,#7682,.F.);
#7684=EDGE_LOOP('',(#7658,#7659,#7661,#7663,#7665,#7667,#7669,#7671,#7673,#7675,
#7677,#7679,#7681,#7683));
#7685=FACE_OUTER_BOUND('',#7684,.F.);
#7686=ADVANCED_FACE('',(#7685),#7657,.F.);
#7687=CARTESIAN_POINT('',(4.94E0,3.E-1,1.E0));
#7688=DIRECTION('',(0.E0,0.E0,1.E0));
#7689=DIRECTION('',(-1.E0,0.E0,0.E0));
#7690=AXIS2_PLACEMENT_3D('',#7687,#7688,#7689);
#7691=PLANE('',#7690);
#7693=ORIENTED_EDGE('',*,*,#7692,.T.);
#7695=ORIENTED_EDGE('',*,*,#7694,.F.);
#7697=ORIENTED_EDGE('',*,*,#7696,.T.);
#7699=ORIENTED_EDGE('',*,*,#7698,.T.);
#7700=ORIENTED_EDGE('',*,*,#7660,.T.);
#7701=ORIENTED_EDGE('',*,*,#7631,.T.);
#7703=ORIENTED_EDGE('',*,*,#7702,.F.);
#7704=EDGE_LOOP('',(#7693,#7695,#7697,#7699,#7700,#7701,#7703));
#7705=FACE_OUTER_BOUND('',#7704,.F.);
#7706=ADVANCED_FACE('',(#7705),#7691,.F.);
#7707=CARTESIAN_POINT('',(-4.94E0,1.034E0,1.E0));
#7708=DIRECTION('',(0.E0,1.E0,0.E0));
#7709=DIRECTION('',(1.E0,0.E0,0.E0));
#7710=AXIS2_PLACEMENT_3D('',#7707,#7708,#7709);
#7711=PLANE('',#7710);
#7713=ORIENTED_EDGE('',*,*,#7712,.T.);
#7714=ORIENTED_EDGE('',*,*,#7692,.F.);
#7716=ORIENTED_EDGE('',*,*,#7715,.F.);
#7718=ORIENTED_EDGE('',*,*,#7717,.T.);
#7719=EDGE_LOOP('',(#7713,#7714,#7716,#7718));
#7720=FACE_OUTER_BOUND('',#7719,.F.);
#7721=ADVANCED_FACE('',(#7720),#7711,.T.);
#7722=CARTESIAN_POINT('',(-4.94E0,1.053E1,1.3E1));
#7723=DIRECTION('',(-1.E0,0.E0,0.E0));
#7724=DIRECTION('',(0.E0,-1.E0,0.E0));
#7725=AXIS2_PLACEMENT_3D('',#7722,#7723,#7724);
#7726=PLANE('',#7725);
#7727=ORIENTED_EDGE('',*,*,#7694,.T.);
#7728=ORIENTED_EDGE('',*,*,#7712,.F.);
#7730=ORIENTED_EDGE('',*,*,#7729,.T.);
#7731=ORIENTED_EDGE('',*,*,#7625,.T.);
#7732=ORIENTED_EDGE('',*,*,#7212,.F.);
#7734=ORIENTED_EDGE('',*,*,#7733,.F.);
#7736=ORIENTED_EDGE('',*,*,#7735,.T.);
#7738=ORIENTED_EDGE('',*,*,#7737,.F.);
#7739=EDGE_LOOP('',(#7727,#7728,#7730,#7731,#7732,#7734,#7736,#7738));
#7740=FACE_OUTER_BOUND('',#7739,.F.);
#7741=ADVANCED_FACE('',(#7740),#7726,.F.);
#7742=CARTESIAN_POINT('',(5.105E0,1.34E1,9.45E0));
#7743=DIRECTION('',(0.E0,0.E0,-1.E0));
#7744=DIRECTION('',(0.E0,-1.E0,0.E0));
#7745=AXIS2_PLACEMENT_3D('',#7742,#7743,#7744);
#7746=PLANE('',#7745);
#7747=ORIENTED_EDGE('',*,*,#7729,.F.);
#7748=ORIENTED_EDGE('',*,*,#7717,.F.);
#7750=ORIENTED_EDGE('',*,*,#7749,.F.);
#7751=ORIENTED_EDGE('',*,*,#7627,.F.);
#7752=EDGE_LOOP('',(#7747,#7748,#7750,#7751));
#7753=FACE_OUTER_BOUND('',#7752,.F.);
#7754=ADVANCED_FACE('',(#7753),#7746,.T.);
#7755=CARTESIAN_POINT('',(-3.325E0,1.034E0,1.E0));
#7756=DIRECTION('',(-1.E0,0.E0,0.E0));
#7757=DIRECTION('',(0.E0,1.E0,0.E0));
#7758=AXIS2_PLACEMENT_3D('',#7755,#7756,#7757);
#7759=PLANE('',#7758);
#7760=ORIENTED_EDGE('',*,*,#7715,.T.);
#7761=ORIENTED_EDGE('',*,*,#7702,.T.);
#7762=ORIENTED_EDGE('',*,*,#7629,.F.);
#7763=ORIENTED_EDGE('',*,*,#7749,.T.);
#7764=EDGE_LOOP('',(#7760,#7761,#7762,#7763));
#7765=FACE_OUTER_BOUND('',#7764,.F.);
#7766=ADVANCED_FACE('',(#7765),#7759,.T.);
#7767=CARTESIAN_POINT('',(-6.103771417551E0,0.E0,0.E0));
#7768=DIRECTION('',(0.E0,-1.E0,0.E0));
#7769=DIRECTION('',(1.E0,0.E0,0.E0));
#7770=AXIS2_PLACEMENT_3D('',#7767,#7768,#7769);
#7771=PLANE('',#7770);
#7773=ORIENTED_EDGE('',*,*,#7772,.T.);
#7775=ORIENTED_EDGE('',*,*,#7774,.F.);
#7777=ORIENTED_EDGE('',*,*,#7776,.F.);
#7779=ORIENTED_EDGE('',*,*,#7778,.T.);
#7781=ORIENTED_EDGE('',*,*,#7780,.T.);
#7783=ORIENTED_EDGE('',*,*,#7782,.F.);
#7785=ORIENTED_EDGE('',*,*,#7784,.T.);
#7787=ORIENTED_EDGE('',*,*,#7786,.T.);
#7789=ORIENTED_EDGE('',*,*,#7788,.F.);
#7791=ORIENTED_EDGE('',*,*,#7790,.T.);
#7793=ORIENTED_EDGE('',*,*,#7792,.T.);
#7795=ORIENTED_EDGE('',*,*,#7794,.T.);
#7797=ORIENTED_EDGE('',*,*,#7796,.T.);
#7798=ORIENTED_EDGE('',*,*,#7198,.T.);
#7799=ORIENTED_EDGE('',*,*,#7562,.T.);
#7801=ORIENTED_EDGE('',*,*,#7800,.T.);
#7802=ORIENTED_EDGE('',*,*,#7733,.T.);
#7803=ORIENTED_EDGE('',*,*,#7210,.T.);
#7805=ORIENTED_EDGE('',*,*,#7804,.F.);
#7807=ORIENTED_EDGE('',*,*,#7806,.T.);
#7808=EDGE_LOOP('',(#7773,#7775,#7777,#7779,#7781,#7783,#7785,#7787,#7789,#7791,
#7793,#7795,#7797,#7798,#7799,#7801,#7802,#7803,#7805,#7807));
#7809=FACE_OUTER_BOUND('',#7808,.F.);
#7810=ADVANCED_FACE('',(#7809),#7771,.T.);
#7811=CARTESIAN_POINT('',(-5.998771417551E0,2.315174347823E0,7.E0));
#7812=DIRECTION('',(0.E0,1.E0,0.E0));
#7813=DIRECTION('',(1.E0,0.E0,0.E0));
#7814=AXIS2_PLACEMENT_3D('',#7811,#7812,#7813);
#7815=CYLINDRICAL_SURFACE('',#7814,1.05E0);
#7817=ORIENTED_EDGE('',*,*,#7816,.T.);
#7819=ORIENTED_EDGE('',*,*,#7818,.F.);
#7821=ORIENTED_EDGE('',*,*,#7820,.T.);
#7823=ORIENTED_EDGE('',*,*,#7822,.F.);
#7825=ORIENTED_EDGE('',*,*,#7824,.T.);
#7826=ORIENTED_EDGE('',*,*,#7772,.F.);
#7828=ORIENTED_EDGE('',*,*,#7827,.F.);
#7830=ORIENTED_EDGE('',*,*,#7829,.F.);
#7832=ORIENTED_EDGE('',*,*,#7831,.T.);
#7834=ORIENTED_EDGE('',*,*,#7833,.T.);
#7835=EDGE_LOOP('',(#7817,#7819,#7821,#7823,#7825,#7826,#7828,#7830,#7832,
#7834));
#7836=FACE_OUTER_BOUND('',#7835,.F.);
#7837=ADVANCED_FACE('',(#7836),#7815,.T.);
#7838=CARTESIAN_POINT('',(-6.248771417551E0,-3.4E0,1.3E1));
#7839=DIRECTION('',(1.E0,0.E0,0.E0));
#7840=DIRECTION('',(0.E0,1.E0,0.E0));
#7841=AXIS2_PLACEMENT_3D('',#7838,#7839,#7840);
#7842=PLANE('',#7841);
#7844=ORIENTED_EDGE('',*,*,#7843,.F.);
#7846=ORIENTED_EDGE('',*,*,#7845,.F.);
#7848=ORIENTED_EDGE('',*,*,#7847,.F.);
#7850=ORIENTED_EDGE('',*,*,#7849,.F.);
#7852=ORIENTED_EDGE('',*,*,#7851,.F.);
#7854=ORIENTED_EDGE('',*,*,#7853,.T.);
#7856=ORIENTED_EDGE('',*,*,#7855,.F.);
#7858=ORIENTED_EDGE('',*,*,#7857,.F.);
#7860=ORIENTED_EDGE('',*,*,#7859,.F.);
#7861=ORIENTED_EDGE('',*,*,#7816,.F.);
#7862=EDGE_LOOP('',(#7844,#7846,#7848,#7850,#7852,#7854,#7856,#7858,#7860,
#7861));
#7863=FACE_OUTER_BOUND('',#7862,.F.);
#7864=ADVANCED_FACE('',(#7863),#7842,.T.);
#7865=CARTESIAN_POINT('',(-5.998771417551E0,-9.3E-1,1.3E1));
#7866=DIRECTION('',(0.E0,0.E0,-1.E0));
#7867=DIRECTION('',(-1.E0,0.E0,0.E0));
#7868=AXIS2_PLACEMENT_3D('',#7865,#7866,#7867);
#7869=CYLINDRICAL_SURFACE('',#7868,2.5E-1);
#7870=ORIENTED_EDGE('',*,*,#7843,.T.);
#7871=ORIENTED_EDGE('',*,*,#7833,.F.);
#7873=ORIENTED_EDGE('',*,*,#7872,.T.);
#7875=ORIENTED_EDGE('',*,*,#7874,.F.);
#7876=EDGE_LOOP('',(#7870,#7871,#7873,#7875));
#7877=FACE_OUTER_BOUND('',#7876,.F.);
#7878=ADVANCED_FACE('',(#7877),#7869,.F.);
#7879=CARTESIAN_POINT('',(-5.748771417551E0,-9.3E-1,1.3E1));
#7880=DIRECTION('',(-1.E0,0.E0,0.E0));
#7881=DIRECTION('',(0.E0,-1.E0,0.E0));
#7882=AXIS2_PLACEMENT_3D('',#7879,#7880,#7881);
#7883=PLANE('',#7882);
#7884=ORIENTED_EDGE('',*,*,#7872,.F.);
#7885=ORIENTED_EDGE('',*,*,#7831,.F.);
#7887=ORIENTED_EDGE('',*,*,#7886,.T.);
#7889=ORIENTED_EDGE('',*,*,#7888,.F.);
#7891=ORIENTED_EDGE('',*,*,#7890,.F.);
#7893=ORIENTED_EDGE('',*,*,#7892,.F.);
#7895=ORIENTED_EDGE('',*,*,#7894,.F.);
#7897=ORIENTED_EDGE('',*,*,#7896,.F.);
#7899=ORIENTED_EDGE('',*,*,#7898,.T.);
#7901=ORIENTED_EDGE('',*,*,#7900,.F.);
#7902=EDGE_LOOP('',(#7884,#7885,#7887,#7889,#7891,#7893,#7895,#7897,#7899,
#7901));
#7903=FACE_OUTER_BOUND('',#7902,.F.);
#7904=ADVANCED_FACE('',(#7903),#7883,.T.);
#7905=CARTESIAN_POINT('',(-5.998771417551E0,-1.7E0,7.E0));
#7906=DIRECTION('',(0.E0,1.E0,0.E0));
#7907=DIRECTION('',(1.E0,0.E0,0.E0));
#7908=AXIS2_PLACEMENT_3D('',#7905,#7906,#7907);
#7909=PLANE('',#7908);
#7910=ORIENTED_EDGE('',*,*,#7886,.F.);
#7911=ORIENTED_EDGE('',*,*,#7829,.T.);
#7913=ORIENTED_EDGE('',*,*,#7912,.T.);
#7914=ORIENTED_EDGE('',*,*,#7898,.F.);
#7916=ORIENTED_EDGE('',*,*,#7915,.T.);
#7918=ORIENTED_EDGE('',*,*,#7917,.T.);
#7919=EDGE_LOOP('',(#7910,#7911,#7913,#7914,#7916,#7918));
#7920=FACE_OUTER_BOUND('',#7919,.F.);
#7921=ADVANCED_FACE('',(#7920),#7909,.T.);
#7922=CARTESIAN_POINT('',(-5.998771417551E0,2.315174347823E0,7.E0));
#7923=DIRECTION('',(0.E0,1.E0,0.E0));
#7924=DIRECTION('',(1.E0,0.E0,0.E0));
#7925=AXIS2_PLACEMENT_3D('',#7922,#7923,#7924);
#7926=CYLINDRICAL_SURFACE('',#7925,1.05E0);
#7927=ORIENTED_EDGE('',*,*,#7845,.T.);
#7928=ORIENTED_EDGE('',*,*,#7874,.T.);
#7929=ORIENTED_EDGE('',*,*,#7900,.T.);
#7930=ORIENTED_EDGE('',*,*,#7912,.F.);
#7931=ORIENTED_EDGE('',*,*,#7827,.T.);
#7932=ORIENTED_EDGE('',*,*,#7806,.F.);
#7934=ORIENTED_EDGE('',*,*,#7933,.T.);
#7936=ORIENTED_EDGE('',*,*,#7935,.F.);
#7937=ORIENTED_EDGE('',*,*,#7820,.F.);
#7939=ORIENTED_EDGE('',*,*,#7938,.F.);
#7940=EDGE_LOOP('',(#7927,#7928,#7929,#7930,#7931,#7932,#7934,#7936,#7937,
#7939));
#7941=FACE_OUTER_BOUND('',#7940,.F.);
#7942=ADVANCED_FACE('',(#7941),#7926,.T.);
#7943=CARTESIAN_POINT('',(-6.103771417551E0,1.36E1,0.E0));
#7944=DIRECTION('',(-1.E0,0.E0,0.E0));
#7945=DIRECTION('',(0.E0,-1.E0,0.E0));
#7946=AXIS2_PLACEMENT_3D('',#7943,#7944,#7945);
#7947=PLANE('',#7946);
#7948=ORIENTED_EDGE('',*,*,#7824,.F.);
#7950=ORIENTED_EDGE('',*,*,#7949,.F.);
#7952=ORIENTED_EDGE('',*,*,#7951,.F.);
#7953=ORIENTED_EDGE('',*,*,#7933,.F.);
#7954=ORIENTED_EDGE('',*,*,#7804,.T.);
#7955=ORIENTED_EDGE('',*,*,#7208,.T.);
#7957=ORIENTED_EDGE('',*,*,#7956,.F.);
#7959=ORIENTED_EDGE('',*,*,#7958,.F.);
#7960=ORIENTED_EDGE('',*,*,#7774,.T.);
#7961=EDGE_LOOP('',(#7948,#7950,#7952,#7953,#7954,#7955,#7957,#7959,#7960));
#7962=FACE_OUTER_BOUND('',#7961,.F.);
#7963=ADVANCED_FACE('',(#7962),#7947,.T.);
#7964=CARTESIAN_POINT('',(-5.998771417551E0,1.689360434781E0,7.E0));
#7965=DIRECTION('',(0.E0,-1.E0,0.E0));
#7966=DIRECTION('',(-1.E0,0.E0,0.E0));
#7967=AXIS2_PLACEMENT_3D('',#7964,#7965,#7966);
#7968=CONICAL_SURFACE('',#7967,5.774999999998E-1,5.851657078394E1);
#7969=ORIENTED_EDGE('',*,*,#7822,.T.);
#7970=ORIENTED_EDGE('',*,*,#7935,.T.);
#7971=ORIENTED_EDGE('',*,*,#7951,.T.);
#7972=ORIENTED_EDGE('',*,*,#7949,.T.);
#7973=EDGE_LOOP('',(#7969,#7970,#7971,#7972));
#7974=FACE_OUTER_BOUND('',#7973,.F.);
#7975=ADVANCED_FACE('',(#7974),#7968,.T.);
#7976=CARTESIAN_POINT('',(-5.303771417551E0,1.36E1,0.E0));
#7977=DIRECTION('',(0.E0,0.E0,1.E0));
#7978=DIRECTION('',(1.E0,0.E0,0.E0));
#7979=AXIS2_PLACEMENT_3D('',#7976,#7977,#7978);
#7980=CYLINDRICAL_SURFACE('',#7979,8.E-1);
#7981=ORIENTED_EDGE('',*,*,#7206,.F.);
#7983=ORIENTED_EDGE('',*,*,#7982,.T.);
#7985=ORIENTED_EDGE('',*,*,#7984,.F.);
#7986=ORIENTED_EDGE('',*,*,#7956,.T.);
#7987=EDGE_LOOP('',(#7981,#7983,#7985,#7986));
#7988=FACE_OUTER_BOUND('',#7987,.F.);
#7989=ADVANCED_FACE('',(#7988),#7980,.T.);
#7990=CARTESIAN_POINT('',(5.303771417551E0,1.44E1,0.E0));
#7991=DIRECTION('',(0.E0,1.E0,0.E0));
#7992=DIRECTION('',(-1.E0,0.E0,0.E0));
#7993=AXIS2_PLACEMENT_3D('',#7990,#7991,#7992);
#7994=PLANE('',#7993);
#7995=ORIENTED_EDGE('',*,*,#7204,.T.);
#7997=ORIENTED_EDGE('',*,*,#7996,.F.);
#7999=ORIENTED_EDGE('',*,*,#7998,.F.);
#8000=ORIENTED_EDGE('',*,*,#7982,.F.);
#8001=EDGE_LOOP('',(#7995,#7997,#7999,#8000));
#8002=FACE_OUTER_BOUND('',#8001,.F.);
#8003=ADVANCED_FACE('',(#8002),#7994,.T.);
#8004=CARTESIAN_POINT('',(5.303771417551E0,1.36E1,0.E0));
#8005=DIRECTION('',(0.E0,0.E0,1.E0));
#8006=DIRECTION('',(1.E0,0.E0,0.E0));
#8007=AXIS2_PLACEMENT_3D('',#8004,#8005,#8006);
#8008=CYLINDRICAL_SURFACE('',#8007,8.E-1);
#8009=ORIENTED_EDGE('',*,*,#7202,.F.);
#8011=ORIENTED_EDGE('',*,*,#8010,.T.);
#8013=ORIENTED_EDGE('',*,*,#8012,.F.);
#8014=ORIENTED_EDGE('',*,*,#7996,.T.);
#8015=EDGE_LOOP('',(#8009,#8011,#8013,#8014));
#8016=FACE_OUTER_BOUND('',#8015,.F.);
#8017=ADVANCED_FACE('',(#8016),#8008,.T.);
#8018=CARTESIAN_POINT('',(6.103771417551E0,0.E0,0.E0));
#8019=DIRECTION('',(1.E0,0.E0,0.E0));
#8020=DIRECTION('',(0.E0,1.E0,0.E0));
#8021=AXIS2_PLACEMENT_3D('',#8018,#8019,#8020);
#8022=PLANE('',#8021);
#8024=ORIENTED_EDGE('',*,*,#8023,.F.);
#8025=ORIENTED_EDGE('',*,*,#7790,.F.);
#8027=ORIENTED_EDGE('',*,*,#8026,.F.);
#8028=ORIENTED_EDGE('',*,*,#8010,.F.);
#8029=ORIENTED_EDGE('',*,*,#7200,.T.);
#8030=ORIENTED_EDGE('',*,*,#7796,.F.);
#8032=ORIENTED_EDGE('',*,*,#8031,.F.);
#8034=ORIENTED_EDGE('',*,*,#8033,.F.);
#8036=ORIENTED_EDGE('',*,*,#8035,.F.);
#8037=EDGE_LOOP('',(#8024,#8025,#8027,#8028,#8029,#8030,#8032,#8034,#8036));
#8038=FACE_OUTER_BOUND('',#8037,.F.);
#8039=ADVANCED_FACE('',(#8038),#8022,.T.);
#8040=CARTESIAN_POINT('',(5.998771417551E0,2.315174347823E0,7.E0));
#8041=DIRECTION('',(0.E0,-1.E0,0.E0));
#8042=DIRECTION('',(-1.E0,0.E0,0.E0));
#8043=AXIS2_PLACEMENT_3D('',#8040,#8041,#8042);
#8044=CYLINDRICAL_SURFACE('',#8043,1.05E0);
#8046=ORIENTED_EDGE('',*,*,#8045,.T.);
#8048=ORIENTED_EDGE('',*,*,#8047,.T.);
#8050=ORIENTED_EDGE('',*,*,#8049,.T.);
#8052=ORIENTED_EDGE('',*,*,#8051,.F.);
#8054=ORIENTED_EDGE('',*,*,#8053,.T.);
#8055=ORIENTED_EDGE('',*,*,#7792,.F.);
#8056=ORIENTED_EDGE('',*,*,#8023,.T.);
#8058=ORIENTED_EDGE('',*,*,#8057,.F.);
#8060=ORIENTED_EDGE('',*,*,#8059,.F.);
#8062=ORIENTED_EDGE('',*,*,#8061,.F.);
#8063=EDGE_LOOP('',(#8046,#8048,#8050,#8052,#8054,#8055,#8056,#8058,#8060,
#8062));
#8064=FACE_OUTER_BOUND('',#8063,.F.);
#8065=ADVANCED_FACE('',(#8064),#8044,.T.);
#8066=CARTESIAN_POINT('',(6.248771417551E0,-3.4E0,1.3E1));
#8067=DIRECTION('',(1.E0,0.E0,0.E0));
#8068=DIRECTION('',(0.E0,1.E0,0.E0));
#8069=AXIS2_PLACEMENT_3D('',#8066,#8067,#8068);
#8070=PLANE('',#8069);
#8072=ORIENTED_EDGE('',*,*,#8071,.F.);
#8074=ORIENTED_EDGE('',*,*,#8073,.F.);
#8076=ORIENTED_EDGE('',*,*,#8075,.F.);
#8078=ORIENTED_EDGE('',*,*,#8077,.T.);
#8080=ORIENTED_EDGE('',*,*,#8079,.F.);
#8082=ORIENTED_EDGE('',*,*,#8081,.F.);
#8083=ORIENTED_EDGE('',*,*,#8045,.F.);
#8085=ORIENTED_EDGE('',*,*,#8084,.T.);
#8087=ORIENTED_EDGE('',*,*,#8086,.F.);
#8089=ORIENTED_EDGE('',*,*,#8088,.F.);
#8090=EDGE_LOOP('',(#8072,#8074,#8076,#8078,#8080,#8082,#8083,#8085,#8087,
#8089));
#8091=FACE_OUTER_BOUND('',#8090,.F.);
#8092=ADVANCED_FACE('',(#8091),#8070,.F.);
#8093=CARTESIAN_POINT('',(5.998771417551E0,-3.4E0,7.E0));
#8094=DIRECTION('',(0.E0,-1.E0,0.E0));
#8095=DIRECTION('',(-1.E0,0.E0,0.E0));
#8096=AXIS2_PLACEMENT_3D('',#8093,#8094,#8095);
#8097=PLANE('',#8096);
#8098=ORIENTED_EDGE('',*,*,#8071,.T.);
#8100=ORIENTED_EDGE('',*,*,#8099,.T.);
#8102=ORIENTED_EDGE('',*,*,#8101,.T.);
#8103=EDGE_LOOP('',(#8098,#8100,#8102));
#8104=FACE_OUTER_BOUND('',#8103,.F.);
#8105=ADVANCED_FACE('',(#8104),#8097,.T.);
#8106=CARTESIAN_POINT('',(5.998771417551E0,-2.65E0,7.E0));
#8107=DIRECTION('',(0.E0,1.E0,0.E0));
#8108=DIRECTION('',(1.E0,0.E0,0.E0));
#8109=AXIS2_PLACEMENT_3D('',#8106,#8107,#8108);
#8110=CONICAL_SURFACE('',#8109,1.125E0,9.462322208026E0);
#8112=ORIENTED_EDGE('',*,*,#8111,.T.);
#8114=ORIENTED_EDGE('',*,*,#8113,.T.);
#8115=ORIENTED_EDGE('',*,*,#8073,.T.);
#8116=ORIENTED_EDGE('',*,*,#8101,.F.);
#8117=ORIENTED_EDGE('',*,*,#8099,.F.);
#8118=ORIENTED_EDGE('',*,*,#8088,.T.);
#8119=EDGE_LOOP('',(#8112,#8114,#8115,#8116,#8117,#8118));
#8120=FACE_OUTER_BOUND('',#8119,.F.);
#8121=ADVANCED_FACE('',(#8120),#8110,.T.);
#8122=CARTESIAN_POINT('',(5.998771417551E0,2.315174347823E0,7.E0));
#8123=DIRECTION('',(0.E0,-1.E0,0.E0));
#8124=DIRECTION('',(-1.E0,0.E0,0.E0));
#8125=AXIS2_PLACEMENT_3D('',#8122,#8123,#8124);
#8126=CYLINDRICAL_SURFACE('',#8125,1.25E0);
#8128=ORIENTED_EDGE('',*,*,#8127,.F.);
#8130=ORIENTED_EDGE('',*,*,#8129,.F.);
#8131=ORIENTED_EDGE('',*,*,#8075,.T.);
#8132=ORIENTED_EDGE('',*,*,#8113,.F.);
#8133=ORIENTED_EDGE('',*,*,#8111,.F.);
#8134=ORIENTED_EDGE('',*,*,#8086,.T.);
#8135=EDGE_LOOP('',(#8128,#8130,#8131,#8132,#8133,#8134));
#8136=FACE_OUTER_BOUND('',#8135,.F.);
#8137=ADVANCED_FACE('',(#8136),#8126,.T.);
#8138=CARTESIAN_POINT('',(5.998771417551E0,-1.7E0,7.E0));
#8139=DIRECTION('',(0.E0,-1.E0,0.E0));
#8140=DIRECTION('',(-1.E0,0.E0,0.E0));
#8141=AXIS2_PLACEMENT_3D('',#8138,#8139,#8140);
#8142=PLANE('',#8141);
#8143=ORIENTED_EDGE('',*,*,#8084,.F.);
#8144=ORIENTED_EDGE('',*,*,#8061,.T.);
#8146=ORIENTED_EDGE('',*,*,#8145,.T.);
#8147=ORIENTED_EDGE('',*,*,#8077,.F.);
#8148=ORIENTED_EDGE('',*,*,#8129,.T.);
#8149=ORIENTED_EDGE('',*,*,#8127,.T.);
#8150=EDGE_LOOP('',(#8143,#8144,#8146,#8147,#8148,#8149));
#8151=FACE_OUTER_BOUND('',#8150,.F.);
#8152=ADVANCED_FACE('',(#8151),#8142,.F.);
#8153=CARTESIAN_POINT('',(5.998771417551E0,2.315174347823E0,7.E0));
#8154=DIRECTION('',(0.E0,-1.E0,0.E0));
#8155=DIRECTION('',(-1.E0,0.E0,0.E0));
#8156=AXIS2_PLACEMENT_3D('',#8153,#8154,#8155);
#8157=CYLINDRICAL_SURFACE('',#8156,1.05E0);
#8158=ORIENTED_EDGE('',*,*,#8079,.T.);
#8159=ORIENTED_EDGE('',*,*,#8145,.F.);
#8160=ORIENTED_EDGE('',*,*,#8059,.T.);
#8162=ORIENTED_EDGE('',*,*,#8161,.F.);
#8163=ORIENTED_EDGE('',*,*,#8031,.T.);
#8164=ORIENTED_EDGE('',*,*,#7794,.F.);
#8165=ORIENTED_EDGE('',*,*,#8053,.F.);
#8167=ORIENTED_EDGE('',*,*,#8166,.F.);
#8169=ORIENTED_EDGE('',*,*,#8168,.T.);
#8171=ORIENTED_EDGE('',*,*,#8170,.T.);
#8172=EDGE_LOOP('',(#8158,#8159,#8160,#8162,#8163,#8164,#8165,#8167,#8169,
#8171));
#8173=FACE_OUTER_BOUND('',#8172,.F.);
#8174=ADVANCED_FACE('',(#8173),#8157,.T.);
#8175=CARTESIAN_POINT('',(5.998771417551E0,1.689360434781E0,7.E0));
#8176=DIRECTION('',(0.E0,-1.E0,0.E0));
#8177=DIRECTION('',(-1.E0,0.E0,0.E0));
#8178=AXIS2_PLACEMENT_3D('',#8175,#8176,#8177);
#8179=CONICAL_SURFACE('',#8178,5.774999999998E-1,5.851657078394E1);
#8180=ORIENTED_EDGE('',*,*,#8035,.T.);
#8181=ORIENTED_EDGE('',*,*,#8033,.T.);
#8182=ORIENTED_EDGE('',*,*,#8161,.T.);
#8183=ORIENTED_EDGE('',*,*,#8057,.T.);
#8184=EDGE_LOOP('',(#8180,#8181,#8182,#8183));
#8185=FACE_OUTER_BOUND('',#8184,.F.);
#8186=ADVANCED_FACE('',(#8185),#8179,.T.);
#8187=CARTESIAN_POINT('',(5.998771417551E0,-1.7E0,7.E0));
#8188=DIRECTION('',(0.E0,-1.E0,0.E0));
#8189=DIRECTION('',(-1.E0,0.E0,0.E0));
#8190=AXIS2_PLACEMENT_3D('',#8187,#8188,#8189);
#8191=PLANE('',#8190);
#8193=ORIENTED_EDGE('',*,*,#8192,.T.);
#8195=ORIENTED_EDGE('',*,*,#8194,.T.);
#8197=ORIENTED_EDGE('',*,*,#8196,.T.);
#8199=ORIENTED_EDGE('',*,*,#8198,.T.);
#8200=ORIENTED_EDGE('',*,*,#8166,.T.);
#8201=ORIENTED_EDGE('',*,*,#8051,.T.);
#8202=EDGE_LOOP('',(#8193,#8195,#8197,#8199,#8200,#8201));
#8203=FACE_OUTER_BOUND('',#8202,.F.);
#8204=ADVANCED_FACE('',(#8203),#8191,.F.);
#8205=CARTESIAN_POINT('',(5.748771417551E0,-9.3E-1,1.3E1));
#8206=DIRECTION('',(-1.E0,0.E0,0.E0));
#8207=DIRECTION('',(0.E0,-1.E0,0.E0));
#8208=AXIS2_PLACEMENT_3D('',#8205,#8206,#8207);
#8209=PLANE('',#8208);
#8211=ORIENTED_EDGE('',*,*,#8210,.T.);
#8213=ORIENTED_EDGE('',*,*,#8212,.F.);
#8215=ORIENTED_EDGE('',*,*,#8214,.F.);
#8216=ORIENTED_EDGE('',*,*,#8192,.F.);
#8217=ORIENTED_EDGE('',*,*,#8049,.F.);
#8219=ORIENTED_EDGE('',*,*,#8218,.F.);
#8220=ORIENTED_EDGE('',*,*,#8168,.F.);
#8221=ORIENTED_EDGE('',*,*,#8198,.F.);
#8223=ORIENTED_EDGE('',*,*,#8222,.F.);
#8225=ORIENTED_EDGE('',*,*,#8224,.F.);
#8226=EDGE_LOOP('',(#8211,#8213,#8215,#8216,#8217,#8219,#8220,#8221,#8223,
#8225));
#8227=FACE_OUTER_BOUND('',#8226,.F.);
#8228=ADVANCED_FACE('',(#8227),#8209,.F.);
#8229=CARTESIAN_POINT('',(5.998771417551E0,-3.4E0,7.E0));
#8230=DIRECTION('',(0.E0,-1.E0,0.E0));
#8231=DIRECTION('',(-1.E0,0.E0,0.E0));
#8232=AXIS2_PLACEMENT_3D('',#8229,#8230,#8231);
#8233=PLANE('',#8232);
#8234=ORIENTED_EDGE('',*,*,#8210,.F.);
#8236=ORIENTED_EDGE('',*,*,#8235,.T.);
#8238=ORIENTED_EDGE('',*,*,#8237,.T.);
#8239=EDGE_LOOP('',(#8234,#8236,#8238));
#8240=FACE_OUTER_BOUND('',#8239,.F.);
#8241=ADVANCED_FACE('',(#8240),#8233,.T.);
#8242=CARTESIAN_POINT('',(5.998771417551E0,-2.65E0,7.E0));
#8243=DIRECTION('',(0.E0,1.E0,0.E0));
#8244=DIRECTION('',(1.E0,0.E0,0.E0));
#8245=AXIS2_PLACEMENT_3D('',#8242,#8243,#8244);
#8246=CONICAL_SURFACE('',#8245,1.125E0,9.462322208026E0);
#8247=ORIENTED_EDGE('',*,*,#8237,.F.);
#8248=ORIENTED_EDGE('',*,*,#8235,.F.);
#8249=ORIENTED_EDGE('',*,*,#8224,.T.);
#8251=ORIENTED_EDGE('',*,*,#8250,.T.);
#8253=ORIENTED_EDGE('',*,*,#8252,.T.);
#8254=ORIENTED_EDGE('',*,*,#8212,.T.);
#8255=EDGE_LOOP('',(#8247,#8248,#8249,#8251,#8253,#8254));
#8256=FACE_OUTER_BOUND('',#8255,.F.);
#8257=ADVANCED_FACE('',(#8256),#8246,.T.);
#8258=CARTESIAN_POINT('',(5.998771417551E0,2.315174347823E0,7.E0));
#8259=DIRECTION('',(0.E0,-1.E0,0.E0));
#8260=DIRECTION('',(-1.E0,0.E0,0.E0));
#8261=AXIS2_PLACEMENT_3D('',#8258,#8259,#8260);
#8262=CYLINDRICAL_SURFACE('',#8261,1.25E0);
#8263=ORIENTED_EDGE('',*,*,#8252,.F.);
#8264=ORIENTED_EDGE('',*,*,#8250,.F.);
#8265=ORIENTED_EDGE('',*,*,#8222,.T.);
#8266=ORIENTED_EDGE('',*,*,#8196,.F.);
#8267=ORIENTED_EDGE('',*,*,#8194,.F.);
#8268=ORIENTED_EDGE('',*,*,#8214,.T.);
#8269=EDGE_LOOP('',(#8263,#8264,#8265,#8266,#8267,#8268));
#8270=FACE_OUTER_BOUND('',#8269,.F.);
#8271=ADVANCED_FACE('',(#8270),#8262,.T.);
#8272=CARTESIAN_POINT('',(5.998771417551E0,-9.3E-1,1.3E1));
#8273=DIRECTION('',(0.E0,0.E0,1.E0));
#8274=DIRECTION('',(1.E0,0.E0,0.E0));
#8275=AXIS2_PLACEMENT_3D('',#8272,#8273,#8274);
#8276=CYLINDRICAL_SURFACE('',#8275,2.5E-1);
#8277=ORIENTED_EDGE('',*,*,#8047,.F.);
#8278=ORIENTED_EDGE('',*,*,#8081,.T.);
#8279=ORIENTED_EDGE('',*,*,#8170,.F.);
#8280=ORIENTED_EDGE('',*,*,#8218,.T.);
#8281=EDGE_LOOP('',(#8277,#8278,#8279,#8280));
#8282=FACE_OUTER_BOUND('',#8281,.F.);
#8283=ADVANCED_FACE('',(#8282),#8276,.F.);
#8284=CARTESIAN_POINT('',(0.E0,0.E0,1.3E1));
#8285=DIRECTION('',(0.E0,0.E0,1.E0));
#8286=DIRECTION('',(1.E0,0.E0,0.E0));
#8287=AXIS2_PLACEMENT_3D('',#8284,#8285,#8286);
#8288=PLANE('',#8287);
#8290=ORIENTED_EDGE('',*,*,#8289,.F.);
#8292=ORIENTED_EDGE('',*,*,#8291,.F.);
#8294=ORIENTED_EDGE('',*,*,#8293,.F.);
#8296=ORIENTED_EDGE('',*,*,#8295,.F.);
#8297=ORIENTED_EDGE('',*,*,#7776,.T.);
#8298=ORIENTED_EDGE('',*,*,#7958,.T.);
#8299=ORIENTED_EDGE('',*,*,#7984,.T.);
#8300=ORIENTED_EDGE('',*,*,#7998,.T.);
#8301=ORIENTED_EDGE('',*,*,#8012,.T.);
#8302=ORIENTED_EDGE('',*,*,#8026,.T.);
#8303=ORIENTED_EDGE('',*,*,#7788,.T.);
#8305=ORIENTED_EDGE('',*,*,#8304,.F.);
#8307=ORIENTED_EDGE('',*,*,#8306,.F.);
#8309=ORIENTED_EDGE('',*,*,#8308,.F.);
#8311=ORIENTED_EDGE('',*,*,#8310,.F.);
#8313=ORIENTED_EDGE('',*,*,#8312,.F.);
#8315=ORIENTED_EDGE('',*,*,#8314,.F.);
#8317=ORIENTED_EDGE('',*,*,#8316,.F.);
#8318=EDGE_LOOP('',(#8290,#8292,#8294,#8296,#8297,#8298,#8299,#8300,#8301,#8302,
#8303,#8305,#8307,#8309,#8311,#8313,#8315,#8317));
#8319=FACE_OUTER_BOUND('',#8318,.F.);
#8320=ADVANCED_FACE('',(#8319),#8288,.T.);
#8321=CARTESIAN_POINT('',(-6.153693583732E0,1.27E1,1.25E1));
#8322=DIRECTION('',(1.E0,0.E0,0.E0));
#8323=DIRECTION('',(0.E0,0.E0,1.E0));
#8324=AXIS2_PLACEMENT_3D('',#8321,#8322,#8323);
#8325=CYLINDRICAL_SURFACE('',#8324,5.E-1);
#8327=ORIENTED_EDGE('',*,*,#8326,.T.);
#8329=ORIENTED_EDGE('',*,*,#8328,.F.);
#8330=ORIENTED_EDGE('',*,*,#8289,.T.);
#8332=ORIENTED_EDGE('',*,*,#8331,.T.);
#8333=EDGE_LOOP('',(#8327,#8329,#8330,#8332));
#8334=FACE_OUTER_BOUND('',#8333,.F.);
#8335=ADVANCED_FACE('',(#8334),#8325,.T.);
#8336=CARTESIAN_POINT('',(-2.03E0,1.22E1,1.3E1));
#8337=DIRECTION('',(0.E0,1.E0,0.E0));
#8338=DIRECTION('',(-1.E0,0.E0,0.E0));
#8339=AXIS2_PLACEMENT_3D('',#8336,#8337,#8338);
#8340=PLANE('',#8339);
#8341=ORIENTED_EDGE('',*,*,#8326,.F.);
#8343=ORIENTED_EDGE('',*,*,#8342,.F.);
#8345=ORIENTED_EDGE('',*,*,#8344,.F.);
#8347=ORIENTED_EDGE('',*,*,#8346,.T.);
#8348=EDGE_LOOP('',(#8341,#8343,#8345,#8347));
#8349=FACE_OUTER_BOUND('',#8348,.F.);
#8350=ADVANCED_FACE('',(#8349),#8340,.F.);
#8351=CARTESIAN_POINT('',(-2.03E0,1.34E1,1.3E1));
#8352=DIRECTION('',(-1.E0,0.E0,0.E0));
#8353=DIRECTION('',(0.E0,-1.E0,0.E0));
#8354=AXIS2_PLACEMENT_3D('',#8351,#8352,#8353);
#8355=PLANE('',#8354);
#8356=ORIENTED_EDGE('',*,*,#8342,.T.);
#8358=ORIENTED_EDGE('',*,*,#8357,.F.);
#8360=ORIENTED_EDGE('',*,*,#8359,.T.);
#8362=ORIENTED_EDGE('',*,*,#8361,.F.);
#8363=EDGE_LOOP('',(#8356,#8358,#8360,#8362));
#8364=FACE_OUTER_BOUND('',#8363,.F.);
#8365=ADVANCED_FACE('',(#8364),#8355,.F.);
#8366=CARTESIAN_POINT('',(-2.53E0,1.446712482624E1,1.25E1));
#8367=DIRECTION('',(0.E0,-1.E0,0.E0));
#8368=DIRECTION('',(1.E0,0.E0,0.E0));
#8369=AXIS2_PLACEMENT_3D('',#8366,#8367,#8368);
#8370=CYLINDRICAL_SURFACE('',#8369,5.E-1);
#8371=ORIENTED_EDGE('',*,*,#8331,.F.);
#8372=ORIENTED_EDGE('',*,*,#8316,.T.);
#8374=ORIENTED_EDGE('',*,*,#8373,.T.);
#8376=ORIENTED_EDGE('',*,*,#8375,.F.);
#8377=ORIENTED_EDGE('',*,*,#8357,.T.);
#8378=EDGE_LOOP('',(#8371,#8372,#8374,#8376,#8377));
#8379=FACE_OUTER_BOUND('',#8378,.F.);
#8380=ADVANCED_FACE('',(#8379),#8370,.T.);
#8381=CARTESIAN_POINT('',(-6.153693583732E0,1.415970598454E1,1.27E1));
#8382=DIRECTION('',(1.E0,0.E0,0.E0));
#8383=DIRECTION('',(0.E0,0.E0,1.E0));
#8384=AXIS2_PLACEMENT_3D('',#8381,#8382,#8383);
#8385=CYLINDRICAL_SURFACE('',#8384,3.E-1);
#8386=ORIENTED_EDGE('',*,*,#8373,.F.);
#8387=ORIENTED_EDGE('',*,*,#8314,.T.);
#8389=ORIENTED_EDGE('',*,*,#8388,.T.);
#8391=ORIENTED_EDGE('',*,*,#8390,.T.);
#8392=EDGE_LOOP('',(#8386,#8387,#8389,#8391));
#8393=FACE_OUTER_BOUND('',#8392,.F.);
#8394=ADVANCED_FACE('',(#8393),#8385,.T.);
#8395=CARTESIAN_POINT('',(2.53E0,-5.045890675418E-2,1.25E1));
#8396=DIRECTION('',(0.E0,1.E0,0.E0));
#8397=DIRECTION('',(-1.E0,0.E0,0.E0));
#8398=AXIS2_PLACEMENT_3D('',#8395,#8396,#8397);
#8399=CYLINDRICAL_SURFACE('',#8398,5.E-1);
#8400=ORIENTED_EDGE('',*,*,#8312,.T.);
#8402=ORIENTED_EDGE('',*,*,#8401,.T.);
#8404=ORIENTED_EDGE('',*,*,#8403,.T.);
#8406=ORIENTED_EDGE('',*,*,#8405,.F.);
#8407=ORIENTED_EDGE('',*,*,#8388,.F.);
#8408=EDGE_LOOP('',(#8400,#8402,#8404,#8406,#8407));
#8409=FACE_OUTER_BOUND('',#8408,.F.);
#8410=ADVANCED_FACE('',(#8409),#8399,.T.);
#8411=CARTESIAN_POINT('',(-6.153693583732E0,1.27E1,1.25E1));
#8412=DIRECTION('',(1.E0,0.E0,0.E0));
#8413=DIRECTION('',(0.E0,0.E0,1.E0));
#8414=AXIS2_PLACEMENT_3D('',#8411,#8412,#8413);
#8415=CYLINDRICAL_SURFACE('',#8414,5.E-1);
#8416=ORIENTED_EDGE('',*,*,#8310,.T.);
#8418=ORIENTED_EDGE('',*,*,#8417,.T.);
#8420=ORIENTED_EDGE('',*,*,#8419,.T.);
#8421=ORIENTED_EDGE('',*,*,#8401,.F.);
#8422=EDGE_LOOP('',(#8416,#8418,#8420,#8421));
#8423=FACE_OUTER_BOUND('',#8422,.F.);
#8424=ADVANCED_FACE('',(#8423),#8415,.T.);
#8425=CARTESIAN_POINT('',(3.85E0,1.445747010378E1,1.25E1));
#8426=DIRECTION('',(0.E0,-1.E0,0.E0));
#8427=DIRECTION('',(0.E0,0.E0,1.E0));
#8428=AXIS2_PLACEMENT_3D('',#8425,#8426,#8427);
#8429=CYLINDRICAL_SURFACE('',#8428,5.E-1);
#8430=ORIENTED_EDGE('',*,*,#8308,.T.);
#8432=ORIENTED_EDGE('',*,*,#8431,.T.);
#8434=ORIENTED_EDGE('',*,*,#8433,.T.);
#8435=ORIENTED_EDGE('',*,*,#8417,.F.);
#8436=EDGE_LOOP('',(#8430,#8432,#8434,#8435));
#8437=FACE_OUTER_BOUND('',#8436,.F.);
#8438=ADVANCED_FACE('',(#8437),#8429,.T.);
#8439=CARTESIAN_POINT('',(-6.153693583732E0,1.103E1,1.25E1));
#8440=DIRECTION('',(1.E0,0.E0,0.E0));
#8441=DIRECTION('',(0.E0,0.E0,1.E0));
#8442=AXIS2_PLACEMENT_3D('',#8439,#8440,#8441);
#8443=CYLINDRICAL_SURFACE('',#8442,5.E-1);
#8444=ORIENTED_EDGE('',*,*,#8306,.T.);
#8446=ORIENTED_EDGE('',*,*,#8445,.T.);
#8448=ORIENTED_EDGE('',*,*,#8447,.T.);
#8449=ORIENTED_EDGE('',*,*,#8431,.F.);
#8450=EDGE_LOOP('',(#8444,#8446,#8448,#8449));
#8451=FACE_OUTER_BOUND('',#8450,.F.);
#8452=ADVANCED_FACE('',(#8451),#8443,.T.);
#8453=CARTESIAN_POINT('',(5.44E0,-5.045890675418E-2,1.25E1));
#8454=DIRECTION('',(0.E0,1.E0,0.E0));
#8455=DIRECTION('',(-1.E0,0.E0,0.E0));
#8456=AXIS2_PLACEMENT_3D('',#8453,#8454,#8455);
#8457=CYLINDRICAL_SURFACE('',#8456,5.E-1);
#8458=ORIENTED_EDGE('',*,*,#7786,.F.);
#8460=ORIENTED_EDGE('',*,*,#8459,.T.);
#8461=ORIENTED_EDGE('',*,*,#8445,.F.);
#8462=ORIENTED_EDGE('',*,*,#8304,.T.);
#8463=EDGE_LOOP('',(#8458,#8460,#8461,#8462));
#8464=FACE_OUTER_BOUND('',#8463,.F.);
#8465=ADVANCED_FACE('',(#8464),#8457,.T.);
#8466=CARTESIAN_POINT('',(4.94E0,3.7E0,1.3E1));
#8467=DIRECTION('',(1.E0,0.E0,0.E0));
#8468=DIRECTION('',(0.E0,1.E0,0.E0));
#8469=AXIS2_PLACEMENT_3D('',#8466,#8467,#8468);
#8470=PLANE('',#8469);
#8472=ORIENTED_EDGE('',*,*,#8471,.F.);
#8474=ORIENTED_EDGE('',*,*,#8473,.T.);
#8476=ORIENTED_EDGE('',*,*,#8475,.T.);
#8478=ORIENTED_EDGE('',*,*,#8477,.T.);
#8479=ORIENTED_EDGE('',*,*,#8459,.F.);
#8480=ORIENTED_EDGE('',*,*,#7784,.F.);
#8482=ORIENTED_EDGE('',*,*,#8481,.T.);
#8484=ORIENTED_EDGE('',*,*,#8483,.T.);
#8486=ORIENTED_EDGE('',*,*,#8485,.F.);
#8488=ORIENTED_EDGE('',*,*,#8487,.T.);
#8490=ORIENTED_EDGE('',*,*,#8489,.F.);
#8492=ORIENTED_EDGE('',*,*,#8491,.F.);
#8493=EDGE_LOOP('',(#8472,#8474,#8476,#8478,#8479,#8480,#8482,#8484,#8486,#8488,
#8490,#8492));
#8494=FACE_OUTER_BOUND('',#8493,.F.);
#8495=ADVANCED_FACE('',(#8494),#8470,.F.);
#8496=CARTESIAN_POINT('',(3.35E0,9.53E0,1.E0));
#8497=DIRECTION('',(0.E0,-1.E0,0.E0));
#8498=DIRECTION('',(1.E0,0.E0,0.E0));
#8499=AXIS2_PLACEMENT_3D('',#8496,#8497,#8498);
#8500=PLANE('',#8499);
#8502=ORIENTED_EDGE('',*,*,#8501,.F.);
#8503=ORIENTED_EDGE('',*,*,#8471,.T.);
#8505=ORIENTED_EDGE('',*,*,#8504,.F.);
#8507=ORIENTED_EDGE('',*,*,#8506,.F.);
#8508=EDGE_LOOP('',(#8502,#8503,#8505,#8507));
#8509=FACE_OUTER_BOUND('',#8508,.F.);
#8510=ADVANCED_FACE('',(#8509),#8500,.T.);
#8511=CARTESIAN_POINT('',(3.309432598308E0,9.73E0,2.5E0));
#8512=DIRECTION('',(1.E0,0.E0,0.E0));
#8513=DIRECTION('',(0.E0,0.E0,1.E0));
#8514=AXIS2_PLACEMENT_3D('',#8511,#8512,#8513);
#8515=CYLINDRICAL_SURFACE('',#8514,2.E-1);
#8516=ORIENTED_EDGE('',*,*,#8501,.T.);
#8518=ORIENTED_EDGE('',*,*,#8517,.F.);
#8520=ORIENTED_EDGE('',*,*,#8519,.T.);
#8521=ORIENTED_EDGE('',*,*,#8473,.F.);
#8522=EDGE_LOOP('',(#8516,#8518,#8520,#8521));
#8523=FACE_OUTER_BOUND('',#8522,.F.);
#8524=ADVANCED_FACE('',(#8523),#8515,.T.);
#8525=CARTESIAN_POINT('',(3.35E0,1.053E1,1.3E1));
#8526=DIRECTION('',(1.E0,0.E0,0.E0));
#8527=DIRECTION('',(0.E0,1.E0,0.E0));
#8528=AXIS2_PLACEMENT_3D('',#8525,#8526,#8527);
#8529=PLANE('',#8528);
#8530=ORIENTED_EDGE('',*,*,#8517,.T.);
#8531=ORIENTED_EDGE('',*,*,#8506,.T.);
#8533=ORIENTED_EDGE('',*,*,#8532,.F.);
#8535=ORIENTED_EDGE('',*,*,#8534,.T.);
#8537=ORIENTED_EDGE('',*,*,#8536,.T.);
#8539=ORIENTED_EDGE('',*,*,#8538,.T.);
#8540=ORIENTED_EDGE('',*,*,#8433,.F.);
#8542=ORIENTED_EDGE('',*,*,#8541,.F.);
#8544=ORIENTED_EDGE('',*,*,#8543,.F.);
#8545=EDGE_LOOP('',(#8530,#8531,#8533,#8535,#8537,#8539,#8540,#8542,#8544));
#8546=FACE_OUTER_BOUND('',#8545,.F.);
#8547=ADVANCED_FACE('',(#8546),#8529,.F.);
#8548=CARTESIAN_POINT('',(0.E0,0.E0,1.E0));
#8549=DIRECTION('',(0.E0,0.E0,1.E0));
#8550=DIRECTION('',(1.E0,0.E0,0.E0));
#8551=AXIS2_PLACEMENT_3D('',#8548,#8549,#8550);
#8552=PLANE('',#8551);
#8554=ORIENTED_EDGE('',*,*,#8553,.F.);
#8556=ORIENTED_EDGE('',*,*,#8555,.T.);
#8558=ORIENTED_EDGE('',*,*,#8557,.F.);
#8560=ORIENTED_EDGE('',*,*,#8559,.F.);
#8562=ORIENTED_EDGE('',*,*,#8561,.F.);
#8564=ORIENTED_EDGE('',*,*,#8563,.T.);
#8566=ORIENTED_EDGE('',*,*,#8565,.F.);
#8568=ORIENTED_EDGE('',*,*,#8567,.F.);
#8570=ORIENTED_EDGE('',*,*,#8569,.F.);
#8572=ORIENTED_EDGE('',*,*,#8571,.T.);
#8574=ORIENTED_EDGE('',*,*,#8573,.F.);
#8576=ORIENTED_EDGE('',*,*,#8575,.F.);
#8578=ORIENTED_EDGE('',*,*,#8577,.F.);
#8580=ORIENTED_EDGE('',*,*,#8579,.T.);
#8582=ORIENTED_EDGE('',*,*,#8581,.F.);
#8584=ORIENTED_EDGE('',*,*,#8583,.F.);
#8586=ORIENTED_EDGE('',*,*,#8585,.F.);
#8588=ORIENTED_EDGE('',*,*,#8587,.T.);
#8590=ORIENTED_EDGE('',*,*,#8589,.F.);
#8592=ORIENTED_EDGE('',*,*,#8591,.F.);
#8594=ORIENTED_EDGE('',*,*,#8593,.F.);
#8596=ORIENTED_EDGE('',*,*,#8595,.T.);
#8598=ORIENTED_EDGE('',*,*,#8597,.T.);
#8600=ORIENTED_EDGE('',*,*,#8599,.T.);
#8602=ORIENTED_EDGE('',*,*,#8601,.T.);
#8604=ORIENTED_EDGE('',*,*,#8603,.F.);
#8606=ORIENTED_EDGE('',*,*,#8605,.T.);
#8608=ORIENTED_EDGE('',*,*,#8607,.F.);
#8609=ORIENTED_EDGE('',*,*,#8532,.T.);
#8610=ORIENTED_EDGE('',*,*,#8504,.T.);
#8611=ORIENTED_EDGE('',*,*,#8491,.T.);
#8613=ORIENTED_EDGE('',*,*,#8612,.T.);
#8615=ORIENTED_EDGE('',*,*,#8614,.F.);
#8617=ORIENTED_EDGE('',*,*,#8616,.T.);
#8619=ORIENTED_EDGE('',*,*,#8618,.F.);
#8621=ORIENTED_EDGE('',*,*,#8620,.F.);
#8622=EDGE_LOOP('',(#8554,#8556,#8558,#8560,#8562,#8564,#8566,#8568,#8570,#8572,
#8574,#8576,#8578,#8580,#8582,#8584,#8586,#8588,#8590,#8592,#8594,#8596,#8598,
#8600,#8602,#8604,#8606,#8608,#8609,#8610,#8611,#8613,#8615,#8617,#8619,#8621));
#8623=FACE_OUTER_BOUND('',#8622,.F.);
#8624=ADVANCED_FACE('',(#8623),#8552,.T.);
#8625=CARTESIAN_POINT('',(2.275E0,1.02E1,1.7E0));
#8626=DIRECTION('',(-1.E0,0.E0,0.E0));
#8627=DIRECTION('',(0.E0,-1.E0,0.E0));
#8628=AXIS2_PLACEMENT_3D('',#8625,#8626,#8627);
#8629=PLANE('',#8628);
#8631=ORIENTED_EDGE('',*,*,#8630,.F.);
#8633=ORIENTED_EDGE('',*,*,#8632,.T.);
#8635=ORIENTED_EDGE('',*,*,#8634,.F.);
#8636=ORIENTED_EDGE('',*,*,#8553,.T.);
#8638=ORIENTED_EDGE('',*,*,#8637,.F.);
#8639=ORIENTED_EDGE('',*,*,#7248,.F.);
#8641=ORIENTED_EDGE('',*,*,#8640,.T.);
#8642=EDGE_LOOP('',(#8631,#8633,#8635,#8636,#8638,#8639,#8641));
#8643=FACE_OUTER_BOUND('',#8642,.F.);
#8644=ADVANCED_FACE('',(#8643),#8629,.F.);
#8645=CARTESIAN_POINT('',(2.04E0,3.664725925577E0,1.465E0));
#8646=DIRECTION('',(0.E0,1.E0,0.E0));
#8647=DIRECTION('',(1.E0,0.E0,0.E0));
#8648=AXIS2_PLACEMENT_3D('',#8645,#8646,#8647);
#8649=CYLINDRICAL_SURFACE('',#8648,2.35E-1);
#8650=ORIENTED_EDGE('',*,*,#8630,.T.);
#8652=ORIENTED_EDGE('',*,*,#8651,.F.);
#8654=ORIENTED_EDGE('',*,*,#8653,.T.);
#8656=ORIENTED_EDGE('',*,*,#8655,.F.);
#8657=EDGE_LOOP('',(#8650,#8652,#8654,#8656));
#8658=FACE_OUTER_BOUND('',#8657,.F.);
#8659=ADVANCED_FACE('',(#8658),#8649,.T.);
#8660=CARTESIAN_POINT('',(-4.94E0,3.7E0,1.3E1));
#8661=DIRECTION('',(0.E0,-1.E0,0.E0));
#8662=DIRECTION('',(1.E0,0.E0,0.E0));
#8663=AXIS2_PLACEMENT_3D('',#8660,#8661,#8662);
#8664=PLANE('',#8663);
#8666=ORIENTED_EDGE('',*,*,#8665,.T.);
#8667=ORIENTED_EDGE('',*,*,#8651,.T.);
#8668=ORIENTED_EDGE('',*,*,#8640,.F.);
#8669=ORIENTED_EDGE('',*,*,#7254,.F.);
#8671=ORIENTED_EDGE('',*,*,#8670,.T.);
#8673=ORIENTED_EDGE('',*,*,#8672,.T.);
#8675=ORIENTED_EDGE('',*,*,#8674,.T.);
#8676=ORIENTED_EDGE('',*,*,#8612,.F.);
#8677=ORIENTED_EDGE('',*,*,#8489,.T.);
#8679=ORIENTED_EDGE('',*,*,#8678,.F.);
#8681=ORIENTED_EDGE('',*,*,#8680,.T.);
#8683=ORIENTED_EDGE('',*,*,#8682,.F.);
#8685=ORIENTED_EDGE('',*,*,#8684,.F.);
#8687=ORIENTED_EDGE('',*,*,#8686,.T.);
#8689=ORIENTED_EDGE('',*,*,#8688,.F.);
#8691=ORIENTED_EDGE('',*,*,#8690,.F.);
#8693=ORIENTED_EDGE('',*,*,#8692,.F.);
#8695=ORIENTED_EDGE('',*,*,#8694,.T.);
#8697=ORIENTED_EDGE('',*,*,#8696,.F.);
#8699=ORIENTED_EDGE('',*,*,#8698,.F.);
#8701=ORIENTED_EDGE('',*,*,#8700,.F.);
#8703=ORIENTED_EDGE('',*,*,#8702,.T.);
#8705=ORIENTED_EDGE('',*,*,#8704,.F.);
#8707=ORIENTED_EDGE('',*,*,#8706,.F.);
#8709=ORIENTED_EDGE('',*,*,#8708,.F.);
#8711=ORIENTED_EDGE('',*,*,#8710,.T.);
#8713=ORIENTED_EDGE('',*,*,#8712,.F.);
#8715=ORIENTED_EDGE('',*,*,#8714,.F.);
#8717=ORIENTED_EDGE('',*,*,#8716,.F.);
#8719=ORIENTED_EDGE('',*,*,#8718,.T.);
#8721=ORIENTED_EDGE('',*,*,#8720,.F.);
#8723=ORIENTED_EDGE('',*,*,#8722,.F.);
#8725=ORIENTED_EDGE('',*,*,#8724,.F.);
#8727=ORIENTED_EDGE('',*,*,#8726,.T.);
#8729=ORIENTED_EDGE('',*,*,#8728,.F.);
#8731=ORIENTED_EDGE('',*,*,#8730,.F.);
#8733=ORIENTED_EDGE('',*,*,#8732,.T.);
#8735=ORIENTED_EDGE('',*,*,#8734,.F.);
#8737=ORIENTED_EDGE('',*,*,#8736,.F.);
#8738=ORIENTED_EDGE('',*,*,#8599,.F.);
#8740=ORIENTED_EDGE('',*,*,#8739,.F.);
#8742=ORIENTED_EDGE('',*,*,#8741,.T.);
#8744=ORIENTED_EDGE('',*,*,#8743,.F.);
#8745=ORIENTED_EDGE('',*,*,#7284,.F.);
#8747=ORIENTED_EDGE('',*,*,#8746,.T.);
#8749=ORIENTED_EDGE('',*,*,#8748,.T.);
#8751=ORIENTED_EDGE('',*,*,#8750,.F.);
#8752=ORIENTED_EDGE('',*,*,#7274,.F.);
#8754=ORIENTED_EDGE('',*,*,#8753,.T.);
#8756=ORIENTED_EDGE('',*,*,#8755,.T.);
#8758=ORIENTED_EDGE('',*,*,#8757,.F.);
#8759=ORIENTED_EDGE('',*,*,#7264,.F.);
#8761=ORIENTED_EDGE('',*,*,#8760,.T.);
#8763=ORIENTED_EDGE('',*,*,#8762,.T.);
#8765=ORIENTED_EDGE('',*,*,#8764,.F.);
#8766=ORIENTED_EDGE('',*,*,#7234,.F.);
#8768=ORIENTED_EDGE('',*,*,#8767,.T.);
#8770=ORIENTED_EDGE('',*,*,#8769,.T.);
#8772=ORIENTED_EDGE('',*,*,#8771,.F.);
#8773=ORIENTED_EDGE('',*,*,#7244,.F.);
#8774=EDGE_LOOP('',(#8666,#8667,#8668,#8669,#8671,#8673,#8675,#8676,#8677,#8679,
#8681,#8683,#8685,#8687,#8689,#8691,#8693,#8695,#8697,#8699,#8701,#8703,#8705,
#8707,#8709,#8711,#8713,#8715,#8717,#8719,#8721,#8723,#8725,#8727,#8729,#8731,
#8733,#8735,#8737,#8738,#8740,#8742,#8744,#8745,#8747,#8749,#8751,#8752,#8754,
#8756,#8758,#8759,#8761,#8763,#8765,#8766,#8768,#8770,#8772,#8773));
#8775=FACE_OUTER_BOUND('',#8774,.F.);
#8776=ADVANCED_FACE('',(#8775),#8664,.F.);
#8777=CARTESIAN_POINT('',(1.805E0,3.7E0,1.7E0));
#8778=DIRECTION('',(1.E0,0.E0,0.E0));
#8779=DIRECTION('',(0.E0,1.E0,0.E0));
#8780=AXIS2_PLACEMENT_3D('',#8777,#8778,#8779);
#8781=PLANE('',#8780);
#8782=ORIENTED_EDGE('',*,*,#8653,.F.);
#8783=ORIENTED_EDGE('',*,*,#8665,.F.);
#8784=ORIENTED_EDGE('',*,*,#7242,.F.);
#8786=ORIENTED_EDGE('',*,*,#8785,.T.);
#8787=ORIENTED_EDGE('',*,*,#8557,.T.);
#8789=ORIENTED_EDGE('',*,*,#8788,.F.);
#8791=ORIENTED_EDGE('',*,*,#8790,.T.);
#8792=EDGE_LOOP('',(#8782,#8783,#8784,#8786,#8787,#8789,#8791));
#8793=FACE_OUTER_BOUND('',#8792,.F.);
#8794=ADVANCED_FACE('',(#8793),#8781,.F.);
#8795=CARTESIAN_POINT('',(1.805E0,1.02E1,1.7E0));
#8796=DIRECTION('',(0.E0,1.E0,0.E0));
#8797=DIRECTION('',(-1.E0,0.E0,0.E0));
#8798=AXIS2_PLACEMENT_3D('',#8795,#8796,#8797);
#8799=PLANE('',#8798);
#8801=ORIENTED_EDGE('',*,*,#8800,.T.);
#8802=ORIENTED_EDGE('',*,*,#8559,.T.);
#8803=ORIENTED_EDGE('',*,*,#8785,.F.);
#8804=ORIENTED_EDGE('',*,*,#7240,.F.);
#8805=EDGE_LOOP('',(#8801,#8802,#8803,#8804));
#8806=FACE_OUTER_BOUND('',#8805,.F.);
#8807=ADVANCED_FACE('',(#8806),#8799,.F.);
#8808=CARTESIAN_POINT('',(1.255E0,1.02E1,1.7E0));
#8809=DIRECTION('',(-1.E0,0.E0,0.E0));
#8810=DIRECTION('',(0.E0,-1.E0,0.E0));
#8811=AXIS2_PLACEMENT_3D('',#8808,#8809,#8810);
#8812=PLANE('',#8811);
#8814=ORIENTED_EDGE('',*,*,#8813,.F.);
#8816=ORIENTED_EDGE('',*,*,#8815,.T.);
#8818=ORIENTED_EDGE('',*,*,#8817,.F.);
#8819=ORIENTED_EDGE('',*,*,#8561,.T.);
#8820=ORIENTED_EDGE('',*,*,#8800,.F.);
#8821=ORIENTED_EDGE('',*,*,#7238,.F.);
#8822=ORIENTED_EDGE('',*,*,#8771,.T.);
#8823=EDGE_LOOP('',(#8814,#8816,#8818,#8819,#8820,#8821,#8822));
#8824=FACE_OUTER_BOUND('',#8823,.F.);
#8825=ADVANCED_FACE('',(#8824),#8812,.F.);
#8826=CARTESIAN_POINT('',(1.02E0,3.664725925577E0,1.465E0));
#8827=DIRECTION('',(0.E0,1.E0,0.E0));
#8828=DIRECTION('',(1.E0,0.E0,0.E0));
#8829=AXIS2_PLACEMENT_3D('',#8826,#8827,#8828);
#8830=CYLINDRICAL_SURFACE('',#8829,2.35E-1);
#8831=ORIENTED_EDGE('',*,*,#8813,.T.);
#8832=ORIENTED_EDGE('',*,*,#8769,.F.);
#8834=ORIENTED_EDGE('',*,*,#8833,.T.);
#8836=ORIENTED_EDGE('',*,*,#8835,.F.);
#8837=EDGE_LOOP('',(#8831,#8832,#8834,#8836));
#8838=FACE_OUTER_BOUND('',#8837,.F.);
#8839=ADVANCED_FACE('',(#8838),#8830,.T.);
#8840=CARTESIAN_POINT('',(7.85E-1,3.7E0,1.7E0));
#8841=DIRECTION('',(1.E0,0.E0,0.E0));
#8842=DIRECTION('',(0.E0,1.E0,0.E0));
#8843=AXIS2_PLACEMENT_3D('',#8840,#8841,#8842);
#8844=PLANE('',#8843);
#8845=ORIENTED_EDGE('',*,*,#8833,.F.);
#8846=ORIENTED_EDGE('',*,*,#8767,.F.);
#8847=ORIENTED_EDGE('',*,*,#7232,.F.);
#8849=ORIENTED_EDGE('',*,*,#8848,.T.);
#8850=ORIENTED_EDGE('',*,*,#8565,.T.);
#8852=ORIENTED_EDGE('',*,*,#8851,.F.);
#8854=ORIENTED_EDGE('',*,*,#8853,.T.);
#8855=EDGE_LOOP('',(#8845,#8846,#8847,#8849,#8850,#8852,#8854));
#8856=FACE_OUTER_BOUND('',#8855,.F.);
#8857=ADVANCED_FACE('',(#8856),#8844,.F.);
#8858=CARTESIAN_POINT('',(7.85E-1,1.02E1,1.7E0));
#8859=DIRECTION('',(0.E0,1.E0,0.E0));
#8860=DIRECTION('',(-1.E0,0.E0,0.E0));
#8861=AXIS2_PLACEMENT_3D('',#8858,#8859,#8860);
#8862=PLANE('',#8861);
#8863=ORIENTED_EDGE('',*,*,#7230,.F.);
#8865=ORIENTED_EDGE('',*,*,#8864,.T.);
#8866=ORIENTED_EDGE('',*,*,#8567,.T.);
#8867=ORIENTED_EDGE('',*,*,#8848,.F.);
#8868=EDGE_LOOP('',(#8863,#8865,#8866,#8867));
#8869=FACE_OUTER_BOUND('',#8868,.F.);
#8870=ADVANCED_FACE('',(#8869),#8862,.F.);
#8871=CARTESIAN_POINT('',(2.35E-1,1.02E1,1.7E0));
#8872=DIRECTION('',(-1.E0,0.E0,0.E0));
#8873=DIRECTION('',(0.E0,-1.E0,0.E0));
#8874=AXIS2_PLACEMENT_3D('',#8871,#8872,#8873);
#8875=PLANE('',#8874);
#8877=ORIENTED_EDGE('',*,*,#8876,.F.);
#8879=ORIENTED_EDGE('',*,*,#8878,.T.);
#8881=ORIENTED_EDGE('',*,*,#8880,.F.);
#8882=ORIENTED_EDGE('',*,*,#8569,.T.);
#8883=ORIENTED_EDGE('',*,*,#8864,.F.);
#8884=ORIENTED_EDGE('',*,*,#7228,.F.);
#8885=ORIENTED_EDGE('',*,*,#8764,.T.);
#8886=EDGE_LOOP('',(#8877,#8879,#8881,#8882,#8883,#8884,#8885));
#8887=FACE_OUTER_BOUND('',#8886,.F.);
#8888=ADVANCED_FACE('',(#8887),#8875,.F.);
#8889=CARTESIAN_POINT('',(0.E0,3.664725925577E0,1.465E0));
#8890=DIRECTION('',(0.E0,1.E0,0.E0));
#8891=DIRECTION('',(1.E0,0.E0,0.E0));
#8892=AXIS2_PLACEMENT_3D('',#8889,#8890,#8891);
#8893=CYLINDRICAL_SURFACE('',#8892,2.35E-1);
#8894=ORIENTED_EDGE('',*,*,#8876,.T.);
#8895=ORIENTED_EDGE('',*,*,#8762,.F.);
#8897=ORIENTED_EDGE('',*,*,#8896,.T.);
#8899=ORIENTED_EDGE('',*,*,#8898,.F.);
#8900=EDGE_LOOP('',(#8894,#8895,#8897,#8899));
#8901=FACE_OUTER_BOUND('',#8900,.F.);
#8902=ADVANCED_FACE('',(#8901),#8893,.T.);
#8903=CARTESIAN_POINT('',(-2.35E-1,3.7E0,1.7E0));
#8904=DIRECTION('',(1.E0,0.E0,0.E0));
#8905=DIRECTION('',(0.E0,1.E0,0.E0));
#8906=AXIS2_PLACEMENT_3D('',#8903,#8904,#8905);
#8907=PLANE('',#8906);
#8908=ORIENTED_EDGE('',*,*,#8896,.F.);
#8909=ORIENTED_EDGE('',*,*,#8760,.F.);
#8910=ORIENTED_EDGE('',*,*,#7262,.F.);
#8912=ORIENTED_EDGE('',*,*,#8911,.T.);
#8913=ORIENTED_EDGE('',*,*,#8573,.T.);
#8915=ORIENTED_EDGE('',*,*,#8914,.F.);
#8917=ORIENTED_EDGE('',*,*,#8916,.T.);
#8918=EDGE_LOOP('',(#8908,#8909,#8910,#8912,#8913,#8915,#8917));
#8919=FACE_OUTER_BOUND('',#8918,.F.);
#8920=ADVANCED_FACE('',(#8919),#8907,.F.);
#8921=CARTESIAN_POINT('',(-2.35E-1,1.02E1,1.7E0));
#8922=DIRECTION('',(0.E0,1.E0,0.E0));
#8923=DIRECTION('',(-1.E0,0.E0,0.E0));
#8924=AXIS2_PLACEMENT_3D('',#8921,#8922,#8923);
#8925=PLANE('',#8924);
#8927=ORIENTED_EDGE('',*,*,#8926,.T.);
#8928=ORIENTED_EDGE('',*,*,#8575,.T.);
#8929=ORIENTED_EDGE('',*,*,#8911,.F.);
#8930=ORIENTED_EDGE('',*,*,#7260,.F.);
#8931=EDGE_LOOP('',(#8927,#8928,#8929,#8930));
#8932=FACE_OUTER_BOUND('',#8931,.F.);
#8933=ADVANCED_FACE('',(#8932),#8925,.F.);
#8934=CARTESIAN_POINT('',(-7.85E-1,1.02E1,1.7E0));
#8935=DIRECTION('',(-1.E0,0.E0,0.E0));
#8936=DIRECTION('',(0.E0,-1.E0,0.E0));
#8937=AXIS2_PLACEMENT_3D('',#8934,#8935,#8936);
#8938=PLANE('',#8937);
#8940=ORIENTED_EDGE('',*,*,#8939,.F.);
#8942=ORIENTED_EDGE('',*,*,#8941,.T.);
#8944=ORIENTED_EDGE('',*,*,#8943,.F.);
#8945=ORIENTED_EDGE('',*,*,#8577,.T.);
#8946=ORIENTED_EDGE('',*,*,#8926,.F.);
#8947=ORIENTED_EDGE('',*,*,#7258,.F.);
#8948=ORIENTED_EDGE('',*,*,#8757,.T.);
#8949=EDGE_LOOP('',(#8940,#8942,#8944,#8945,#8946,#8947,#8948));
#8950=FACE_OUTER_BOUND('',#8949,.F.);
#8951=ADVANCED_FACE('',(#8950),#8938,.F.);
#8952=CARTESIAN_POINT('',(-1.02E0,3.664725925577E0,1.465E0));
#8953=DIRECTION('',(0.E0,1.E0,0.E0));
#8954=DIRECTION('',(1.E0,0.E0,0.E0));
#8955=AXIS2_PLACEMENT_3D('',#8952,#8953,#8954);
#8956=CYLINDRICAL_SURFACE('',#8955,2.35E-1);
#8957=ORIENTED_EDGE('',*,*,#8939,.T.);
#8958=ORIENTED_EDGE('',*,*,#8755,.F.);
#8960=ORIENTED_EDGE('',*,*,#8959,.T.);
#8962=ORIENTED_EDGE('',*,*,#8961,.F.);
#8963=EDGE_LOOP('',(#8957,#8958,#8960,#8962));
#8964=FACE_OUTER_BOUND('',#8963,.F.);
#8965=ADVANCED_FACE('',(#8964),#8956,.T.);
#8966=CARTESIAN_POINT('',(-1.255E0,3.7E0,1.7E0));
#8967=DIRECTION('',(1.E0,0.E0,0.E0));
#8968=DIRECTION('',(0.E0,1.E0,0.E0));
#8969=AXIS2_PLACEMENT_3D('',#8966,#8967,#8968);
#8970=PLANE('',#8969);
#8971=ORIENTED_EDGE('',*,*,#8959,.F.);
#8972=ORIENTED_EDGE('',*,*,#8753,.F.);
#8973=ORIENTED_EDGE('',*,*,#7272,.F.);
#8975=ORIENTED_EDGE('',*,*,#8974,.T.);
#8976=ORIENTED_EDGE('',*,*,#8581,.T.);
#8978=ORIENTED_EDGE('',*,*,#8977,.F.);
#8980=ORIENTED_EDGE('',*,*,#8979,.T.);
#8981=EDGE_LOOP('',(#8971,#8972,#8973,#8975,#8976,#8978,#8980));
#8982=FACE_OUTER_BOUND('',#8981,.F.);
#8983=ADVANCED_FACE('',(#8982),#8970,.F.);
#8984=CARTESIAN_POINT('',(-1.255E0,1.02E1,1.7E0));
#8985=DIRECTION('',(0.E0,1.E0,0.E0));
#8986=DIRECTION('',(-1.E0,0.E0,0.E0));
#8987=AXIS2_PLACEMENT_3D('',#8984,#8985,#8986);
#8988=PLANE('',#8987);
#8990=ORIENTED_EDGE('',*,*,#8989,.T.);
#8991=ORIENTED_EDGE('',*,*,#8583,.T.);
#8992=ORIENTED_EDGE('',*,*,#8974,.F.);
#8993=ORIENTED_EDGE('',*,*,#7270,.F.);
#8994=EDGE_LOOP('',(#8990,#8991,#8992,#8993));
#8995=FACE_OUTER_BOUND('',#8994,.F.);
#8996=ADVANCED_FACE('',(#8995),#8988,.F.);
#8997=CARTESIAN_POINT('',(-1.805E0,1.02E1,1.7E0));
#8998=DIRECTION('',(-1.E0,0.E0,0.E0));
#8999=DIRECTION('',(0.E0,-1.E0,0.E0));
#9000=AXIS2_PLACEMENT_3D('',#8997,#8998,#8999);
#9001=PLANE('',#9000);
#9002=ORIENTED_EDGE('',*,*,#8750,.T.);
#9004=ORIENTED_EDGE('',*,*,#9003,.F.);
#9006=ORIENTED_EDGE('',*,*,#9005,.T.);
#9008=ORIENTED_EDGE('',*,*,#9007,.F.);
#9009=ORIENTED_EDGE('',*,*,#8585,.T.);
#9010=ORIENTED_EDGE('',*,*,#8989,.F.);
#9011=ORIENTED_EDGE('',*,*,#7268,.F.);
#9012=EDGE_LOOP('',(#9002,#9004,#9006,#9008,#9009,#9010,#9011));
#9013=FACE_OUTER_BOUND('',#9012,.F.);
#9014=ADVANCED_FACE('',(#9013),#9001,.F.);
#9015=CARTESIAN_POINT('',(-2.04E0,8.090892258791E0,1.465E0));
#9016=DIRECTION('',(0.E0,-1.E0,0.E0));
#9017=DIRECTION('',(-1.E0,0.E0,0.E0));
#9018=AXIS2_PLACEMENT_3D('',#9015,#9016,#9017);
#9019=CYLINDRICAL_SURFACE('',#9018,2.35E-1);
#9020=ORIENTED_EDGE('',*,*,#8748,.F.);
#9022=ORIENTED_EDGE('',*,*,#9021,.T.);
#9024=ORIENTED_EDGE('',*,*,#9023,.F.);
#9025=ORIENTED_EDGE('',*,*,#9003,.T.);
#9026=EDGE_LOOP('',(#9020,#9022,#9024,#9025));
#9027=FACE_OUTER_BOUND('',#9026,.F.);
#9028=ADVANCED_FACE('',(#9027),#9019,.T.);
#9029=CARTESIAN_POINT('',(-2.275E0,3.7E0,1.7E0));
#9030=DIRECTION('',(1.E0,0.E0,0.E0));
#9031=DIRECTION('',(0.E0,1.E0,0.E0));
#9032=AXIS2_PLACEMENT_3D('',#9029,#9030,#9031);
#9033=PLANE('',#9032);
#9034=ORIENTED_EDGE('',*,*,#8746,.F.);
#9035=ORIENTED_EDGE('',*,*,#7282,.F.);
#9037=ORIENTED_EDGE('',*,*,#9036,.T.);
#9038=ORIENTED_EDGE('',*,*,#8589,.T.);
#9040=ORIENTED_EDGE('',*,*,#9039,.F.);
#9042=ORIENTED_EDGE('',*,*,#9041,.T.);
#9043=ORIENTED_EDGE('',*,*,#9021,.F.);
#9044=EDGE_LOOP('',(#9034,#9035,#9037,#9038,#9040,#9042,#9043));
#9045=FACE_OUTER_BOUND('',#9044,.F.);
#9046=ADVANCED_FACE('',(#9045),#9033,.F.);
#9047=CARTESIAN_POINT('',(-2.275E0,1.02E1,1.7E0));
#9048=DIRECTION('',(0.E0,1.E0,0.E0));
#9049=DIRECTION('',(-1.E0,0.E0,0.E0));
#9050=AXIS2_PLACEMENT_3D('',#9047,#9048,#9049);
#9051=PLANE('',#9050);
#9053=ORIENTED_EDGE('',*,*,#9052,.T.);
#9054=ORIENTED_EDGE('',*,*,#8591,.T.);
#9055=ORIENTED_EDGE('',*,*,#9036,.F.);
#9056=ORIENTED_EDGE('',*,*,#7280,.F.);
#9057=EDGE_LOOP('',(#9053,#9054,#9055,#9056));
#9058=FACE_OUTER_BOUND('',#9057,.F.);
#9059=ADVANCED_FACE('',(#9058),#9051,.F.);
#9060=CARTESIAN_POINT('',(-2.825E0,1.02E1,1.7E0));
#9061=DIRECTION('',(-1.E0,0.E0,0.E0));
#9062=DIRECTION('',(0.E0,-1.E0,0.E0));
#9063=AXIS2_PLACEMENT_3D('',#9060,#9061,#9062);
#9064=PLANE('',#9063);
#9065=ORIENTED_EDGE('',*,*,#8743,.T.);
#9067=ORIENTED_EDGE('',*,*,#9066,.F.);
#9069=ORIENTED_EDGE('',*,*,#9068,.T.);
#9071=ORIENTED_EDGE('',*,*,#9070,.F.);
#9072=ORIENTED_EDGE('',*,*,#8593,.T.);
#9073=ORIENTED_EDGE('',*,*,#9052,.F.);
#9074=ORIENTED_EDGE('',*,*,#7278,.F.);
#9075=EDGE_LOOP('',(#9065,#9067,#9069,#9071,#9072,#9073,#9074));
#9076=FACE_OUTER_BOUND('',#9075,.F.);
#9077=ADVANCED_FACE('',(#9076),#9064,.F.);
#9078=CARTESIAN_POINT('',(-3.0575E0,8.090892258791E0,1.4675E0));
#9079=DIRECTION('',(0.E0,-1.E0,0.E0));
#9080=DIRECTION('',(-1.E0,0.E0,0.E0));
#9081=AXIS2_PLACEMENT_3D('',#9078,#9079,#9080);
#9082=CYLINDRICAL_SURFACE('',#9081,2.325E-1);
#9083=ORIENTED_EDGE('',*,*,#8741,.F.);
#9085=ORIENTED_EDGE('',*,*,#9084,.T.);
#9087=ORIENTED_EDGE('',*,*,#9086,.F.);
#9088=ORIENTED_EDGE('',*,*,#9066,.T.);
#9089=EDGE_LOOP('',(#9083,#9085,#9087,#9088));
#9090=FACE_OUTER_BOUND('',#9089,.F.);
#9091=ADVANCED_FACE('',(#9090),#9082,.T.);
#9092=CARTESIAN_POINT('',(-3.29E0,8.33E0,1.E0));
#9093=DIRECTION('',(-1.E0,0.E0,0.E0));
#9094=DIRECTION('',(0.E0,-1.E0,0.E0));
#9095=AXIS2_PLACEMENT_3D('',#9092,#9093,#9094);
#9096=PLANE('',#9095);
#9097=ORIENTED_EDGE('',*,*,#8739,.T.);
#9098=ORIENTED_EDGE('',*,*,#8597,.F.);
#9100=ORIENTED_EDGE('',*,*,#9099,.F.);
#9102=ORIENTED_EDGE('',*,*,#9101,.T.);
#9103=ORIENTED_EDGE('',*,*,#9084,.F.);
#9104=EDGE_LOOP('',(#9097,#9098,#9100,#9102,#9103));
#9105=FACE_OUTER_BOUND('',#9104,.F.);
#9106=ADVANCED_FACE('',(#9105),#9096,.T.);
#9107=CARTESIAN_POINT('',(-3.0575E0,8.0975E0,-3.998101587086E-2));
#9108=DIRECTION('',(0.E0,0.E0,1.E0));
#9109=DIRECTION('',(-1.E0,0.E0,0.E0));
#9110=AXIS2_PLACEMENT_3D('',#9107,#9108,#9109);
#9111=CYLINDRICAL_SURFACE('',#9110,2.325E-1);
#9112=ORIENTED_EDGE('',*,*,#8595,.F.);
#9113=ORIENTED_EDGE('',*,*,#9070,.T.);
#9115=ORIENTED_EDGE('',*,*,#9114,.F.);
#9116=ORIENTED_EDGE('',*,*,#9099,.T.);
#9117=EDGE_LOOP('',(#9112,#9113,#9115,#9116));
#9118=FACE_OUTER_BOUND('',#9117,.F.);
#9119=ADVANCED_FACE('',(#9118),#9111,.T.);
#9120=CARTESIAN_POINT('',(-2.827157028740E0,8.013738959966E0,1.432009531676E0));
#9121=CARTESIAN_POINT('',(-2.806581766499E0,7.945804193226E0,1.565737759598E0));
#9122=CARTESIAN_POINT('',(-2.906095997453E0,7.894126966248E0,1.667463346058E0));
#9123=CARTESIAN_POINT('',(-3.057495181340E0,7.894125545087E0,1.667466143586E0));
#9124=CARTESIAN_POINT('',(-3.208894365226E0,7.894124123926E0,1.667468941114E0));
#9125=CARTESIAN_POINT('',(-3.308413325604E0,7.945799482609E0,1.565747032355E0));
#9126=CARTESIAN_POINT('',(-3.287844280782E0,8.013734635564E0,1.432018044176E0));
#9127=CARTESIAN_POINT('',(-2.827157028740E0,8.051282802422E0,1.451082035810E0));
#9128=CARTESIAN_POINT('',(-2.806581766498E0,8.140197300827E0,1.664490660357E0));
#9129=CARTESIAN_POINT('',(-2.906095997453E0,8.207833578041E0,1.826828244764E0));
#9130=CARTESIAN_POINT('',(-3.057495181339E0,8.207835438089E0,1.826832709167E0));
#9131=CARTESIAN_POINT('',(-3.208894365225E0,8.207837298136E0,1.826837173570E0));
#9132=CARTESIAN_POINT('',(-3.308413325604E0,8.140203466187E0,1.664505458179E0));
#9133=CARTESIAN_POINT('',(-3.287844280782E0,8.051288462295E0,1.451095620383E0));
#9134=CARTESIAN_POINT('',(-2.827157028740E0,8.081068756576E0,1.421314646682E0));
#9135=CARTESIAN_POINT('',(-2.806581766498E0,8.294421903637E0,1.510362182848E0));
#9136=CARTESIAN_POINT('',(-2.906095997453E0,8.456717286932E0,1.578099660418E0));
#9137=CARTESIAN_POINT('',(-3.057495181339E0,8.456721750174E0,1.578101523248E0));
#9138=CARTESIAN_POINT('',(-3.208894365225E0,8.456726213416E0,1.578103386078E0));
#9139=CARTESIAN_POINT('',(-3.308413325603E0,8.294436697612E0,1.510368357432E0));
#9140=CARTESIAN_POINT('',(-3.287844280782E0,8.081082337619E0,1.421320315023E0));
#9141=CARTESIAN_POINT('',(-2.827157028740E0,8.062019663814E0,1.383758920284E0));
#9142=CARTESIAN_POINT('',(-2.806581766499E0,8.195790221405E0,1.315907543018E0));
#9143=CARTESIAN_POINT('',(-2.906095997453E0,8.297548007577E0,1.264293749492E0));
#9144=CARTESIAN_POINT('',(-3.057495181339E0,8.297550805991E0,1.264292330075E0));
#9145=CARTESIAN_POINT('',(-3.208894365226E0,8.297553604405E0,1.264290910658E0));
#9146=CARTESIAN_POINT('',(-3.308413325604E0,8.195799497098E0,1.315902838182E0));
#9147=CARTESIAN_POINT('',(-3.287844280782E0,8.062028179009E0,1.383754601190E0));
#9148=(BOUNDED_SURFACE()B_SPLINE_SURFACE(3,3,((#9120,#9121,#9122,#9123,#9124,
#9125,#9126),(#9127,#9128,#9129,#9130,#9131,#9132,#9133),(#9134,#9135,#9136,
#9137,#9138,#9139,#9140),(#9141,#9142,#9143,#9144,#9145,#9146,#9147)),
.UNSPECIFIED.,.F.,.F.,.F.)B_SPLINE_SURFACE_WITH_KNOTS((4,4),(4,3,4),(0.E0,1.E0),
(0.E0,1.E0,2.E0),.UNSPECIFIED.)GEOMETRIC_REPRESENTATION_ITEM()RATIONAL_B_SPLINE_SURFACE(((1.841753381848E0,1.420989632839E0,1.420989632839E0,1.841753381848E0,
1.420989632839E0,1.420989632839E0,1.841753381848E0),(9.951127650297E-1,
7.677710471717E-1,7.677710471717E-1,9.951127650297E-1,7.677710471717E-1,
7.677710471717E-1,9.951127650297E-1),(9.951127650297E-1,7.677710471717E-1,
7.677710471717E-1,9.951127650297E-1,7.677710471717E-1,7.677710471717E-1,
9.951127650297E-1),(1.841753381848E0,1.420989632839E0,1.420989632839E0,
1.841753381848E0,1.420989632839E0,1.420989632839E0,1.841753381848E0)))REPRESENTATION_ITEM('')SURFACE());
#9149=ORIENTED_EDGE('',*,*,#9101,.F.);
#9150=ORIENTED_EDGE('',*,*,#9114,.T.);
#9151=ORIENTED_EDGE('',*,*,#9068,.F.);
#9152=ORIENTED_EDGE('',*,*,#9086,.T.);
#9153=EDGE_LOOP('',(#9149,#9150,#9151,#9152));
#9154=FACE_OUTER_BOUND('',#9153,.F.);
#9155=ADVANCED_FACE('',(#9154),#9148,.T.);
#9156=CARTESIAN_POINT('',(-2.04E0,8.095E0,-3.998101587086E-2));
#9157=DIRECTION('',(0.E0,0.E0,1.E0));
#9158=DIRECTION('',(-1.E0,0.E0,0.E0));
#9159=AXIS2_PLACEMENT_3D('',#9156,#9157,#9158);
#9160=CYLINDRICAL_SURFACE('',#9159,2.35E-1);
#9161=ORIENTED_EDGE('',*,*,#8587,.F.);
#9162=ORIENTED_EDGE('',*,*,#9007,.T.);
#9164=ORIENTED_EDGE('',*,*,#9163,.F.);
#9165=ORIENTED_EDGE('',*,*,#9039,.T.);
#9166=EDGE_LOOP('',(#9161,#9162,#9164,#9165));
#9167=FACE_OUTER_BOUND('',#9166,.F.);
#9168=ADVANCED_FACE('',(#9167),#9160,.T.);
#9169=CARTESIAN_POINT('',(-1.807134077741E0,8.014335685272E0,1.429500732180E0));
#9170=CARTESIAN_POINT('',(-1.786580577425E0,7.943300976101E0,1.563280981567E0));
#9171=CARTESIAN_POINT('',(-1.887137244364E0,7.889310600368E0,1.664961498239E0));
#9172=CARTESIAN_POINT('',(-2.039995124103E0,7.889309112997E0,1.664964299416E0));
#9173=CARTESIAN_POINT('',(-2.192853003843E0,7.889307625627E0,1.664967100593E0));
#9174=CARTESIAN_POINT('',(-2.293414448059E0,7.943296044398E0,1.563290269485E0));
#9175=CARTESIAN_POINT('',(-2.272867233299E0,8.014331153496E0,1.429509266912E0));
#9176=CARTESIAN_POINT('',(-1.807134077741E0,8.049891675084E0,1.448380270880E0));
#9177=CARTESIAN_POINT('',(-1.786580577425E0,8.140096665157E0,1.667775662974E0));
#9178=CARTESIAN_POINT('',(-1.887137244364E0,8.208657532991E0,1.834528505234E0));
#9179=CARTESIAN_POINT('',(-2.039995124103E0,8.208659421761E0,1.834533099076E0));
#9180=CARTESIAN_POINT('',(-2.192853003842E0,8.208661310531E0,1.834537692918E0));
#9181=CARTESIAN_POINT('',(-2.293414448058E0,8.140102927789E0,1.667790894865E0));
#9182=CARTESIAN_POINT('',(-2.272867233299E0,8.049897429860E0,1.448394267570E0));
#9183=CARTESIAN_POINT('',(-1.807134077741E0,8.078367294491E0,1.419923206863E0));
#9184=CARTESIAN_POINT('',(-1.786580577425E0,8.297703841109E0,1.510271187603E0));
#9185=CARTESIAN_POINT('',(-1.887137244364E0,8.464411957497E0,1.578940736389E0));
#9186=CARTESIAN_POINT('',(-2.039995124103E0,8.464416550106E0,1.578942628153E0));
#9187=CARTESIAN_POINT('',(-2.192853003843E0,8.464421142716E0,1.578944519917E0));
#9188=CARTESIAN_POINT('',(-2.293414448058E0,8.297719068915E0,1.510277460163E0));
#9189=CARTESIAN_POINT('',(-2.272867233299E0,8.078381287427E0,1.419928970762E0));
#9190=CARTESIAN_POINT('',(-1.807134077741E0,8.059510936478E0,1.384354918241E0));
#9191=CARTESIAN_POINT('',(-1.786580577425E0,8.193337460431E0,1.313407426953E0));
#9192=CARTESIAN_POINT('',(-1.887137244364E0,8.295053148375E0,1.259483341718E0));
#9193=CARTESIAN_POINT('',(-2.039995124104E0,8.295055950521E0,1.259481856174E0));
#9194=CARTESIAN_POINT('',(-2.192853003843E0,8.295058752667E0,1.259480370630E0));
#9195=CARTESIAN_POINT('',(-2.293414448059E0,8.193346751560E0,1.313402501305E0));
#9196=CARTESIAN_POINT('',(-2.272867233299E0,8.059519474162E0,1.384350392029E0));
#9197=(BOUNDED_SURFACE()B_SPLINE_SURFACE(3,3,((#9169,#9170,#9171,#9172,#9173,
#9174,#9175),(#9176,#9177,#9178,#9179,#9180,#9181,#9182),(#9183,#9184,#9185,
#9186,#9187,#9188,#9189),(#9190,#9191,#9192,#9193,#9194,#9195,#9196)),
.UNSPECIFIED.,.F.,.F.,.F.)B_SPLINE_SURFACE_WITH_KNOTS((4,4),(4,3,4),(0.E0,1.E0),
(0.E0,1.E0,2.E0),.UNSPECIFIED.)GEOMETRIC_REPRESENTATION_ITEM()RATIONAL_B_SPLINE_SURFACE(((1.865681385915E0,1.440131662167E0,1.440131662167E0,1.865681385915E0,
1.440131662167E0,1.440131662167E0,1.865681385915E0),(9.866057003124E-1,
7.615673918497E-1,7.615673918497E-1,9.866057003124E-1,7.615673918497E-1,
7.615673918497E-1,9.866057003124E-1),(9.866057003124E-1,7.615673918497E-1,
7.615673918497E-1,9.866057003124E-1,7.615673918497E-1,7.615673918497E-1,
9.866057003124E-1),(1.865681385915E0,1.440131662167E0,1.440131662167E0,
1.865681385915E0,1.440131662167E0,1.440131662167E0,1.865681385915E0)))REPRESENTATION_ITEM('')SURFACE());
#9198=ORIENTED_EDGE('',*,*,#9041,.F.);
#9199=ORIENTED_EDGE('',*,*,#9163,.T.);
#9200=ORIENTED_EDGE('',*,*,#9005,.F.);
#9201=ORIENTED_EDGE('',*,*,#9023,.T.);
#9202=EDGE_LOOP('',(#9198,#9199,#9200,#9201));
#9203=FACE_OUTER_BOUND('',#9202,.F.);
#9204=ADVANCED_FACE('',(#9203),#9197,.T.);
#9205=CARTESIAN_POINT('',(-1.02E0,8.095E0,1.743084224252E0));
#9206=DIRECTION('',(0.E0,0.E0,-1.E0));
#9207=DIRECTION('',(1.E0,0.E0,0.E0));
#9208=AXIS2_PLACEMENT_3D('',#9205,#9206,#9207);
#9209=CYLINDRICAL_SURFACE('',#9208,2.35E-1);
#9210=ORIENTED_EDGE('',*,*,#8943,.T.);
#9212=ORIENTED_EDGE('',*,*,#9211,.F.);
#9213=ORIENTED_EDGE('',*,*,#8977,.T.);
#9214=ORIENTED_EDGE('',*,*,#8579,.F.);
#9215=EDGE_LOOP('',(#9210,#9212,#9213,#9214));
#9216=FACE_OUTER_BOUND('',#9215,.F.);
#9217=ADVANCED_FACE('',(#9216),#9209,.T.);
#9218=CARTESIAN_POINT('',(-7.871327662382E-1,8.014350182767E0,
1.429519367262E0));
#9219=CARTESIAN_POINT('',(-7.665855269993E-1,7.943401258602E0,
1.563346319874E0));
#9220=CARTESIAN_POINT('',(-8.671472017103E-1,7.889478383443E0,
1.665057996882E0));
#9221=CARTESIAN_POINT('',(-1.020005280051E0,7.889479992145E0,1.665054962478E0));
#9222=CARTESIAN_POINT('',(-1.172863358392E0,7.889481600847E0,1.665051928074E0));
#9223=CARTESIAN_POINT('',(-1.273419859836E0,7.943406592605E0,1.563336258646E0));
#9224=CARTESIAN_POINT('',(-1.252865814033E0,8.014355084213E0,1.429510121940E0));
#9225=CARTESIAN_POINT('',(-7.871327662382E-1,8.049921212819E0,
1.448377499083E0));
#9226=CARTESIAN_POINT('',(-7.665855269994E-1,8.140234639266E0,
1.667698367986E0));
#9227=CARTESIAN_POINT('',(-8.671472017104E-1,8.208874998184E0,
1.834387461204E0));
#9228=CARTESIAN_POINT('',(-1.020005280052E0,8.208872950409E0,1.834382488304E0));
#9229=CARTESIAN_POINT('',(-1.172863358393E0,8.208870902635E0,1.834377515403E0));
#9230=CARTESIAN_POINT('',(-1.273419859836E0,8.140227849422E0,1.667681879250E0));
#9231=CARTESIAN_POINT('',(-1.252865814033E0,8.049914973592E0,1.448362347486E0));
#9232=CARTESIAN_POINT('',(-7.871327662382E-1,8.078384704794E0,
1.419903705177E0));
#9233=CARTESIAN_POINT('',(-7.665855269997E-1,8.297738241005E0,
1.510137760194E0));
#9234=CARTESIAN_POINT('',(-8.671472017110E-1,8.464452162155E0,
1.578717794931E0));
#9235=CARTESIAN_POINT('',(-1.020005280052E0,8.464447188514E0,1.578715748956E0));
#9236=CARTESIAN_POINT('',(-1.172863358393E0,8.464442214873E0,1.578713702982E0));
#9237=CARTESIAN_POINT('',(-1.273419859836E0,8.297721749811E0,1.510130976318E0));
#9238=CARTESIAN_POINT('',(-1.252865814034E0,8.078369550939E0,1.419897471434E0));
#9239=CARTESIAN_POINT('',(-7.871327662382E-1,8.059513702139E0,
1.384339501635E0));
#9240=CARTESIAN_POINT('',(-7.665855269998E-1,8.193314971742E0,
1.313342154233E0));
#9241=CARTESIAN_POINT('',(-8.671472017111E-1,8.295007129051E0,
1.259382476258E0));
#9242=CARTESIAN_POINT('',(-1.020005280052E0,8.295004095229E0,1.259384086059E0));
#9243=CARTESIAN_POINT('',(-1.172863358393E0,8.295001061407E0,1.259385695859E0));
#9244=CARTESIAN_POINT('',(-1.273419859836E0,8.193304912444E0,1.313347491877E0));
#9245=CARTESIAN_POINT('',(-1.252865814034E0,8.059504458590E0,1.384344406427E0));
#9246=(BOUNDED_SURFACE()B_SPLINE_SURFACE(3,3,((#9218,#9219,#9220,#9221,#9222,
#9223,#9224),(#9225,#9226,#9227,#9228,#9229,#9230,#9231),(#9232,#9233,#9234,
#9235,#9236,#9237,#9238),(#9239,#9240,#9241,#9242,#9243,#9244,#9245)),
.UNSPECIFIED.,.F.,.F.,.F.)B_SPLINE_SURFACE_WITH_KNOTS((4,4),(4,3,4),(0.E0,1.E0),
(0.E0,1.E0,2.E0),.UNSPECIFIED.)GEOMETRIC_REPRESENTATION_ITEM()RATIONAL_B_SPLINE_SURFACE(((1.865491864193E0,1.439984570535E0,1.439984570535E0,1.865491864193E0,
1.439984570535E0,1.439984570535E0,1.865491864193E0),(9.866694972183E-1,
7.616162147275E-1,7.616162147275E-1,9.866694972183E-1,7.616162147275E-1,
7.616162147275E-1,9.866694972183E-1),(9.866694972183E-1,7.616162147275E-1,
7.616162147275E-1,9.866694972183E-1,7.616162147275E-1,7.616162147275E-1,
9.866694972183E-1),(1.865491864193E0,1.439984570535E0,1.439984570535E0,
1.865491864193E0,1.439984570535E0,1.439984570535E0,1.865491864193E0)))REPRESENTATION_ITEM('')SURFACE());
#9247=ORIENTED_EDGE('',*,*,#8941,.F.);
#9248=ORIENTED_EDGE('',*,*,#8961,.T.);
#9249=ORIENTED_EDGE('',*,*,#8979,.F.);
#9250=ORIENTED_EDGE('',*,*,#9211,.T.);
#9251=EDGE_LOOP('',(#9247,#9248,#9249,#9250));
#9252=FACE_OUTER_BOUND('',#9251,.F.);
#9253=ADVANCED_FACE('',(#9252),#9246,.T.);
#9254=CARTESIAN_POINT('',(0.E0,8.095E0,1.743084224252E0));
#9255=DIRECTION('',(0.E0,0.E0,-1.E0));
#9256=DIRECTION('',(1.E0,0.E0,0.E0));
#9257=AXIS2_PLACEMENT_3D('',#9254,#9255,#9256);
#9258=CYLINDRICAL_SURFACE('',#9257,2.35E-1);
#9259=ORIENTED_EDGE('',*,*,#8880,.T.);
#9261=ORIENTED_EDGE('',*,*,#9260,.F.);
#9262=ORIENTED_EDGE('',*,*,#8914,.T.);
#9263=ORIENTED_EDGE('',*,*,#8571,.F.);
#9264=EDGE_LOOP('',(#9259,#9261,#9262,#9263));
#9265=FACE_OUTER_BOUND('',#9264,.F.);
#9266=ADVANCED_FACE('',(#9265),#9258,.T.);
#9267=CARTESIAN_POINT('',(2.328672337618E-1,8.014350182767E0,1.429519367262E0));
#9268=CARTESIAN_POINT('',(2.534144730006E-1,7.943401258602E0,1.563346319874E0));
#9269=CARTESIAN_POINT('',(1.528527982896E-1,7.889478383443E0,1.665057996882E0));
#9270=CARTESIAN_POINT('',(-5.280051474986E-6,7.889479992145E0,
1.665054962478E0));
#9271=CARTESIAN_POINT('',(-1.528633583926E-1,7.889481600847E0,
1.665051928074E0));
#9272=CARTESIAN_POINT('',(-2.534198598358E-1,7.943406592605E0,
1.563336258646E0));
#9273=CARTESIAN_POINT('',(-2.328658140337E-1,8.014355084213E0,
1.429510121940E0));
#9274=CARTESIAN_POINT('',(2.328672337618E-1,8.049921212819E0,1.448377499083E0));
#9275=CARTESIAN_POINT('',(2.534144730005E-1,8.140234639266E0,1.667698367986E0));
#9276=CARTESIAN_POINT('',(1.528527982895E-1,8.208874998184E0,1.834387461204E0));
#9277=CARTESIAN_POINT('',(-5.280051638182E-6,8.208872950409E0,
1.834382488304E0));
#9278=CARTESIAN_POINT('',(-1.528633583927E-1,8.208870902635E0,
1.834377515403E0));
#9279=CARTESIAN_POINT('',(-2.534198598359E-1,8.140227849422E0,
1.667681879250E0));
#9280=CARTESIAN_POINT('',(-2.328658140337E-1,8.049914973592E0,
1.448362347486E0));
#9281=CARTESIAN_POINT('',(2.328672337618E-1,8.078384704794E0,1.419903705177E0));
#9282=CARTESIAN_POINT('',(2.534144730002E-1,8.297738241005E0,1.510137760194E0));
#9283=CARTESIAN_POINT('',(1.528527982889E-1,8.464452162155E0,1.578717794931E0));
#9284=CARTESIAN_POINT('',(-5.280052171603E-6,8.464447188514E0,
1.578715748956E0));
#9285=CARTESIAN_POINT('',(-1.528633583933E-1,8.464442214873E0,
1.578713702982E0));
#9286=CARTESIAN_POINT('',(-2.534198598362E-1,8.297721749811E0,
1.510130976318E0));
#9287=CARTESIAN_POINT('',(-2.328658140337E-1,8.078369550939E0,
1.419897471434E0));
#9288=CARTESIAN_POINT('',(2.328672337618E-1,8.059513702139E0,1.384339501635E0));
#9289=CARTESIAN_POINT('',(2.534144730001E-1,8.193314971742E0,1.313342154233E0));
#9290=CARTESIAN_POINT('',(1.528527982888E-1,8.295007129051E0,1.259382476258E0));
#9291=CARTESIAN_POINT('',(-5.280052321374E-6,8.295004095229E0,
1.259384086059E0));
#9292=CARTESIAN_POINT('',(-1.528633583934E-1,8.295001061407E0,
1.259385695859E0));
#9293=CARTESIAN_POINT('',(-2.534198598363E-1,8.193304912444E0,
1.313347491877E0));
#9294=CARTESIAN_POINT('',(-2.328658140338E-1,8.059504458590E0,
1.384344406427E0));
#9295=(BOUNDED_SURFACE()B_SPLINE_SURFACE(3,3,((#9267,#9268,#9269,#9270,#9271,
#9272,#9273),(#9274,#9275,#9276,#9277,#9278,#9279,#9280),(#9281,#9282,#9283,
#9284,#9285,#9286,#9287),(#9288,#9289,#9290,#9291,#9292,#9293,#9294)),
.UNSPECIFIED.,.F.,.F.,.F.)B_SPLINE_SURFACE_WITH_KNOTS((4,4),(4,3,4),(0.E0,1.E0),
(0.E0,1.E0,2.E0),.UNSPECIFIED.)GEOMETRIC_REPRESENTATION_ITEM()RATIONAL_B_SPLINE_SURFACE(((1.865491864193E0,1.439984570535E0,1.439984570535E0,1.865491864193E0,
1.439984570535E0,1.439984570535E0,1.865491864193E0),(9.866694972182E-1,
7.616162147275E-1,7.616162147275E-1,9.866694972182E-1,7.616162147275E-1,
7.616162147275E-1,9.866694972182E-1),(9.866694972182E-1,7.616162147275E-1,
7.616162147275E-1,9.866694972182E-1,7.616162147275E-1,7.616162147275E-1,
9.866694972182E-1),(1.865491864193E0,1.439984570535E0,1.439984570535E0,
1.865491864193E0,1.439984570535E0,1.439984570535E0,1.865491864193E0)))REPRESENTATION_ITEM('')SURFACE());
#9296=ORIENTED_EDGE('',*,*,#8878,.F.);
#9297=ORIENTED_EDGE('',*,*,#8898,.T.);
#9298=ORIENTED_EDGE('',*,*,#8916,.F.);
#9299=ORIENTED_EDGE('',*,*,#9260,.T.);
#9300=EDGE_LOOP('',(#9296,#9297,#9298,#9299));
#9301=FACE_OUTER_BOUND('',#9300,.F.);
#9302=ADVANCED_FACE('',(#9301),#9295,.T.);
#9303=CARTESIAN_POINT('',(1.02E0,8.095E0,1.743084224252E0));
#9304=DIRECTION('',(0.E0,0.E0,-1.E0));
#9305=DIRECTION('',(1.E0,0.E0,0.E0));
#9306=AXIS2_PLACEMENT_3D('',#9303,#9304,#9305);
#9307=CYLINDRICAL_SURFACE('',#9306,2.35E-1);
#9308=ORIENTED_EDGE('',*,*,#8817,.T.);
#9310=ORIENTED_EDGE('',*,*,#9309,.F.);
#9311=ORIENTED_EDGE('',*,*,#8851,.T.);
#9312=ORIENTED_EDGE('',*,*,#8563,.F.);
#9313=EDGE_LOOP('',(#9308,#9310,#9311,#9312));
#9314=FACE_OUTER_BOUND('',#9313,.F.);
#9315=ADVANCED_FACE('',(#9314),#9307,.T.);
#9316=CARTESIAN_POINT('',(1.252867233762E0,8.014350182767E0,1.429519367262E0));
#9317=CARTESIAN_POINT('',(1.273414473001E0,7.943401258603E0,1.563346319874E0));
#9318=CARTESIAN_POINT('',(1.172852798290E0,7.889478383443E0,1.665057996882E0));
#9319=CARTESIAN_POINT('',(1.019994719949E0,7.889479992145E0,1.665054962478E0));
#9320=CARTESIAN_POINT('',(8.671366416075E-1,7.889481600847E0,1.665051928074E0));
#9321=CARTESIAN_POINT('',(7.665801401643E-1,7.943406592605E0,1.563336258646E0));
#9322=CARTESIAN_POINT('',(7.871341859663E-1,8.014355084213E0,1.429510121940E0));
#9323=CARTESIAN_POINT('',(1.252867233762E0,8.049921212819E0,1.448377499083E0));
#9324=CARTESIAN_POINT('',(1.273414473001E0,8.140234639266E0,1.667698367986E0));
#9325=CARTESIAN_POINT('',(1.172852798290E0,8.208874998184E0,1.834387461204E0));
#9326=CARTESIAN_POINT('',(1.019994719948E0,8.208872950409E0,1.834382488303E0));
#9327=CARTESIAN_POINT('',(8.671366416073E-1,8.208870902635E0,1.834377515403E0));
#9328=CARTESIAN_POINT('',(7.665801401642E-1,8.140227849422E0,1.667681879250E0));
#9329=CARTESIAN_POINT('',(7.871341859663E-1,8.049914973592E0,1.448362347486E0));
#9330=CARTESIAN_POINT('',(1.252867233762E0,8.078384704794E0,1.419903705177E0));
#9331=CARTESIAN_POINT('',(1.273414473E0,8.297738241005E0,1.510137760194E0));
#9332=CARTESIAN_POINT('',(1.172852798289E0,8.464452162155E0,1.578717794931E0));
#9333=CARTESIAN_POINT('',(1.019994719948E0,8.464447188514E0,1.578715748956E0));
#9334=CARTESIAN_POINT('',(8.671366416068E-1,8.464442214873E0,1.578713702982E0));
#9335=CARTESIAN_POINT('',(7.665801401639E-1,8.297721749811E0,1.510130976318E0));
#9336=CARTESIAN_POINT('',(7.871341859663E-1,8.078369550939E0,1.419897471434E0));
#9337=CARTESIAN_POINT('',(1.252867233762E0,8.059513702139E0,1.384339501635E0));
#9338=CARTESIAN_POINT('',(1.273414473E0,8.193314971743E0,1.313342154233E0));
#9339=CARTESIAN_POINT('',(1.172852798289E0,8.295007129051E0,1.259382476259E0));
#9340=CARTESIAN_POINT('',(1.019994719948E0,8.295004095229E0,1.259384086059E0));
#9341=CARTESIAN_POINT('',(8.671366416066E-1,8.295001061407E0,1.259385695859E0));
#9342=CARTESIAN_POINT('',(7.665801401638E-1,8.193304912444E0,1.313347491877E0));
#9343=CARTESIAN_POINT('',(7.871341859662E-1,8.059504458590E0,1.384344406427E0));
#9344=(BOUNDED_SURFACE()B_SPLINE_SURFACE(3,3,((#9316,#9317,#9318,#9319,#9320,
#9321,#9322),(#9323,#9324,#9325,#9326,#9327,#9328,#9329),(#9330,#9331,#9332,
#9333,#9334,#9335,#9336),(#9337,#9338,#9339,#9340,#9341,#9342,#9343)),
.UNSPECIFIED.,.F.,.F.,.F.)B_SPLINE_SURFACE_WITH_KNOTS((4,4),(4,3,4),(0.E0,1.E0),
(0.E0,1.E0,2.E0),.UNSPECIFIED.)GEOMETRIC_REPRESENTATION_ITEM()RATIONAL_B_SPLINE_SURFACE(((1.865491864192E0,1.439984570535E0,1.439984570535E0,1.865491864192E0,
1.439984570535E0,1.439984570535E0,1.865491864192E0),(9.866694972183E-1,
7.616162147277E-1,7.616162147277E-1,9.866694972183E-1,7.616162147277E-1,
7.616162147277E-1,9.866694972183E-1),(9.866694972183E-1,7.616162147277E-1,
7.616162147277E-1,9.866694972183E-1,7.616162147277E-1,7.616162147277E-1,
9.866694972183E-1),(1.865491864192E0,1.439984570535E0,1.439984570535E0,
1.865491864192E0,1.439984570535E0,1.439984570535E0,1.865491864192E0)))REPRESENTATION_ITEM('')SURFACE());
#9345=ORIENTED_EDGE('',*,*,#8815,.F.);
#9346=ORIENTED_EDGE('',*,*,#8835,.T.);
#9347=ORIENTED_EDGE('',*,*,#8853,.F.);
#9348=ORIENTED_EDGE('',*,*,#9309,.T.);
#9349=EDGE_LOOP('',(#9345,#9346,#9347,#9348));
#9350=FACE_OUTER_BOUND('',#9349,.F.);
#9351=ADVANCED_FACE('',(#9350),#9344,.T.);
#9352=CARTESIAN_POINT('',(2.04E0,8.095E0,1.743084224252E0));
#9353=DIRECTION('',(0.E0,0.E0,-1.E0));
#9354=DIRECTION('',(1.E0,0.E0,0.E0));
#9355=AXIS2_PLACEMENT_3D('',#9352,#9353,#9354);
#9356=CYLINDRICAL_SURFACE('',#9355,2.35E-1);
#9357=ORIENTED_EDGE('',*,*,#8634,.T.);
#9359=ORIENTED_EDGE('',*,*,#9358,.F.);
#9360=ORIENTED_EDGE('',*,*,#8788,.T.);
#9361=ORIENTED_EDGE('',*,*,#8555,.F.);
#9362=EDGE_LOOP('',(#9357,#9359,#9360,#9361));
#9363=FACE_OUTER_BOUND('',#9362,.F.);
#9364=ADVANCED_FACE('',(#9363),#9356,.T.);
#9365=CARTESIAN_POINT('',(2.272867233762E0,8.014350182767E0,1.429519367262E0));
#9366=CARTESIAN_POINT('',(2.293414473001E0,7.943401258603E0,1.563346319874E0));
#9367=CARTESIAN_POINT('',(2.192852798290E0,7.889478383443E0,1.665057996882E0));
#9368=CARTESIAN_POINT('',(2.039994719949E0,7.889479992145E0,1.665054962478E0));
#9369=CARTESIAN_POINT('',(1.887136641608E0,7.889481600847E0,1.665051928074E0));
#9370=CARTESIAN_POINT('',(1.786580140164E0,7.943406592605E0,1.563336258646E0));
#9371=CARTESIAN_POINT('',(1.807134185967E0,8.014355084213E0,1.429510121940E0));
#9372=CARTESIAN_POINT('',(2.272867233762E0,8.049921212819E0,1.448377499083E0));
#9373=CARTESIAN_POINT('',(2.293414473001E0,8.140234639266E0,1.667698367986E0));
#9374=CARTESIAN_POINT('',(2.192852798290E0,8.208874998184E0,1.834387461204E0));
#9375=CARTESIAN_POINT('',(2.039994719949E0,8.208872950409E0,1.834382488303E0));
#9376=CARTESIAN_POINT('',(1.887136641607E0,8.208870902635E0,1.834377515403E0));
#9377=CARTESIAN_POINT('',(1.786580140164E0,8.140227849422E0,1.667681879250E0));
#9378=CARTESIAN_POINT('',(1.807134185967E0,8.049914973592E0,1.448362347486E0));
#9379=CARTESIAN_POINT('',(2.272867233762E0,8.078384704794E0,1.419903705177E0));
#9380=CARTESIAN_POINT('',(2.293414473E0,8.297738241005E0,1.510137760194E0));
#9381=CARTESIAN_POINT('',(2.192852798289E0,8.464452162155E0,1.578717794931E0));
#9382=CARTESIAN_POINT('',(2.039994719948E0,8.464447188514E0,1.578715748956E0));
#9383=CARTESIAN_POINT('',(1.887136641607E0,8.464442214873E0,1.578713702982E0));
#9384=CARTESIAN_POINT('',(1.786580140164E0,8.297721749811E0,1.510130976318E0));
#9385=CARTESIAN_POINT('',(1.807134185966E0,8.078369550939E0,1.419897471434E0));
#9386=CARTESIAN_POINT('',(2.272867233762E0,8.059513702139E0,1.384339501635E0));
#9387=CARTESIAN_POINT('',(2.293414473E0,8.193314971743E0,1.313342154233E0));
#9388=CARTESIAN_POINT('',(2.192852798289E0,8.295007129051E0,1.259382476259E0));
#9389=CARTESIAN_POINT('',(2.039994719948E0,8.295004095229E0,1.259384086059E0));
#9390=CARTESIAN_POINT('',(1.887136641607E0,8.295001061407E0,1.259385695859E0));
#9391=CARTESIAN_POINT('',(1.786580140164E0,8.193304912444E0,1.313347491877E0));
#9392=CARTESIAN_POINT('',(1.807134185966E0,8.059504458590E0,1.384344406427E0));
#9393=(BOUNDED_SURFACE()B_SPLINE_SURFACE(3,3,((#9365,#9366,#9367,#9368,#9369,
#9370,#9371),(#9372,#9373,#9374,#9375,#9376,#9377,#9378),(#9379,#9380,#9381,
#9382,#9383,#9384,#9385),(#9386,#9387,#9388,#9389,#9390,#9391,#9392)),
.UNSPECIFIED.,.F.,.F.,.F.)B_SPLINE_SURFACE_WITH_KNOTS((4,4),(4,3,4),(0.E0,1.E0),
(0.E0,1.E0,2.E0),.UNSPECIFIED.)GEOMETRIC_REPRESENTATION_ITEM()RATIONAL_B_SPLINE_SURFACE(((1.865491864192E0,1.439984570534E0,1.439984570534E0,1.865491864192E0,
1.439984570534E0,1.439984570534E0,1.865491864192E0),(9.866694972184E-1,
7.616162147277E-1,7.616162147277E-1,9.866694972184E-1,7.616162147277E-1,
7.616162147277E-1,9.866694972184E-1),(9.866694972184E-1,7.616162147277E-1,
7.616162147277E-1,9.866694972184E-1,7.616162147277E-1,7.616162147277E-1,
9.866694972184E-1),(1.865491864192E0,1.439984570534E0,1.439984570534E0,
1.865491864192E0,1.439984570534E0,1.439984570534E0,1.865491864192E0)))REPRESENTATION_ITEM('')SURFACE());
#9394=ORIENTED_EDGE('',*,*,#8632,.F.);
#9395=ORIENTED_EDGE('',*,*,#8655,.T.);
#9396=ORIENTED_EDGE('',*,*,#8790,.F.);
#9397=ORIENTED_EDGE('',*,*,#9358,.T.);
#9398=EDGE_LOOP('',(#9394,#9395,#9396,#9397));
#9399=FACE_OUTER_BOUND('',#9398,.F.);
#9400=ADVANCED_FACE('',(#9399),#9393,.T.);
#9401=CARTESIAN_POINT('',(2.825E0,3.7E0,1.7E0));
#9402=DIRECTION('',(1.E0,0.E0,0.E0));
#9403=DIRECTION('',(0.E0,1.E0,0.E0));
#9404=AXIS2_PLACEMENT_3D('',#9401,#9402,#9403);
#9405=PLANE('',#9404);
#9407=ORIENTED_EDGE('',*,*,#9406,.F.);
#9408=ORIENTED_EDGE('',*,*,#8670,.F.);
#9409=ORIENTED_EDGE('',*,*,#7252,.F.);
#9411=ORIENTED_EDGE('',*,*,#9410,.T.);
#9412=ORIENTED_EDGE('',*,*,#8618,.T.);
#9414=ORIENTED_EDGE('',*,*,#9413,.F.);
#9416=ORIENTED_EDGE('',*,*,#9415,.T.);
#9417=EDGE_LOOP('',(#9407,#9408,#9409,#9411,#9412,#9414,#9416));
#9418=FACE_OUTER_BOUND('',#9417,.F.);
#9419=ADVANCED_FACE('',(#9418),#9405,.F.);
#9420=CARTESIAN_POINT('',(3.0575E0,3.664725925577E0,1.4675E0));
#9421=DIRECTION('',(0.E0,1.E0,0.E0));
#9422=DIRECTION('',(1.E0,0.E0,0.E0));
#9423=AXIS2_PLACEMENT_3D('',#9420,#9421,#9422);
#9424=CYLINDRICAL_SURFACE('',#9423,2.325E-1);
#9426=ORIENTED_EDGE('',*,*,#9425,.T.);
#9427=ORIENTED_EDGE('',*,*,#8672,.F.);
#9428=ORIENTED_EDGE('',*,*,#9406,.T.);
#9430=ORIENTED_EDGE('',*,*,#9429,.F.);
#9431=EDGE_LOOP('',(#9426,#9427,#9428,#9430));
#9432=FACE_OUTER_BOUND('',#9431,.F.);
#9433=ADVANCED_FACE('',(#9432),#9424,.T.);
#9434=CARTESIAN_POINT('',(3.29E0,3.7E0,1.E0));
#9435=DIRECTION('',(1.E0,0.E0,0.E0));
#9436=DIRECTION('',(0.E0,1.E0,0.E0));
#9437=AXIS2_PLACEMENT_3D('',#9434,#9435,#9436);
#9438=PLANE('',#9437);
#9439=ORIENTED_EDGE('',*,*,#9425,.F.);
#9441=ORIENTED_EDGE('',*,*,#9440,.T.);
#9443=ORIENTED_EDGE('',*,*,#9442,.F.);
#9444=ORIENTED_EDGE('',*,*,#8614,.T.);
#9445=ORIENTED_EDGE('',*,*,#8674,.F.);
#9446=EDGE_LOOP('',(#9439,#9441,#9443,#9444,#9445));
#9447=FACE_OUTER_BOUND('',#9446,.F.);
#9448=ADVANCED_FACE('',(#9447),#9438,.T.);
#9449=CARTESIAN_POINT('',(3.287844281254E0,8.013754399223E0,1.432028080603E0));
#9450=CARTESIAN_POINT('',(3.308413350181E0,7.945901712417E0,1.565799145884E0));
#9451=CARTESIAN_POINT('',(3.208894164700E0,7.894289120828E0,1.667552984733E0));
#9452=CARTESIAN_POINT('',(3.057494786899E0,7.894290656455E0,1.667549957256E0));
#9453=CARTESIAN_POINT('',(2.906095409099E0,7.894292192081E0,1.667546929779E0));
#9454=CARTESIAN_POINT('',(2.806581340187E0,7.945906802442E0,1.565789110936E0));
#9455=CARTESIAN_POINT('',(2.827157135478E0,8.013759071920E0,1.432018868413E0));
#9456=CARTESIAN_POINT('',(3.287844281254E0,8.051312567548E0,1.451078707336E0));
#9457=CARTESIAN_POINT('',(3.308413350180E0,8.140328356538E0,1.664418157123E0));
#9458=CARTESIAN_POINT('',(3.208894164699E0,8.208038800714E0,1.826696209915E0));
#9459=CARTESIAN_POINT('',(3.057494786899E0,8.208036786128E0,1.826691381663E0));
#9460=CARTESIAN_POINT('',(2.906095409099E0,8.208034771542E0,1.826686553412E0));
#9461=CARTESIAN_POINT('',(2.806581340187E0,8.140321678944E0,1.664402153285E0));
#9462=CARTESIAN_POINT('',(2.827157135478E0,8.051306437445E0,1.451064015642E0));
#9463=CARTESIAN_POINT('',(3.287844281254E0,8.081086102347E0,1.421294835654E0));
#9464=CARTESIAN_POINT('',(3.308413350180E0,8.294456438736E0,1.510236564187E0));
#9465=CARTESIAN_POINT('',(3.208894164699E0,8.456757985624E0,1.577890673789E0));
#9466=CARTESIAN_POINT('',(3.057494786899E0,8.456753156674E0,1.577888660879E0));
#9467=CARTESIAN_POINT('',(2.906095409099E0,8.456748327724E0,1.577886647969E0));
#9468=CARTESIAN_POINT('',(2.806581340187E0,8.294440432582E0,1.510229892148E0));
#9469=CARTESIAN_POINT('',(2.827157135478E0,8.081071408527E0,1.421288710651E0));
#9470=CARTESIAN_POINT('',(3.287844281254E0,8.062022439447E0,1.383743282508E0));
#9471=CARTESIAN_POINT('',(3.308413350181E0,8.195769943420E0,1.315844164736E0));
#9472=CARTESIAN_POINT('',(3.208894164699E0,8.297505860205E0,1.264196255128E0));
#9473=CARTESIAN_POINT('',(3.057494786899E0,8.297502833261E0,1.264197791805E0));
#9474=CARTESIAN_POINT('',(2.906095409099E0,8.297499806317E0,1.264199328483E0));
#9475=CARTESIAN_POINT('',(2.806581340187E0,8.195759910238E0,1.315849258244E0));
#9476=CARTESIAN_POINT('',(2.827157135478E0,8.062013228879E0,1.383747958404E0));
#9477=(BOUNDED_SURFACE()B_SPLINE_SURFACE(3,3,((#9449,#9450,#9451,#9452,#9453,
#9454,#9455),(#9456,#9457,#9458,#9459,#9460,#9461,#9462),(#9463,#9464,#9465,
#9466,#9467,#9468,#9469),(#9470,#9471,#9472,#9473,#9474,#9475,#9476)),
.UNSPECIFIED.,.F.,.F.,.F.)B_SPLINE_SURFACE_WITH_KNOTS((4,4),(4,3,4),(0.E0,1.E0),
(0.E0,1.E0,2.E0),.UNSPECIFIED.)GEOMETRIC_REPRESENTATION_ITEM()RATIONAL_B_SPLINE_SURFACE(((1.841577863202E0,1.420853434952E0,1.420853434952E0,1.841577863202E0,
1.420853434952E0,1.420853434952E0,1.841577863202E0),(9.951718864196E-1,
7.678162414094E-1,7.678162414094E-1,9.951718864196E-1,7.678162414094E-1,
7.678162414094E-1,9.951718864196E-1),(9.951718864196E-1,7.678162414094E-1,
7.678162414094E-1,9.951718864196E-1,7.678162414094E-1,7.678162414094E-1,
9.951718864196E-1),(1.841577863202E0,1.420853434952E0,1.420853434952E0,
1.841577863202E0,1.420853434952E0,1.420853434952E0,1.841577863202E0)))REPRESENTATION_ITEM('')SURFACE());
#9478=ORIENTED_EDGE('',*,*,#9440,.F.);
#9479=ORIENTED_EDGE('',*,*,#9429,.T.);
#9480=ORIENTED_EDGE('',*,*,#9415,.F.);
#9482=ORIENTED_EDGE('',*,*,#9481,.T.);
#9483=EDGE_LOOP('',(#9478,#9479,#9480,#9482));
#9484=FACE_OUTER_BOUND('',#9483,.F.);
#9485=ADVANCED_FACE('',(#9484),#9477,.T.);
#9486=CARTESIAN_POINT('',(3.0575E0,8.0975E0,1.743084224252E0));
#9487=DIRECTION('',(0.E0,0.E0,-1.E0));
#9488=DIRECTION('',(1.E0,0.E0,0.E0));
#9489=AXIS2_PLACEMENT_3D('',#9486,#9487,#9488);
#9490=CYLINDRICAL_SURFACE('',#9489,2.325E-1);
#9491=ORIENTED_EDGE('',*,*,#9442,.T.);
#9492=ORIENTED_EDGE('',*,*,#9481,.F.);
#9493=ORIENTED_EDGE('',*,*,#9413,.T.);
#9494=ORIENTED_EDGE('',*,*,#8616,.F.);
#9495=EDGE_LOOP('',(#9491,#9492,#9493,#9494));
#9496=FACE_OUTER_BOUND('',#9495,.F.);
#9497=ADVANCED_FACE('',(#9496),#9490,.T.);
#9498=CARTESIAN_POINT('',(2.825E0,1.02E1,1.7E0));
#9499=DIRECTION('',(0.E0,1.E0,0.E0));
#9500=DIRECTION('',(-1.E0,0.E0,0.E0));
#9501=AXIS2_PLACEMENT_3D('',#9498,#9499,#9500);
#9502=PLANE('',#9501);
#9503=ORIENTED_EDGE('',*,*,#8637,.T.);
#9504=ORIENTED_EDGE('',*,*,#8620,.T.);
#9505=ORIENTED_EDGE('',*,*,#9410,.F.);
#9506=ORIENTED_EDGE('',*,*,#7250,.F.);
#9507=EDGE_LOOP('',(#9503,#9504,#9505,#9506));
#9508=FACE_OUTER_BOUND('',#9507,.F.);
#9509=ADVANCED_FACE('',(#9508),#9502,.F.);
#9510=CARTESIAN_POINT('',(-4.975244151312E0,3.2E0,1.05E1));
#9511=DIRECTION('',(1.E0,0.E0,0.E0));
#9512=DIRECTION('',(0.E0,1.E0,0.E0));
#9513=AXIS2_PLACEMENT_3D('',#9510,#9511,#9512);
#9514=CYLINDRICAL_SURFACE('',#9513,5.E-1);
#9516=ORIENTED_EDGE('',*,*,#9515,.T.);
#9518=ORIENTED_EDGE('',*,*,#9517,.F.);
#9519=ORIENTED_EDGE('',*,*,#8678,.T.);
#9520=ORIENTED_EDGE('',*,*,#8487,.F.);
#9521=EDGE_LOOP('',(#9516,#9518,#9519,#9520));
#9522=FACE_OUTER_BOUND('',#9521,.F.);
#9523=ADVANCED_FACE('',(#9522),#9514,.T.);
#9524=CARTESIAN_POINT('',(0.E0,0.E0,1.1E1));
#9525=DIRECTION('',(0.E0,0.E0,1.E0));
#9526=DIRECTION('',(1.E0,0.E0,0.E0));
#9527=AXIS2_PLACEMENT_3D('',#9524,#9525,#9526);
#9528=PLANE('',#9527);
#9530=ORIENTED_EDGE('',*,*,#9529,.T.);
#9532=ORIENTED_EDGE('',*,*,#9531,.T.);
#9533=ORIENTED_EDGE('',*,*,#9515,.F.);
#9534=ORIENTED_EDGE('',*,*,#8485,.T.);
#9536=ORIENTED_EDGE('',*,*,#9535,.T.);
#9538=ORIENTED_EDGE('',*,*,#9537,.T.);
#9540=ORIENTED_EDGE('',*,*,#9539,.F.);
#9542=ORIENTED_EDGE('',*,*,#9541,.T.);
#9543=EDGE_LOOP('',(#9530,#9532,#9533,#9534,#9536,#9538,#9540,#9542));
#9544=FACE_OUTER_BOUND('',#9543,.F.);
#9545=ADVANCED_FACE('',(#9544),#9528,.T.);
#9546=CARTESIAN_POINT('',(0.E0,1.344E0,1.E1));
#9547=DIRECTION('',(0.E0,9.889363528683E-1,1.483404529302E-1));
#9548=DIRECTION('',(0.E0,1.483404529302E-1,-9.889363528683E-1));
#9549=AXIS2_PLACEMENT_3D('',#9546,#9547,#9548);
#9550=PLANE('',#9549);
#9552=ORIENTED_EDGE('',*,*,#9551,.T.);
#9554=ORIENTED_EDGE('',*,*,#9553,.F.);
#9555=ORIENTED_EDGE('',*,*,#9529,.F.);
#9557=ORIENTED_EDGE('',*,*,#9556,.F.);
#9558=EDGE_LOOP('',(#9552,#9554,#9555,#9557));
#9559=FACE_OUTER_BOUND('',#9558,.F.);
#9560=ADVANCED_FACE('',(#9559),#9550,.T.);
#9561=CARTESIAN_POINT('',(-3.1E0,1.494E0,1.1E1));
#9562=DIRECTION('',(0.E0,-1.E0,0.E0));
#9563=DIRECTION('',(1.E0,0.E0,0.E0));
#9564=AXIS2_PLACEMENT_3D('',#9561,#9562,#9563);
#9565=PLANE('',#9564);
#9567=ORIENTED_EDGE('',*,*,#9566,.T.);
#9569=ORIENTED_EDGE('',*,*,#9568,.F.);
#9571=ORIENTED_EDGE('',*,*,#9570,.T.);
#9573=ORIENTED_EDGE('',*,*,#9572,.F.);
#9575=ORIENTED_EDGE('',*,*,#9574,.T.);
#9577=ORIENTED_EDGE('',*,*,#9576,.T.);
#9579=ORIENTED_EDGE('',*,*,#9578,.T.);
#9581=ORIENTED_EDGE('',*,*,#9580,.T.);
#9583=ORIENTED_EDGE('',*,*,#9582,.T.);
#9585=ORIENTED_EDGE('',*,*,#9584,.T.);
#9587=ORIENTED_EDGE('',*,*,#9586,.T.);
#9589=ORIENTED_EDGE('',*,*,#9588,.T.);
#9591=ORIENTED_EDGE('',*,*,#9590,.F.);
#9593=ORIENTED_EDGE('',*,*,#9592,.T.);
#9595=ORIENTED_EDGE('',*,*,#9594,.F.);
#9597=ORIENTED_EDGE('',*,*,#9596,.T.);
#9599=ORIENTED_EDGE('',*,*,#9598,.T.);
#9601=ORIENTED_EDGE('',*,*,#9600,.T.);
#9603=ORIENTED_EDGE('',*,*,#9602,.F.);
#9605=ORIENTED_EDGE('',*,*,#9604,.T.);
#9607=ORIENTED_EDGE('',*,*,#9606,.F.);
#9609=ORIENTED_EDGE('',*,*,#9608,.T.);
#9611=ORIENTED_EDGE('',*,*,#9610,.T.);
#9613=ORIENTED_EDGE('',*,*,#9612,.T.);
#9615=ORIENTED_EDGE('',*,*,#9614,.T.);
#9617=ORIENTED_EDGE('',*,*,#9616,.T.);
#9619=ORIENTED_EDGE('',*,*,#9618,.T.);
#9621=ORIENTED_EDGE('',*,*,#9620,.T.);
#9623=ORIENTED_EDGE('',*,*,#9622,.T.);
#9625=ORIENTED_EDGE('',*,*,#9624,.F.);
#9627=ORIENTED_EDGE('',*,*,#9626,.T.);
#9629=ORIENTED_EDGE('',*,*,#9628,.F.);
#9631=ORIENTED_EDGE('',*,*,#9630,.T.);
#9633=ORIENTED_EDGE('',*,*,#9632,.T.);
#9635=ORIENTED_EDGE('',*,*,#9634,.T.);
#9637=ORIENTED_EDGE('',*,*,#9636,.F.);
#9639=ORIENTED_EDGE('',*,*,#9638,.T.);
#9641=ORIENTED_EDGE('',*,*,#9640,.F.);
#9643=ORIENTED_EDGE('',*,*,#9642,.T.);
#9645=ORIENTED_EDGE('',*,*,#9644,.T.);
#9647=ORIENTED_EDGE('',*,*,#9646,.T.);
#9649=ORIENTED_EDGE('',*,*,#9648,.T.);
#9651=ORIENTED_EDGE('',*,*,#9650,.T.);
#9653=ORIENTED_EDGE('',*,*,#9652,.T.);
#9655=ORIENTED_EDGE('',*,*,#9654,.T.);
#9657=ORIENTED_EDGE('',*,*,#9656,.T.);
#9659=ORIENTED_EDGE('',*,*,#9658,.F.);
#9661=ORIENTED_EDGE('',*,*,#9660,.T.);
#9663=ORIENTED_EDGE('',*,*,#9662,.F.);
#9665=ORIENTED_EDGE('',*,*,#9664,.T.);
#9666=ORIENTED_EDGE('',*,*,#9551,.F.);
#9668=ORIENTED_EDGE('',*,*,#9667,.F.);
#9670=ORIENTED_EDGE('',*,*,#9669,.F.);
#9672=ORIENTED_EDGE('',*,*,#9671,.T.);
#9673=ORIENTED_EDGE('',*,*,#7666,.T.);
#9674=EDGE_LOOP('',(#9567,#9569,#9571,#9573,#9575,#9577,#9579,#9581,#9583,#9585,
#9587,#9589,#9591,#9593,#9595,#9597,#9599,#9601,#9603,#9605,#9607,#9609,#9611,
#9613,#9615,#9617,#9619,#9621,#9623,#9625,#9627,#9629,#9631,#9633,#9635,#9637,
#9639,#9641,#9643,#9645,#9647,#9649,#9651,#9653,#9655,#9657,#9659,#9661,#9663,
#9665,#9666,#9668,#9670,#9672,#9673));
#9675=FACE_OUTER_BOUND('',#9674,.F.);
#9676=ADVANCED_FACE('',(#9675),#9565,.F.);
#9677=CARTESIAN_POINT('',(-2.803285361769E0,1.264E0,4.97E0));
#9678=DIRECTION('',(0.E0,7.071067811865E-1,-7.071067811865E-1));
#9679=DIRECTION('',(0.E0,7.071067811865E-1,7.071067811865E-1));
#9680=AXIS2_PLACEMENT_3D('',#9677,#9678,#9679);
#9681=PLANE('',#9680);
#9683=ORIENTED_EDGE('',*,*,#9682,.F.);
#9685=ORIENTED_EDGE('',*,*,#9684,.F.);
#9687=ORIENTED_EDGE('',*,*,#9686,.F.);
#9688=ORIENTED_EDGE('',*,*,#9566,.F.);
#9689=ORIENTED_EDGE('',*,*,#7664,.F.);
#9691=ORIENTED_EDGE('',*,*,#9690,.F.);
#9692=EDGE_LOOP('',(#9683,#9685,#9687,#9688,#9689,#9691));
#9693=FACE_OUTER_BOUND('',#9692,.F.);
#9694=ADVANCED_FACE('',(#9693),#9681,.T.);
#9695=CARTESIAN_POINT('',(-2.55E0,2.044E0,4.7E0));
#9696=DIRECTION('',(0.E0,-1.E0,0.E0));
#9697=DIRECTION('',(0.E0,0.E0,-1.E0));
#9698=AXIS2_PLACEMENT_3D('',#9695,#9696,#9697);
#9699=CYLINDRICAL_SURFACE('',#9698,2.35E-1);
#9701=ORIENTED_EDGE('',*,*,#9700,.F.);
#9702=ORIENTED_EDGE('',*,*,#9682,.T.);
#9704=ORIENTED_EDGE('',*,*,#9703,.F.);
#9706=ORIENTED_EDGE('',*,*,#9705,.T.);
#9708=ORIENTED_EDGE('',*,*,#9707,.F.);
#9710=ORIENTED_EDGE('',*,*,#9709,.F.);
#9712=ORIENTED_EDGE('',*,*,#9711,.T.);
#9713=EDGE_LOOP('',(#9701,#9702,#9704,#9706,#9708,#9710,#9712));
#9714=FACE_OUTER_BOUND('',#9713,.F.);
#9715=ADVANCED_FACE('',(#9714),#9699,.F.);
#9716=CARTESIAN_POINT('',(-2.275E0,1.034E0,1.E0));
#9717=DIRECTION('',(0.E0,-1.E0,0.E0));
#9718=DIRECTION('',(-1.E0,0.E0,0.E0));
#9719=AXIS2_PLACEMENT_3D('',#9716,#9717,#9718);
#9720=PLANE('',#9719);
#9722=ORIENTED_EDGE('',*,*,#9721,.F.);
#9723=ORIENTED_EDGE('',*,*,#9684,.T.);
#9724=ORIENTED_EDGE('',*,*,#9700,.T.);
#9726=ORIENTED_EDGE('',*,*,#9725,.T.);
#9728=ORIENTED_EDGE('',*,*,#9727,.T.);
#9729=EDGE_LOOP('',(#9722,#9723,#9724,#9726,#9728));
#9730=FACE_OUTER_BOUND('',#9729,.F.);
#9731=ADVANCED_FACE('',(#9730),#9720,.F.);
#9732=CARTESIAN_POINT('',(-2.275E0,0.E0,0.E0));
#9733=DIRECTION('',(-1.E0,0.E0,0.E0));
#9734=DIRECTION('',(0.E0,0.E0,1.E0));
#9735=AXIS2_PLACEMENT_3D('',#9732,#9733,#9734);
#9736=PLANE('',#9735);
#9737=ORIENTED_EDGE('',*,*,#7647,.T.);
#9739=ORIENTED_EDGE('',*,*,#9738,.T.);
#9741=ORIENTED_EDGE('',*,*,#9740,.T.);
#9743=ORIENTED_EDGE('',*,*,#9742,.T.);
#9745=ORIENTED_EDGE('',*,*,#9744,.T.);
#9747=ORIENTED_EDGE('',*,*,#9746,.T.);
#9749=ORIENTED_EDGE('',*,*,#9748,.F.);
#9751=ORIENTED_EDGE('',*,*,#9750,.T.);
#9753=ORIENTED_EDGE('',*,*,#9752,.F.);
#9754=ORIENTED_EDGE('',*,*,#9568,.T.);
#9755=ORIENTED_EDGE('',*,*,#9686,.T.);
#9756=ORIENTED_EDGE('',*,*,#9721,.T.);
#9758=ORIENTED_EDGE('',*,*,#9757,.F.);
#9759=ORIENTED_EDGE('',*,*,#7575,.F.);
#9760=EDGE_LOOP('',(#9737,#9739,#9741,#9743,#9745,#9747,#9749,#9751,#9753,#9754,
#9755,#9756,#9758,#9759));
#9761=FACE_OUTER_BOUND('',#9760,.F.);
#9762=ADVANCED_FACE('',(#9761),#9736,.T.);
#9763=CARTESIAN_POINT('',(-2.275E0,2.044E0,7.197E0));
#9764=DIRECTION('',(0.E0,1.E0,0.E0));
#9765=DIRECTION('',(0.E0,0.E0,-1.E0));
#9766=AXIS2_PLACEMENT_3D('',#9763,#9764,#9765);
#9767=PLANE('',#9766);
#9768=ORIENTED_EDGE('',*,*,#9738,.F.);
#9769=ORIENTED_EDGE('',*,*,#7645,.F.);
#9770=ORIENTED_EDGE('',*,*,#7682,.T.);
#9772=ORIENTED_EDGE('',*,*,#9771,.F.);
#9773=EDGE_LOOP('',(#9768,#9769,#9770,#9772));
#9774=FACE_OUTER_BOUND('',#9773,.F.);
#9775=ADVANCED_FACE('',(#9774),#9767,.F.);
#9776=CARTESIAN_POINT('',(-2.275E0,2.547E0,7.197E0));
#9777=DIRECTION('',(-1.E0,0.E0,0.E0));
#9778=DIRECTION('',(0.E0,0.E0,1.E0));
#9779=AXIS2_PLACEMENT_3D('',#9776,#9777,#9778);
#9780=CYLINDRICAL_SURFACE('',#9779,5.03E-1);
#9781=ORIENTED_EDGE('',*,*,#9742,.F.);
#9782=ORIENTED_EDGE('',*,*,#9740,.F.);
#9783=ORIENTED_EDGE('',*,*,#9771,.T.);
#9784=ORIENTED_EDGE('',*,*,#7680,.F.);
#9785=ORIENTED_EDGE('',*,*,#7678,.F.);
#9787=ORIENTED_EDGE('',*,*,#9786,.T.);
#9788=EDGE_LOOP('',(#9781,#9782,#9783,#9784,#9785,#9787));
#9789=FACE_OUTER_BOUND('',#9788,.F.);
#9790=ADVANCED_FACE('',(#9789),#9780,.T.);
#9791=CARTESIAN_POINT('',(-2.275E0,3.05E0,4.975833024920E0));
#9792=DIRECTION('',(0.E0,-1.E0,0.E0));
#9793=DIRECTION('',(0.E0,0.E0,1.E0));
#9794=AXIS2_PLACEMENT_3D('',#9791,#9792,#9793);
#9795=PLANE('',#9794);
#9796=ORIENTED_EDGE('',*,*,#9744,.F.);
#9797=ORIENTED_EDGE('',*,*,#9786,.F.);
#9798=ORIENTED_EDGE('',*,*,#7676,.T.);
#9800=ORIENTED_EDGE('',*,*,#9799,.T.);
#9801=EDGE_LOOP('',(#9796,#9797,#9798,#9800));
#9802=FACE_OUTER_BOUND('',#9801,.F.);
#9803=ADVANCED_FACE('',(#9802),#9795,.F.);
#9804=CARTESIAN_POINT('',(-2.275E0,3.7E0,3.85E0));
#9805=DIRECTION('',(0.E0,-8.660254037844E-1,-5.E-1));
#9806=DIRECTION('',(0.E0,-5.E-1,8.660254037844E-1));
#9807=AXIS2_PLACEMENT_3D('',#9804,#9805,#9806);
#9808=PLANE('',#9807);
#9809=ORIENTED_EDGE('',*,*,#7674,.F.);
#9811=ORIENTED_EDGE('',*,*,#9810,.T.);
#9812=ORIENTED_EDGE('',*,*,#8726,.F.);
#9814=ORIENTED_EDGE('',*,*,#9813,.T.);
#9815=ORIENTED_EDGE('',*,*,#9746,.F.);
#9816=ORIENTED_EDGE('',*,*,#9799,.F.);
#9817=EDGE_LOOP('',(#9809,#9811,#9812,#9814,#9815,#9816));
#9818=FACE_OUTER_BOUND('',#9817,.F.);
#9819=ADVANCED_FACE('',(#9818),#9808,.F.);
#9820=CARTESIAN_POINT('',(-2.975E0,3.55E0,8.357628251366E0));
#9821=DIRECTION('',(0.E0,0.E0,-1.E0));
#9822=DIRECTION('',(0.E0,1.E0,0.E0));
#9823=AXIS2_PLACEMENT_3D('',#9820,#9821,#9822);
#9824=CYLINDRICAL_SURFACE('',#9823,1.5E-1);
#9825=ORIENTED_EDGE('',*,*,#7672,.T.);
#9827=ORIENTED_EDGE('',*,*,#9826,.F.);
#9828=ORIENTED_EDGE('',*,*,#8728,.T.);
#9829=ORIENTED_EDGE('',*,*,#9810,.F.);
#9830=EDGE_LOOP('',(#9825,#9827,#9828,#9829));
#9831=FACE_OUTER_BOUND('',#9830,.F.);
#9832=ADVANCED_FACE('',(#9831),#9824,.T.);
#9833=CARTESIAN_POINT('',(-2.975E0,3.2E0,7.8E0));
#9834=DIRECTION('',(1.E0,0.E0,0.E0));
#9835=DIRECTION('',(0.E0,-7.793415164429E-2,9.969585086690E-1));
#9836=AXIS2_PLACEMENT_3D('',#9833,#9834,#9835);
#9837=TOROIDAL_SURFACE('',#9836,3.5E-1,1.5E-1);
#9839=ORIENTED_EDGE('',*,*,#9838,.T.);
#9840=ORIENTED_EDGE('',*,*,#9826,.T.);
#9841=ORIENTED_EDGE('',*,*,#7670,.F.);
#9843=ORIENTED_EDGE('',*,*,#9842,.T.);
#9844=EDGE_LOOP('',(#9839,#9840,#9841,#9843));
#9845=FACE_OUTER_BOUND('',#9844,.F.);
#9846=ADVANCED_FACE('',(#9845),#9837,.T.);
#9847=CARTESIAN_POINT('',(-4.987461953404E0,3.2E0,7.8E0));
#9848=DIRECTION('',(1.E0,0.E0,0.E0));
#9849=DIRECTION('',(0.E0,1.E0,0.E0));
#9850=AXIS2_PLACEMENT_3D('',#9847,#9848,#9849);
#9851=CYLINDRICAL_SURFACE('',#9850,5.E-1);
#9852=ORIENTED_EDGE('',*,*,#9838,.F.);
#9854=ORIENTED_EDGE('',*,*,#9853,.T.);
#9856=ORIENTED_EDGE('',*,*,#9855,.F.);
#9857=ORIENTED_EDGE('',*,*,#8730,.T.);
#9858=EDGE_LOOP('',(#9852,#9854,#9856,#9857));
#9859=FACE_OUTER_BOUND('',#9858,.F.);
#9860=ADVANCED_FACE('',(#9859),#9851,.T.);
#9861=CARTESIAN_POINT('',(0.E0,0.E0,8.3E0));
#9862=DIRECTION('',(0.E0,0.E0,1.E0));
#9863=DIRECTION('',(1.E0,0.E0,0.E0));
#9864=AXIS2_PLACEMENT_3D('',#9861,#9862,#9863);
#9865=PLANE('',#9864);
#9867=ORIENTED_EDGE('',*,*,#9866,.F.);
#9868=ORIENTED_EDGE('',*,*,#9669,.T.);
#9870=ORIENTED_EDGE('',*,*,#9869,.T.);
#9871=ORIENTED_EDGE('',*,*,#9853,.F.);
#9872=EDGE_LOOP('',(#9867,#9868,#9870,#9871));
#9873=FACE_OUTER_BOUND('',#9872,.F.);
#9874=ADVANCED_FACE('',(#9873),#9865,.T.);
#9875=CARTESIAN_POINT('',(-2.975E0,1.454214567109E0,8.15E0));
#9876=DIRECTION('',(0.E0,1.E0,0.E0));
#9877=DIRECTION('',(0.E0,0.E0,1.E0));
#9878=AXIS2_PLACEMENT_3D('',#9875,#9876,#9877);
#9879=CYLINDRICAL_SURFACE('',#9878,1.5E-1);
#9880=ORIENTED_EDGE('',*,*,#9866,.T.);
#9881=ORIENTED_EDGE('',*,*,#9842,.F.);
#9882=ORIENTED_EDGE('',*,*,#7668,.T.);
#9883=ORIENTED_EDGE('',*,*,#9671,.F.);
#9884=EDGE_LOOP('',(#9880,#9881,#9882,#9883));
#9885=FACE_OUTER_BOUND('',#9884,.F.);
#9886=ADVANCED_FACE('',(#9885),#9879,.T.);
#9887=CARTESIAN_POINT('',(-3.1E0,3.7E0,1.1E1));
#9888=DIRECTION('',(-1.E0,0.E0,0.E0));
#9889=DIRECTION('',(0.E0,-1.E0,0.E0));
#9890=AXIS2_PLACEMENT_3D('',#9887,#9888,#9889);
#9891=PLANE('',#9890);
#9892=ORIENTED_EDGE('',*,*,#9667,.T.);
#9893=ORIENTED_EDGE('',*,*,#9556,.T.);
#9894=ORIENTED_EDGE('',*,*,#9541,.F.);
#9896=ORIENTED_EDGE('',*,*,#9895,.T.);
#9897=ORIENTED_EDGE('',*,*,#8732,.F.);
#9898=ORIENTED_EDGE('',*,*,#9855,.T.);
#9899=ORIENTED_EDGE('',*,*,#9869,.F.);
#9900=EDGE_LOOP('',(#9892,#9893,#9894,#9896,#9897,#9898,#9899));
#9901=FACE_OUTER_BOUND('',#9900,.F.);
#9902=ADVANCED_FACE('',(#9901),#9891,.F.);
#9903=CARTESIAN_POINT('',(-4.975244151312E0,3.2E0,1.05E1));
#9904=DIRECTION('',(1.E0,0.E0,0.E0));
#9905=DIRECTION('',(0.E0,1.E0,0.E0));
#9906=AXIS2_PLACEMENT_3D('',#9903,#9904,#9905);
#9907=CYLINDRICAL_SURFACE('',#9906,5.E-1);
#9908=ORIENTED_EDGE('',*,*,#9539,.T.);
#9910=ORIENTED_EDGE('',*,*,#9909,.F.);
#9911=ORIENTED_EDGE('',*,*,#8734,.T.);
#9912=ORIENTED_EDGE('',*,*,#9895,.F.);
#9913=EDGE_LOOP('',(#9908,#9910,#9911,#9912));
#9914=FACE_OUTER_BOUND('',#9913,.F.);
#9915=ADVANCED_FACE('',(#9914),#9907,.T.);
#9916=CARTESIAN_POINT('',(-4.94E0,1.053E1,1.3E1));
#9917=DIRECTION('',(-1.E0,0.E0,0.E0));
#9918=DIRECTION('',(0.E0,-1.E0,0.E0));
#9919=AXIS2_PLACEMENT_3D('',#9916,#9917,#9918);
#9920=PLANE('',#9919);
#9922=ORIENTED_EDGE('',*,*,#9921,.F.);
#9924=ORIENTED_EDGE('',*,*,#9923,.T.);
#9926=ORIENTED_EDGE('',*,*,#9925,.T.);
#9927=ORIENTED_EDGE('',*,*,#8601,.F.);
#9928=ORIENTED_EDGE('',*,*,#8736,.T.);
#9929=ORIENTED_EDGE('',*,*,#9909,.T.);
#9930=ORIENTED_EDGE('',*,*,#9537,.F.);
#9932=ORIENTED_EDGE('',*,*,#9931,.F.);
#9934=ORIENTED_EDGE('',*,*,#9933,.T.);
#9935=ORIENTED_EDGE('',*,*,#7780,.F.);
#9937=ORIENTED_EDGE('',*,*,#9936,.F.);
#9939=ORIENTED_EDGE('',*,*,#9938,.F.);
#9940=EDGE_LOOP('',(#9922,#9924,#9926,#9927,#9928,#9929,#9930,#9932,#9934,#9935,
#9937,#9939));
#9941=FACE_OUTER_BOUND('',#9940,.F.);
#9942=ADVANCED_FACE('',(#9941),#9920,.F.);
#9943=CARTESIAN_POINT('',(0.E0,0.E0,2.7E0));
#9944=DIRECTION('',(0.E0,0.E0,1.E0));
#9945=DIRECTION('',(1.E0,0.E0,0.E0));
#9946=AXIS2_PLACEMENT_3D('',#9943,#9944,#9945);
#9947=PLANE('',#9946);
#9949=ORIENTED_EDGE('',*,*,#9948,.F.);
#9950=ORIENTED_EDGE('',*,*,#9921,.T.);
#9952=ORIENTED_EDGE('',*,*,#9951,.T.);
#9954=ORIENTED_EDGE('',*,*,#9953,.T.);
#9955=EDGE_LOOP('',(#9949,#9950,#9952,#9954));
#9956=FACE_OUTER_BOUND('',#9955,.F.);
#9957=ADVANCED_FACE('',(#9956),#9947,.T.);
#9958=CARTESIAN_POINT('',(-4.980567401692E0,9.73E0,2.5E0));
#9959=DIRECTION('',(1.E0,0.E0,0.E0));
#9960=DIRECTION('',(0.E0,0.E0,1.E0));
#9961=AXIS2_PLACEMENT_3D('',#9958,#9959,#9960);
#9962=CYLINDRICAL_SURFACE('',#9961,2.E-1);
#9963=ORIENTED_EDGE('',*,*,#9923,.F.);
#9964=ORIENTED_EDGE('',*,*,#9948,.T.);
#9966=ORIENTED_EDGE('',*,*,#9965,.F.);
#9968=ORIENTED_EDGE('',*,*,#9967,.T.);
#9969=EDGE_LOOP('',(#9963,#9964,#9966,#9968));
#9970=FACE_OUTER_BOUND('',#9969,.F.);
#9971=ADVANCED_FACE('',(#9970),#9962,.T.);
#9972=CARTESIAN_POINT('',(-3.35E0,1.22E1,1.3E1));
#9973=DIRECTION('',(-1.E0,0.E0,0.E0));
#9974=DIRECTION('',(0.E0,-1.E0,0.E0));
#9975=AXIS2_PLACEMENT_3D('',#9972,#9973,#9974);
#9976=PLANE('',#9975);
#9977=ORIENTED_EDGE('',*,*,#9965,.T.);
#9978=ORIENTED_EDGE('',*,*,#9953,.F.);
#9980=ORIENTED_EDGE('',*,*,#9979,.T.);
#9982=ORIENTED_EDGE('',*,*,#9981,.F.);
#9983=ORIENTED_EDGE('',*,*,#8346,.F.);
#9985=ORIENTED_EDGE('',*,*,#9984,.F.);
#9987=ORIENTED_EDGE('',*,*,#9986,.T.);
#9988=ORIENTED_EDGE('',*,*,#8605,.F.);
#9990=ORIENTED_EDGE('',*,*,#9989,.F.);
#9991=EDGE_LOOP('',(#9977,#9978,#9980,#9982,#9983,#9985,#9987,#9988,#9990));
#9992=FACE_OUTER_BOUND('',#9991,.F.);
#9993=ADVANCED_FACE('',(#9992),#9976,.F.);
#9994=CARTESIAN_POINT('',(-3.35E0,1.053E1,1.3E1));
#9995=DIRECTION('',(0.E0,1.E0,0.E0));
#9996=DIRECTION('',(-1.E0,0.E0,0.E0));
#9997=AXIS2_PLACEMENT_3D('',#9994,#9995,#9996);
#9998=PLANE('',#9997);
#10000=ORIENTED_EDGE('',*,*,#9999,.F.);
#10001=ORIENTED_EDGE('',*,*,#9979,.F.);
#10002=ORIENTED_EDGE('',*,*,#9951,.F.);
#10003=ORIENTED_EDGE('',*,*,#9938,.T.);
#10004=EDGE_LOOP('',(#10000,#10001,#10002,#10003));
#10005=FACE_OUTER_BOUND('',#10004,.F.);
#10006=ADVANCED_FACE('',(#10005),#9998,.F.);
#10007=CARTESIAN_POINT('',(-6.153693583732E0,1.103E1,1.25E1));
#10008=DIRECTION('',(1.E0,0.E0,0.E0));
#10009=DIRECTION('',(0.E0,0.E0,1.E0));
#10010=AXIS2_PLACEMENT_3D('',#10007,#10008,#10009);
#10011=CYLINDRICAL_SURFACE('',#10010,5.E-1);
#10012=ORIENTED_EDGE('',*,*,#9999,.T.);
#10014=ORIENTED_EDGE('',*,*,#10013,.F.);
#10015=ORIENTED_EDGE('',*,*,#8293,.T.);
#10017=ORIENTED_EDGE('',*,*,#10016,.T.);
#10018=EDGE_LOOP('',(#10012,#10014,#10015,#10017));
#10019=FACE_OUTER_BOUND('',#10018,.F.);
#10020=ADVANCED_FACE('',(#10019),#10011,.T.);
#10021=CARTESIAN_POINT('',(-5.44E0,1.446712482624E1,1.25E1));
#10022=DIRECTION('',(0.E0,-1.E0,0.E0));
#10023=DIRECTION('',(1.E0,0.E0,0.E0));
#10024=AXIS2_PLACEMENT_3D('',#10021,#10022,#10023);
#10025=CYLINDRICAL_SURFACE('',#10024,5.E-1);
#10026=ORIENTED_EDGE('',*,*,#7778,.F.);
#10027=ORIENTED_EDGE('',*,*,#8295,.T.);
#10028=ORIENTED_EDGE('',*,*,#10013,.T.);
#10029=ORIENTED_EDGE('',*,*,#9936,.T.);
#10030=EDGE_LOOP('',(#10026,#10027,#10028,#10029));
#10031=FACE_OUTER_BOUND('',#10030,.F.);
#10032=ADVANCED_FACE('',(#10031),#10025,.T.);
#10033=CARTESIAN_POINT('',(-3.85E0,-5.052567726749E-2,1.25E1));
#10034=DIRECTION('',(0.E0,1.E0,0.E0));
#10035=DIRECTION('',(0.E0,0.E0,1.E0));
#10036=AXIS2_PLACEMENT_3D('',#10033,#10034,#10035);
#10037=CYLINDRICAL_SURFACE('',#10036,5.E-1);
#10038=ORIENTED_EDGE('',*,*,#8291,.T.);
#10039=ORIENTED_EDGE('',*,*,#8328,.T.);
#10040=ORIENTED_EDGE('',*,*,#9981,.T.);
#10041=ORIENTED_EDGE('',*,*,#10016,.F.);
#10042=EDGE_LOOP('',(#10038,#10039,#10040,#10041));
#10043=FACE_OUTER_BOUND('',#10042,.F.);
#10044=ADVANCED_FACE('',(#10043),#10037,.T.);
#10045=CARTESIAN_POINT('',(-5.105E0,1.34E1,9.45E0));
#10046=DIRECTION('',(0.E0,0.E0,1.E0));
#10047=DIRECTION('',(0.E0,-1.E0,0.E0));
#10048=AXIS2_PLACEMENT_3D('',#10045,#10046,#10047);
#10049=PLANE('',#10048);
#10050=ORIENTED_EDGE('',*,*,#8361,.T.);
#10052=ORIENTED_EDGE('',*,*,#10051,.T.);
#10054=ORIENTED_EDGE('',*,*,#10053,.F.);
#10056=ORIENTED_EDGE('',*,*,#10055,.F.);
#10057=ORIENTED_EDGE('',*,*,#9984,.T.);
#10058=ORIENTED_EDGE('',*,*,#8344,.T.);
#10059=EDGE_LOOP('',(#10050,#10052,#10054,#10056,#10057,#10058));
#10060=FACE_OUTER_BOUND('',#10059,.F.);
#10061=ADVANCED_FACE('',(#10060),#10049,.F.);
#10062=CARTESIAN_POINT('',(2.03E0,1.34E1,1.3E1));
#10063=DIRECTION('',(0.E0,1.E0,0.E0));
#10064=DIRECTION('',(-1.E0,0.E0,0.E0));
#10065=AXIS2_PLACEMENT_3D('',#10062,#10063,#10064);
#10066=PLANE('',#10065);
#10068=ORIENTED_EDGE('',*,*,#10067,.F.);
#10070=ORIENTED_EDGE('',*,*,#10069,.F.);
#10072=ORIENTED_EDGE('',*,*,#10071,.F.);
#10073=ORIENTED_EDGE('',*,*,#7220,.T.);
#10075=ORIENTED_EDGE('',*,*,#10074,.F.);
#10076=ORIENTED_EDGE('',*,*,#10051,.F.);
#10077=EDGE_LOOP('',(#10068,#10070,#10072,#10073,#10075,#10076));
#10078=FACE_OUTER_BOUND('',#10077,.F.);
#10079=ADVANCED_FACE('',(#10078),#10066,.F.);
#10080=CARTESIAN_POINT('',(2.03E0,1.34E1,9.45E0));
#10081=DIRECTION('',(0.E0,9.902680687416E-1,-1.391731009601E-1));
#10082=DIRECTION('',(0.E0,1.391731009601E-1,9.902680687416E-1));
#10083=AXIS2_PLACEMENT_3D('',#10080,#10081,#10082);
#10084=PLANE('',#10083);
#10085=ORIENTED_EDGE('',*,*,#8390,.F.);
#10086=ORIENTED_EDGE('',*,*,#8405,.T.);
#10088=ORIENTED_EDGE('',*,*,#10087,.F.);
#10089=ORIENTED_EDGE('',*,*,#10067,.T.);
#10090=ORIENTED_EDGE('',*,*,#8359,.F.);
#10091=ORIENTED_EDGE('',*,*,#8375,.T.);
#10092=EDGE_LOOP('',(#10085,#10086,#10088,#10089,#10090,#10091));
#10093=FACE_OUTER_BOUND('',#10092,.F.);
#10094=ADVANCED_FACE('',(#10093),#10084,.F.);
#10095=CARTESIAN_POINT('',(2.03E0,1.22E1,1.3E1));
#10096=DIRECTION('',(1.E0,0.E0,0.E0));
#10097=DIRECTION('',(0.E0,1.E0,0.E0));
#10098=AXIS2_PLACEMENT_3D('',#10095,#10096,#10097);
#10099=PLANE('',#10098);
#10101=ORIENTED_EDGE('',*,*,#10100,.F.);
#10103=ORIENTED_EDGE('',*,*,#10102,.T.);
#10104=ORIENTED_EDGE('',*,*,#10087,.T.);
#10105=ORIENTED_EDGE('',*,*,#8403,.F.);
#10106=EDGE_LOOP('',(#10101,#10103,#10104,#10105));
#10107=FACE_OUTER_BOUND('',#10106,.F.);
#10108=ADVANCED_FACE('',(#10107),#10099,.F.);
#10109=CARTESIAN_POINT('',(3.35E0,1.22E1,1.3E1));
#10110=DIRECTION('',(0.E0,1.E0,0.E0));
#10111=DIRECTION('',(-1.E0,0.E0,0.E0));
#10112=AXIS2_PLACEMENT_3D('',#10109,#10110,#10111);
#10113=PLANE('',#10112);
#10114=ORIENTED_EDGE('',*,*,#8419,.F.);
#10115=ORIENTED_EDGE('',*,*,#8538,.F.);
#10117=ORIENTED_EDGE('',*,*,#10116,.F.);
#10118=ORIENTED_EDGE('',*,*,#10100,.T.);
#10119=EDGE_LOOP('',(#10114,#10115,#10117,#10118));
#10120=FACE_OUTER_BOUND('',#10119,.F.);
#10121=ADVANCED_FACE('',(#10120),#10113,.F.);
#10122=CARTESIAN_POINT('',(-5.105E0,1.34E1,9.45E0));
#10123=DIRECTION('',(0.E0,0.E0,1.E0));
#10124=DIRECTION('',(0.E0,-1.E0,0.E0));
#10125=AXIS2_PLACEMENT_3D('',#10122,#10123,#10124);
#10126=PLANE('',#10125);
#10127=ORIENTED_EDGE('',*,*,#10102,.F.);
#10128=ORIENTED_EDGE('',*,*,#10116,.T.);
#10129=ORIENTED_EDGE('',*,*,#8536,.F.);
#10131=ORIENTED_EDGE('',*,*,#10130,.F.);
#10133=ORIENTED_EDGE('',*,*,#10132,.F.);
#10134=ORIENTED_EDGE('',*,*,#10069,.T.);
#10135=EDGE_LOOP('',(#10127,#10128,#10129,#10131,#10133,#10134));
#10136=FACE_OUTER_BOUND('',#10135,.F.);
#10137=ADVANCED_FACE('',(#10136),#10126,.F.);
#10138=CARTESIAN_POINT('',(-5.105E0,1.19E1,9.45E0));
#10139=DIRECTION('',(0.E0,-9.965863074406E-1,8.255744558680E-2));
#10140=DIRECTION('',(0.E0,-8.255744558680E-2,-9.965863074406E-1));
#10141=AXIS2_PLACEMENT_3D('',#10138,#10139,#10140);
#10142=PLANE('',#10141);
#10143=ORIENTED_EDGE('',*,*,#8534,.F.);
#10145=ORIENTED_EDGE('',*,*,#10144,.F.);
#10147=ORIENTED_EDGE('',*,*,#10146,.F.);
#10148=ORIENTED_EDGE('',*,*,#10130,.T.);
#10149=EDGE_LOOP('',(#10143,#10145,#10147,#10148));
#10150=FACE_OUTER_BOUND('',#10149,.F.);
#10151=ADVANCED_FACE('',(#10150),#10142,.F.);
#10152=CARTESIAN_POINT('',(-5.105E0,1.12E1,1.E0));
#10153=DIRECTION('',(0.E0,-1.E0,0.E0));
#10154=DIRECTION('',(0.E0,0.E0,-1.E0));
#10155=AXIS2_PLACEMENT_3D('',#10152,#10153,#10154);
#10156=PLANE('',#10155);
#10157=ORIENTED_EDGE('',*,*,#7224,.F.);
#10159=ORIENTED_EDGE('',*,*,#10158,.T.);
#10160=ORIENTED_EDGE('',*,*,#10144,.T.);
#10161=ORIENTED_EDGE('',*,*,#8607,.T.);
#10163=ORIENTED_EDGE('',*,*,#10162,.T.);
#10165=ORIENTED_EDGE('',*,*,#10164,.F.);
#10166=EDGE_LOOP('',(#10157,#10159,#10160,#10161,#10163,#10165));
#10167=FACE_OUTER_BOUND('',#10166,.F.);
#10168=ADVANCED_FACE('',(#10167),#10156,.F.);
#10169=CARTESIAN_POINT('',(5.105E0,1.44E1,0.E0));
#10170=DIRECTION('',(1.E0,0.E0,0.E0));
#10171=DIRECTION('',(0.E0,0.E0,-1.E0));
#10172=AXIS2_PLACEMENT_3D('',#10169,#10170,#10171);
#10173=PLANE('',#10172);
#10174=ORIENTED_EDGE('',*,*,#7222,.F.);
#10175=ORIENTED_EDGE('',*,*,#10071,.T.);
#10176=ORIENTED_EDGE('',*,*,#10132,.T.);
#10177=ORIENTED_EDGE('',*,*,#10146,.T.);
#10178=ORIENTED_EDGE('',*,*,#10158,.F.);
#10179=EDGE_LOOP('',(#10174,#10175,#10176,#10177,#10178));
#10180=FACE_OUTER_BOUND('',#10179,.F.);
#10181=ADVANCED_FACE('',(#10180),#10173,.F.);
#10182=CARTESIAN_POINT('',(-5.105E0,1.19E1,9.45E0));
#10183=DIRECTION('',(0.E0,-9.965863074406E-1,8.255744558680E-2));
#10184=DIRECTION('',(0.E0,-8.255744558680E-2,-9.965863074406E-1));
#10185=AXIS2_PLACEMENT_3D('',#10182,#10183,#10184);
#10186=PLANE('',#10185);
#10187=ORIENTED_EDGE('',*,*,#9986,.F.);
#10188=ORIENTED_EDGE('',*,*,#10055,.T.);
#10190=ORIENTED_EDGE('',*,*,#10189,.F.);
#10191=ORIENTED_EDGE('',*,*,#10162,.F.);
#10192=EDGE_LOOP('',(#10187,#10188,#10190,#10191));
#10193=FACE_OUTER_BOUND('',#10192,.F.);
#10194=ADVANCED_FACE('',(#10193),#10186,.F.);
#10195=CARTESIAN_POINT('',(-5.105E0,1.44E1,0.E0));
#10196=DIRECTION('',(1.E0,0.E0,0.E0));
#10197=DIRECTION('',(0.E0,0.E0,-1.E0));
#10198=AXIS2_PLACEMENT_3D('',#10195,#10196,#10197);
#10199=PLANE('',#10198);
#10200=ORIENTED_EDGE('',*,*,#7218,.T.);
#10201=ORIENTED_EDGE('',*,*,#10164,.T.);
#10202=ORIENTED_EDGE('',*,*,#10189,.T.);
#10203=ORIENTED_EDGE('',*,*,#10053,.T.);
#10204=ORIENTED_EDGE('',*,*,#10074,.T.);
#10205=EDGE_LOOP('',(#10200,#10201,#10202,#10203,#10204));
#10206=FACE_OUTER_BOUND('',#10205,.F.);
#10207=ADVANCED_FACE('',(#10206),#10199,.T.);
#10208=CARTESIAN_POINT('',(-4.94E0,9.53E0,1.E0));
#10209=DIRECTION('',(0.E0,-1.E0,0.E0));
#10210=DIRECTION('',(1.E0,0.E0,0.E0));
#10211=AXIS2_PLACEMENT_3D('',#10208,#10209,#10210);
#10212=PLANE('',#10211);
#10213=ORIENTED_EDGE('',*,*,#9967,.F.);
#10214=ORIENTED_EDGE('',*,*,#9989,.T.);
#10215=ORIENTED_EDGE('',*,*,#8603,.T.);
#10216=ORIENTED_EDGE('',*,*,#9925,.F.);
#10217=EDGE_LOOP('',(#10213,#10214,#10215,#10216));
#10218=FACE_OUTER_BOUND('',#10217,.F.);
#10219=ADVANCED_FACE('',(#10218),#10212,.T.);
#10220=CARTESIAN_POINT('',(4.94E0,3.E-1,1.1E1));
#10221=DIRECTION('',(0.E0,1.E0,0.E0));
#10222=DIRECTION('',(-1.E0,0.E0,0.E0));
#10223=AXIS2_PLACEMENT_3D('',#10220,#10221,#10222);
#10224=PLANE('',#10223);
#10226=ORIENTED_EDGE('',*,*,#10225,.F.);
#10227=ORIENTED_EDGE('',*,*,#9931,.T.);
#10228=ORIENTED_EDGE('',*,*,#9535,.F.);
#10229=ORIENTED_EDGE('',*,*,#8483,.F.);
#10230=EDGE_LOOP('',(#10226,#10227,#10228,#10229));
#10231=FACE_OUTER_BOUND('',#10230,.F.);
#10232=ADVANCED_FACE('',(#10231),#10224,.F.);
#10233=CARTESIAN_POINT('',(-4.94E0,3.E-1,7.2E0));
#10234=DIRECTION('',(0.E0,-3.162277660168E-1,9.486832980505E-1));
#10235=DIRECTION('',(0.E0,-9.486832980505E-1,-3.162277660168E-1));
#10236=AXIS2_PLACEMENT_3D('',#10233,#10234,#10235);
#10237=PLANE('',#10236);
#10238=ORIENTED_EDGE('',*,*,#9933,.F.);
#10239=ORIENTED_EDGE('',*,*,#10225,.T.);
#10240=ORIENTED_EDGE('',*,*,#8481,.F.);
#10241=ORIENTED_EDGE('',*,*,#7782,.T.);
#10242=EDGE_LOOP('',(#10238,#10239,#10240,#10241));
#10243=FACE_OUTER_BOUND('',#10242,.F.);
#10244=ADVANCED_FACE('',(#10243),#10237,.T.);
#10245=CARTESIAN_POINT('',(-2.125E0,3.55E0,9.594325983078E-1));
#10246=DIRECTION('',(0.E0,0.E0,1.E0));
#10247=DIRECTION('',(0.E0,1.E0,0.E0));
#10248=AXIS2_PLACEMENT_3D('',#10245,#10246,#10247);
#10249=CYLINDRICAL_SURFACE('',#10248,1.5E-1);
#10250=ORIENTED_EDGE('',*,*,#8724,.T.);
#10252=ORIENTED_EDGE('',*,*,#10251,.F.);
#10253=ORIENTED_EDGE('',*,*,#9748,.T.);
#10254=ORIENTED_EDGE('',*,*,#9813,.F.);
#10255=EDGE_LOOP('',(#10250,#10252,#10253,#10254));
#10256=FACE_OUTER_BOUND('',#10255,.F.);
#10257=ADVANCED_FACE('',(#10256),#10249,.T.);
#10258=CARTESIAN_POINT('',(-2.125E0,3.2E0,7.8E0));
#10259=DIRECTION('',(1.E0,0.E0,0.E0));
#10260=DIRECTION('',(0.E0,9.963856141287E-1,-8.494532333978E-2));
#10261=AXIS2_PLACEMENT_3D('',#10258,#10259,#10260);
#10262=TOROIDAL_SURFACE('',#10261,3.5E-1,1.5E-1);
#10264=ORIENTED_EDGE('',*,*,#10263,.T.);
#10266=ORIENTED_EDGE('',*,*,#10265,.T.);
#10267=ORIENTED_EDGE('',*,*,#9750,.F.);
#10268=ORIENTED_EDGE('',*,*,#10251,.T.);
#10269=EDGE_LOOP('',(#10264,#10266,#10267,#10268));
#10270=FACE_OUTER_BOUND('',#10269,.F.);
#10271=ADVANCED_FACE('',(#10270),#10262,.T.);
#10272=CARTESIAN_POINT('',(-4.987461953404E0,3.2E0,7.8E0));
#10273=DIRECTION('',(1.E0,0.E0,0.E0));
#10274=DIRECTION('',(0.E0,1.E0,0.E0));
#10275=AXIS2_PLACEMENT_3D('',#10272,#10273,#10274);
#10276=CYLINDRICAL_SURFACE('',#10275,5.E-1);
#10278=ORIENTED_EDGE('',*,*,#10277,.F.);
#10280=ORIENTED_EDGE('',*,*,#10279,.T.);
#10281=ORIENTED_EDGE('',*,*,#10263,.F.);
#10282=ORIENTED_EDGE('',*,*,#8722,.T.);
#10283=EDGE_LOOP('',(#10278,#10280,#10281,#10282));
#10284=FACE_OUTER_BOUND('',#10283,.F.);
#10285=ADVANCED_FACE('',(#10284),#10276,.T.);
#10286=CARTESIAN_POINT('',(-1.955E0,3.2E0,7.8E0));
#10287=DIRECTION('',(1.E0,0.E0,0.E0));
#10288=DIRECTION('',(0.E0,-7.793415164429E-2,9.969585086690E-1));
#10289=AXIS2_PLACEMENT_3D('',#10286,#10287,#10288);
#10290=TOROIDAL_SURFACE('',#10289,3.5E-1,1.5E-1);
#10291=ORIENTED_EDGE('',*,*,#10277,.T.);
#10293=ORIENTED_EDGE('',*,*,#10292,.T.);
#10295=ORIENTED_EDGE('',*,*,#10294,.F.);
#10297=ORIENTED_EDGE('',*,*,#10296,.T.);
#10298=EDGE_LOOP('',(#10291,#10293,#10295,#10297));
#10299=FACE_OUTER_BOUND('',#10298,.F.);
#10300=ADVANCED_FACE('',(#10299),#10290,.T.);
#10301=CARTESIAN_POINT('',(-1.955E0,3.55E0,8.357628251366E0));
#10302=DIRECTION('',(0.E0,0.E0,-1.E0));
#10303=DIRECTION('',(0.E0,1.E0,0.E0));
#10304=AXIS2_PLACEMENT_3D('',#10301,#10302,#10303);
#10305=CYLINDRICAL_SURFACE('',#10304,1.5E-1);
#10307=ORIENTED_EDGE('',*,*,#10306,.T.);
#10308=ORIENTED_EDGE('',*,*,#10292,.F.);
#10309=ORIENTED_EDGE('',*,*,#8720,.T.);
#10311=ORIENTED_EDGE('',*,*,#10310,.F.);
#10312=EDGE_LOOP('',(#10307,#10308,#10309,#10311));
#10313=FACE_OUTER_BOUND('',#10312,.F.);
#10314=ADVANCED_FACE('',(#10313),#10305,.T.);
#10315=CARTESIAN_POINT('',(-1.805E0,0.E0,0.E0));
#10316=DIRECTION('',(-1.E0,0.E0,0.E0));
#10317=DIRECTION('',(0.E0,0.E0,1.E0));
#10318=AXIS2_PLACEMENT_3D('',#10315,#10316,#10317);
#10319=PLANE('',#10318);
#10321=ORIENTED_EDGE('',*,*,#10320,.F.);
#10323=ORIENTED_EDGE('',*,*,#10322,.T.);
#10325=ORIENTED_EDGE('',*,*,#10324,.F.);
#10326=ORIENTED_EDGE('',*,*,#7579,.F.);
#10328=ORIENTED_EDGE('',*,*,#10327,.F.);
#10330=ORIENTED_EDGE('',*,*,#10329,.F.);
#10332=ORIENTED_EDGE('',*,*,#10331,.T.);
#10333=ORIENTED_EDGE('',*,*,#9576,.F.);
#10335=ORIENTED_EDGE('',*,*,#10334,.F.);
#10336=ORIENTED_EDGE('',*,*,#10294,.T.);
#10337=ORIENTED_EDGE('',*,*,#10306,.F.);
#10339=ORIENTED_EDGE('',*,*,#10338,.T.);
#10341=ORIENTED_EDGE('',*,*,#10340,.F.);
#10343=ORIENTED_EDGE('',*,*,#10342,.T.);
#10345=ORIENTED_EDGE('',*,*,#10344,.T.);
#10346=EDGE_LOOP('',(#10321,#10323,#10325,#10326,#10328,#10330,#10332,#10333,
#10335,#10336,#10337,#10339,#10341,#10343,#10345));
#10347=FACE_OUTER_BOUND('',#10346,.F.);
#10348=ADVANCED_FACE('',(#10347),#10319,.F.);
#10349=CARTESIAN_POINT('',(-1.255E0,2.044E0,7.197E0));
#10350=DIRECTION('',(0.E0,1.E0,0.E0));
#10351=DIRECTION('',(0.E0,0.E0,-1.E0));
#10352=AXIS2_PLACEMENT_3D('',#10349,#10350,#10351);
#10353=PLANE('',#10352);
#10355=ORIENTED_EDGE('',*,*,#10354,.T.);
#10356=ORIENTED_EDGE('',*,*,#10320,.T.);
#10358=ORIENTED_EDGE('',*,*,#10357,.F.);
#10360=ORIENTED_EDGE('',*,*,#10359,.F.);
#10361=EDGE_LOOP('',(#10355,#10356,#10358,#10360));
#10362=FACE_OUTER_BOUND('',#10361,.F.);
#10363=ADVANCED_FACE('',(#10362),#10353,.F.);
#10364=CARTESIAN_POINT('',(-1.53E0,2.194E0,2.025E0));
#10365=DIRECTION('',(0.E0,-7.071067811865E-1,-7.071067811865E-1));
#10366=DIRECTION('',(0.E0,7.071067811865E-1,-7.071067811865E-1));
#10367=AXIS2_PLACEMENT_3D('',#10364,#10365,#10366);
#10368=PLANE('',#10367);
#10370=ORIENTED_EDGE('',*,*,#10369,.T.);
#10371=ORIENTED_EDGE('',*,*,#10322,.F.);
#10372=ORIENTED_EDGE('',*,*,#10354,.F.);
#10374=ORIENTED_EDGE('',*,*,#10373,.F.);
#10375=EDGE_LOOP('',(#10370,#10371,#10372,#10374));
#10376=FACE_OUTER_BOUND('',#10375,.F.);
#10377=ADVANCED_FACE('',(#10376),#10368,.T.);
#10378=CARTESIAN_POINT('',(-1.255E0,2.044E0,1.875E0));
#10379=DIRECTION('',(0.E0,0.E0,1.E0));
#10380=DIRECTION('',(-1.E0,0.E0,0.E0));
#10381=AXIS2_PLACEMENT_3D('',#10378,#10379,#10380);
#10382=PLANE('',#10381);
#10383=ORIENTED_EDGE('',*,*,#10369,.F.);
#10385=ORIENTED_EDGE('',*,*,#10384,.F.);
#10386=ORIENTED_EDGE('',*,*,#7581,.F.);
#10387=ORIENTED_EDGE('',*,*,#10324,.T.);
#10388=EDGE_LOOP('',(#10383,#10385,#10386,#10387));
#10389=FACE_OUTER_BOUND('',#10388,.F.);
#10390=ADVANCED_FACE('',(#10389),#10382,.F.);
#10391=CARTESIAN_POINT('',(-1.255E0,0.E0,0.E0));
#10392=DIRECTION('',(-1.E0,0.E0,0.E0));
#10393=DIRECTION('',(0.E0,0.E0,1.E0));
#10394=AXIS2_PLACEMENT_3D('',#10391,#10392,#10393);
#10395=PLANE('',#10394);
#10396=ORIENTED_EDGE('',*,*,#10384,.T.);
#10397=ORIENTED_EDGE('',*,*,#10373,.T.);
#10398=ORIENTED_EDGE('',*,*,#10359,.T.);
#10400=ORIENTED_EDGE('',*,*,#10399,.T.);
#10402=ORIENTED_EDGE('',*,*,#10401,.T.);
#10404=ORIENTED_EDGE('',*,*,#10403,.T.);
#10406=ORIENTED_EDGE('',*,*,#10405,.T.);
#10408=ORIENTED_EDGE('',*,*,#10407,.F.);
#10410=ORIENTED_EDGE('',*,*,#10409,.T.);
#10412=ORIENTED_EDGE('',*,*,#10411,.F.);
#10413=ORIENTED_EDGE('',*,*,#9590,.T.);
#10415=ORIENTED_EDGE('',*,*,#10414,.F.);
#10416=ORIENTED_EDGE('',*,*,#7583,.F.);
#10417=EDGE_LOOP('',(#10396,#10397,#10398,#10400,#10402,#10404,#10406,#10408,
#10410,#10412,#10413,#10415,#10416));
#10418=FACE_OUTER_BOUND('',#10417,.F.);
#10419=ADVANCED_FACE('',(#10418),#10395,.T.);
#10420=CARTESIAN_POINT('',(-1.255E0,2.547E0,7.197E0));
#10421=DIRECTION('',(-1.E0,0.E0,0.E0));
#10422=DIRECTION('',(0.E0,0.E0,1.E0));
#10423=AXIS2_PLACEMENT_3D('',#10420,#10421,#10422);
#10424=CYLINDRICAL_SURFACE('',#10423,5.03E-1);
#10425=ORIENTED_EDGE('',*,*,#10401,.F.);
#10426=ORIENTED_EDGE('',*,*,#10399,.F.);
#10427=ORIENTED_EDGE('',*,*,#10357,.T.);
#10428=ORIENTED_EDGE('',*,*,#10344,.F.);
#10429=ORIENTED_EDGE('',*,*,#10342,.F.);
#10431=ORIENTED_EDGE('',*,*,#10430,.T.);
#10432=EDGE_LOOP('',(#10425,#10426,#10427,#10428,#10429,#10431));
#10433=FACE_OUTER_BOUND('',#10432,.F.);
#10434=ADVANCED_FACE('',(#10433),#10424,.T.);
#10435=CARTESIAN_POINT('',(-1.255E0,3.05E0,4.975833024920E0));
#10436=DIRECTION('',(0.E0,-1.E0,0.E0));
#10437=DIRECTION('',(0.E0,0.E0,1.E0));
#10438=AXIS2_PLACEMENT_3D('',#10435,#10436,#10437);
#10439=PLANE('',#10438);
#10440=ORIENTED_EDGE('',*,*,#10403,.F.);
#10441=ORIENTED_EDGE('',*,*,#10430,.F.);
#10442=ORIENTED_EDGE('',*,*,#10340,.T.);
#10444=ORIENTED_EDGE('',*,*,#10443,.T.);
#10445=EDGE_LOOP('',(#10440,#10441,#10442,#10444));
#10446=FACE_OUTER_BOUND('',#10445,.F.);
#10447=ADVANCED_FACE('',(#10446),#10439,.F.);
#10448=CARTESIAN_POINT('',(-1.255E0,3.7E0,3.85E0));
#10449=DIRECTION('',(0.E0,-8.660254037844E-1,-5.E-1));
#10450=DIRECTION('',(0.E0,-5.E-1,8.660254037844E-1));
#10451=AXIS2_PLACEMENT_3D('',#10448,#10449,#10450);
#10452=PLANE('',#10451);
#10453=ORIENTED_EDGE('',*,*,#10338,.F.);
#10454=ORIENTED_EDGE('',*,*,#10310,.T.);
#10455=ORIENTED_EDGE('',*,*,#8718,.F.);
#10457=ORIENTED_EDGE('',*,*,#10456,.T.);
#10458=ORIENTED_EDGE('',*,*,#10405,.F.);
#10459=ORIENTED_EDGE('',*,*,#10443,.F.);
#10460=EDGE_LOOP('',(#10453,#10454,#10455,#10457,#10458,#10459));
#10461=FACE_OUTER_BOUND('',#10460,.F.);
#10462=ADVANCED_FACE('',(#10461),#10452,.F.);
#10463=CARTESIAN_POINT('',(-1.105E0,3.55E0,9.594325983078E-1));
#10464=DIRECTION('',(0.E0,0.E0,1.E0));
#10465=DIRECTION('',(0.E0,1.E0,0.E0));
#10466=AXIS2_PLACEMENT_3D('',#10463,#10464,#10465);
#10467=CYLINDRICAL_SURFACE('',#10466,1.5E-1);
#10468=ORIENTED_EDGE('',*,*,#8716,.T.);
#10470=ORIENTED_EDGE('',*,*,#10469,.F.);
#10471=ORIENTED_EDGE('',*,*,#10407,.T.);
#10472=ORIENTED_EDGE('',*,*,#10456,.F.);
#10473=EDGE_LOOP('',(#10468,#10470,#10471,#10472));
#10474=FACE_OUTER_BOUND('',#10473,.F.);
#10475=ADVANCED_FACE('',(#10474),#10467,.T.);
#10476=CARTESIAN_POINT('',(-1.105E0,3.2E0,7.8E0));
#10477=DIRECTION('',(1.E0,0.E0,0.E0));
#10478=DIRECTION('',(0.E0,9.963856141287E-1,-8.494532333978E-2));
#10479=AXIS2_PLACEMENT_3D('',#10476,#10477,#10478);
#10480=TOROIDAL_SURFACE('',#10479,3.5E-1,1.5E-1);
#10482=ORIENTED_EDGE('',*,*,#10481,.T.);
#10484=ORIENTED_EDGE('',*,*,#10483,.T.);
#10485=ORIENTED_EDGE('',*,*,#10409,.F.);
#10486=ORIENTED_EDGE('',*,*,#10469,.T.);
#10487=EDGE_LOOP('',(#10482,#10484,#10485,#10486));
#10488=FACE_OUTER_BOUND('',#10487,.F.);
#10489=ADVANCED_FACE('',(#10488),#10480,.T.);
#10490=CARTESIAN_POINT('',(-4.987461953404E0,3.2E0,7.8E0));
#10491=DIRECTION('',(1.E0,0.E0,0.E0));
#10492=DIRECTION('',(0.E0,1.E0,0.E0));
#10493=AXIS2_PLACEMENT_3D('',#10490,#10491,#10492);
#10494=CYLINDRICAL_SURFACE('',#10493,5.E-1);
#10496=ORIENTED_EDGE('',*,*,#10495,.F.);
#10498=ORIENTED_EDGE('',*,*,#10497,.T.);
#10499=ORIENTED_EDGE('',*,*,#10481,.F.);
#10500=ORIENTED_EDGE('',*,*,#8714,.T.);
#10501=EDGE_LOOP('',(#10496,#10498,#10499,#10500));
#10502=FACE_OUTER_BOUND('',#10501,.F.);
#10503=ADVANCED_FACE('',(#10502),#10494,.T.);
#10504=CARTESIAN_POINT('',(-9.35E-1,3.2E0,7.8E0));
#10505=DIRECTION('',(1.E0,0.E0,0.E0));
#10506=DIRECTION('',(0.E0,-7.793415164429E-2,9.969585086690E-1));
#10507=AXIS2_PLACEMENT_3D('',#10504,#10505,#10506);
#10508=TOROIDAL_SURFACE('',#10507,3.5E-1,1.5E-1);
#10509=ORIENTED_EDGE('',*,*,#10495,.T.);
#10511=ORIENTED_EDGE('',*,*,#10510,.T.);
#10513=ORIENTED_EDGE('',*,*,#10512,.F.);
#10515=ORIENTED_EDGE('',*,*,#10514,.T.);
#10516=EDGE_LOOP('',(#10509,#10511,#10513,#10515));
#10517=FACE_OUTER_BOUND('',#10516,.F.);
#10518=ADVANCED_FACE('',(#10517),#10508,.T.);
#10519=CARTESIAN_POINT('',(-9.35E-1,3.55E0,8.357628251366E0));
#10520=DIRECTION('',(0.E0,0.E0,-1.E0));
#10521=DIRECTION('',(0.E0,1.E0,0.E0));
#10522=AXIS2_PLACEMENT_3D('',#10519,#10520,#10521);
#10523=CYLINDRICAL_SURFACE('',#10522,1.5E-1);
#10525=ORIENTED_EDGE('',*,*,#10524,.T.);
#10526=ORIENTED_EDGE('',*,*,#10510,.F.);
#10527=ORIENTED_EDGE('',*,*,#8712,.T.);
#10529=ORIENTED_EDGE('',*,*,#10528,.F.);
#10530=EDGE_LOOP('',(#10525,#10526,#10527,#10529));
#10531=FACE_OUTER_BOUND('',#10530,.F.);
#10532=ADVANCED_FACE('',(#10531),#10523,.T.);
#10533=CARTESIAN_POINT('',(-7.85E-1,0.E0,0.E0));
#10534=DIRECTION('',(-1.E0,0.E0,0.E0));
#10535=DIRECTION('',(0.E0,0.E0,1.E0));
#10536=AXIS2_PLACEMENT_3D('',#10533,#10534,#10535);
#10537=PLANE('',#10536);
#10539=ORIENTED_EDGE('',*,*,#10538,.T.);
#10540=ORIENTED_EDGE('',*,*,#9598,.F.);
#10542=ORIENTED_EDGE('',*,*,#10541,.F.);
#10543=ORIENTED_EDGE('',*,*,#10512,.T.);
#10544=ORIENTED_EDGE('',*,*,#10524,.F.);
#10546=ORIENTED_EDGE('',*,*,#10545,.T.);
#10548=ORIENTED_EDGE('',*,*,#10547,.F.);
#10550=ORIENTED_EDGE('',*,*,#10549,.T.);
#10552=ORIENTED_EDGE('',*,*,#10551,.T.);
#10554=ORIENTED_EDGE('',*,*,#10553,.F.);
#10556=ORIENTED_EDGE('',*,*,#10555,.T.);
#10557=ORIENTED_EDGE('',*,*,#7587,.T.);
#10559=ORIENTED_EDGE('',*,*,#10558,.F.);
#10561=ORIENTED_EDGE('',*,*,#10560,.F.);
#10562=EDGE_LOOP('',(#10539,#10540,#10542,#10543,#10544,#10546,#10548,#10550,
#10552,#10554,#10556,#10557,#10559,#10561));
#10563=FACE_OUTER_BOUND('',#10562,.F.);
#10564=ADVANCED_FACE('',(#10563),#10537,.F.);
#10565=CARTESIAN_POINT('',(-7.632853617691E-1,1.264E0,4.97E0));
#10566=DIRECTION('',(0.E0,7.071067811865E-1,-7.071067811865E-1));
#10567=DIRECTION('',(0.E0,7.071067811865E-1,7.071067811865E-1));
#10568=AXIS2_PLACEMENT_3D('',#10565,#10566,#10567);
#10569=PLANE('',#10568);
#10571=ORIENTED_EDGE('',*,*,#10570,.F.);
#10573=ORIENTED_EDGE('',*,*,#10572,.F.);
#10575=ORIENTED_EDGE('',*,*,#10574,.F.);
#10576=ORIENTED_EDGE('',*,*,#9600,.F.);
#10577=ORIENTED_EDGE('',*,*,#10538,.F.);
#10579=ORIENTED_EDGE('',*,*,#10578,.F.);
#10580=EDGE_LOOP('',(#10571,#10573,#10575,#10576,#10577,#10579));
#10581=FACE_OUTER_BOUND('',#10580,.F.);
#10582=ADVANCED_FACE('',(#10581),#10569,.T.);
#10583=CARTESIAN_POINT('',(-5.1E-1,2.044E0,4.7E0));
#10584=DIRECTION('',(0.E0,-1.E0,0.E0));
#10585=DIRECTION('',(0.E0,0.E0,-1.E0));
#10586=AXIS2_PLACEMENT_3D('',#10583,#10584,#10585);
#10587=CYLINDRICAL_SURFACE('',#10586,2.35E-1);
#10589=ORIENTED_EDGE('',*,*,#10588,.F.);
#10590=ORIENTED_EDGE('',*,*,#10570,.T.);
#10592=ORIENTED_EDGE('',*,*,#10591,.F.);
#10594=ORIENTED_EDGE('',*,*,#10593,.T.);
#10596=ORIENTED_EDGE('',*,*,#10595,.F.);
#10598=ORIENTED_EDGE('',*,*,#10597,.F.);
#10600=ORIENTED_EDGE('',*,*,#10599,.T.);
#10601=EDGE_LOOP('',(#10589,#10590,#10592,#10594,#10596,#10598,#10600));
#10602=FACE_OUTER_BOUND('',#10601,.F.);
#10603=ADVANCED_FACE('',(#10602),#10587,.F.);
#10604=CARTESIAN_POINT('',(-2.35E-1,1.034E0,1.E0));
#10605=DIRECTION('',(0.E0,-1.E0,0.E0));
#10606=DIRECTION('',(-1.E0,0.E0,0.E0));
#10607=AXIS2_PLACEMENT_3D('',#10604,#10605,#10606);
#10608=PLANE('',#10607);
#10610=ORIENTED_EDGE('',*,*,#10609,.F.);
#10611=ORIENTED_EDGE('',*,*,#10572,.T.);
#10612=ORIENTED_EDGE('',*,*,#10588,.T.);
#10614=ORIENTED_EDGE('',*,*,#10613,.T.);
#10616=ORIENTED_EDGE('',*,*,#10615,.T.);
#10617=EDGE_LOOP('',(#10610,#10611,#10612,#10614,#10616));
#10618=FACE_OUTER_BOUND('',#10617,.F.);
#10619=ADVANCED_FACE('',(#10618),#10608,.F.);
#10620=CARTESIAN_POINT('',(-2.35E-1,0.E0,0.E0));
#10621=DIRECTION('',(-1.E0,0.E0,0.E0));
#10622=DIRECTION('',(0.E0,0.E0,1.E0));
#10623=AXIS2_PLACEMENT_3D('',#10620,#10621,#10622);
#10624=PLANE('',#10623);
#10625=ORIENTED_EDGE('',*,*,#10609,.T.);
#10627=ORIENTED_EDGE('',*,*,#10626,.F.);
#10628=ORIENTED_EDGE('',*,*,#7591,.F.);
#10630=ORIENTED_EDGE('',*,*,#10629,.T.);
#10632=ORIENTED_EDGE('',*,*,#10631,.T.);
#10634=ORIENTED_EDGE('',*,*,#10633,.T.);
#10636=ORIENTED_EDGE('',*,*,#10635,.T.);
#10638=ORIENTED_EDGE('',*,*,#10637,.T.);
#10640=ORIENTED_EDGE('',*,*,#10639,.T.);
#10642=ORIENTED_EDGE('',*,*,#10641,.F.);
#10644=ORIENTED_EDGE('',*,*,#10643,.T.);
#10646=ORIENTED_EDGE('',*,*,#10645,.F.);
#10647=ORIENTED_EDGE('',*,*,#9602,.T.);
#10648=ORIENTED_EDGE('',*,*,#10574,.T.);
#10649=EDGE_LOOP('',(#10625,#10627,#10628,#10630,#10632,#10634,#10636,#10638,
#10640,#10642,#10644,#10646,#10647,#10648));
#10650=FACE_OUTER_BOUND('',#10649,.F.);
#10651=ADVANCED_FACE('',(#10650),#10624,.T.);
#10652=CARTESIAN_POINT('',(4.94E0,3.E-1,1.E0));
#10653=DIRECTION('',(0.E0,0.E0,1.E0));
#10654=DIRECTION('',(-1.E0,0.E0,0.E0));
#10655=AXIS2_PLACEMENT_3D('',#10652,#10653,#10654);
#10656=PLANE('',#10655);
#10658=ORIENTED_EDGE('',*,*,#10657,.F.);
#10660=ORIENTED_EDGE('',*,*,#10659,.T.);
#10662=ORIENTED_EDGE('',*,*,#10661,.T.);
#10664=ORIENTED_EDGE('',*,*,#10663,.T.);
#10666=ORIENTED_EDGE('',*,*,#10665,.T.);
#10667=ORIENTED_EDGE('',*,*,#7593,.T.);
#10668=ORIENTED_EDGE('',*,*,#10626,.T.);
#10669=EDGE_LOOP('',(#10658,#10660,#10662,#10664,#10666,#10667,#10668));
#10670=FACE_OUTER_BOUND('',#10669,.F.);
#10671=ADVANCED_FACE('',(#10670),#10656,.F.);
#10672=CARTESIAN_POINT('',(-2.35E-1,2.044E0,1.E0));
#10673=DIRECTION('',(9.999314095130E-1,0.E0,1.171222734422E-2));
#10674=DIRECTION('',(-1.171222734422E-2,0.E0,9.999314095130E-1));
#10675=AXIS2_PLACEMENT_3D('',#10672,#10673,#10674);
#10676=PLANE('',#10675);
#10677=ORIENTED_EDGE('',*,*,#10615,.F.);
#10679=ORIENTED_EDGE('',*,*,#10678,.F.);
#10681=ORIENTED_EDGE('',*,*,#10680,.F.);
#10682=ORIENTED_EDGE('',*,*,#10657,.T.);
#10683=EDGE_LOOP('',(#10677,#10679,#10681,#10682));
#10684=FACE_OUTER_BOUND('',#10683,.F.);
#10685=ADVANCED_FACE('',(#10684),#10676,.F.);
#10686=CARTESIAN_POINT('',(-2.75E-1,2.044E0,4.415E0));
#10687=DIRECTION('',(1.E0,0.E0,0.E0));
#10688=DIRECTION('',(0.E0,0.E0,1.E0));
#10689=AXIS2_PLACEMENT_3D('',#10686,#10687,#10688);
#10690=PLANE('',#10689);
#10691=ORIENTED_EDGE('',*,*,#10613,.F.);
#10692=ORIENTED_EDGE('',*,*,#10599,.F.);
#10694=ORIENTED_EDGE('',*,*,#10693,.T.);
#10695=ORIENTED_EDGE('',*,*,#10678,.T.);
#10696=EDGE_LOOP('',(#10691,#10692,#10694,#10695));
#10697=FACE_OUTER_BOUND('',#10696,.F.);
#10698=ADVANCED_FACE('',(#10697),#10690,.F.);
#10699=CARTESIAN_POINT('',(4.94E0,3.E-1,1.1E1));
#10700=DIRECTION('',(0.E0,1.E0,0.E0));
#10701=DIRECTION('',(-1.E0,0.E0,0.E0));
#10702=AXIS2_PLACEMENT_3D('',#10699,#10700,#10701);
#10703=PLANE('',#10702);
#10705=ORIENTED_EDGE('',*,*,#10704,.T.);
#10707=ORIENTED_EDGE('',*,*,#10706,.F.);
#10709=ORIENTED_EDGE('',*,*,#10708,.T.);
#10711=ORIENTED_EDGE('',*,*,#10710,.T.);
#10713=ORIENTED_EDGE('',*,*,#10712,.F.);
#10715=ORIENTED_EDGE('',*,*,#10714,.T.);
#10717=ORIENTED_EDGE('',*,*,#10716,.F.);
#10719=ORIENTED_EDGE('',*,*,#10718,.T.);
#10721=ORIENTED_EDGE('',*,*,#10720,.F.);
#10722=ORIENTED_EDGE('',*,*,#9709,.T.);
#10723=ORIENTED_EDGE('',*,*,#9707,.T.);
#10725=ORIENTED_EDGE('',*,*,#10724,.F.);
#10727=ORIENTED_EDGE('',*,*,#10726,.T.);
#10728=ORIENTED_EDGE('',*,*,#7696,.F.);
#10729=ORIENTED_EDGE('',*,*,#7737,.T.);
#10731=ORIENTED_EDGE('',*,*,#10730,.T.);
#10732=ORIENTED_EDGE('',*,*,#7558,.F.);
#10734=ORIENTED_EDGE('',*,*,#10733,.F.);
#10736=ORIENTED_EDGE('',*,*,#10735,.T.);
#10738=ORIENTED_EDGE('',*,*,#10737,.F.);
#10740=ORIENTED_EDGE('',*,*,#10739,.T.);
#10742=ORIENTED_EDGE('',*,*,#10741,.T.);
#10744=ORIENTED_EDGE('',*,*,#10743,.F.);
#10746=ORIENTED_EDGE('',*,*,#10745,.T.);
#10748=ORIENTED_EDGE('',*,*,#10747,.F.);
#10750=ORIENTED_EDGE('',*,*,#10749,.T.);
#10752=ORIENTED_EDGE('',*,*,#10751,.F.);
#10754=ORIENTED_EDGE('',*,*,#10753,.T.);
#10756=ORIENTED_EDGE('',*,*,#10755,.T.);
#10758=ORIENTED_EDGE('',*,*,#10757,.F.);
#10760=ORIENTED_EDGE('',*,*,#10759,.T.);
#10762=ORIENTED_EDGE('',*,*,#10761,.F.);
#10764=ORIENTED_EDGE('',*,*,#10763,.T.);
#10766=ORIENTED_EDGE('',*,*,#10765,.F.);
#10768=ORIENTED_EDGE('',*,*,#10767,.T.);
#10770=ORIENTED_EDGE('',*,*,#10769,.T.);
#10772=ORIENTED_EDGE('',*,*,#10771,.F.);
#10774=ORIENTED_EDGE('',*,*,#10773,.T.);
#10775=ORIENTED_EDGE('',*,*,#10659,.F.);
#10776=ORIENTED_EDGE('',*,*,#10680,.T.);
#10777=ORIENTED_EDGE('',*,*,#10693,.F.);
#10778=ORIENTED_EDGE('',*,*,#10597,.T.);
#10779=ORIENTED_EDGE('',*,*,#10595,.T.);
#10781=ORIENTED_EDGE('',*,*,#10780,.F.);
#10783=ORIENTED_EDGE('',*,*,#10782,.T.);
#10785=ORIENTED_EDGE('',*,*,#10784,.F.);
#10786=EDGE_LOOP('',(#10705,#10707,#10709,#10711,#10713,#10715,#10717,#10719,
#10721,#10722,#10723,#10725,#10727,#10728,#10729,#10731,#10732,#10734,#10736,
#10738,#10740,#10742,#10744,#10746,#10748,#10750,#10752,#10754,#10756,#10758,
#10760,#10762,#10764,#10766,#10768,#10770,#10772,#10774,#10775,#10776,#10777,
#10778,#10779,#10781,#10783,#10785));
#10787=FACE_OUTER_BOUND('',#10786,.F.);
#10788=ADVANCED_FACE('',(#10787),#10703,.F.);
#10789=CARTESIAN_POINT('',(-1.255E0,2.044E0,1.E0));
#10790=DIRECTION('',(9.986072696789E-1,0.E0,5.275908400018E-2));
#10791=DIRECTION('',(-5.275908400018E-2,0.E0,9.986072696789E-1));
#10792=AXIS2_PLACEMENT_3D('',#10789,#10790,#10791);
#10793=PLANE('',#10792);
#10794=ORIENTED_EDGE('',*,*,#9588,.F.);
#10796=ORIENTED_EDGE('',*,*,#10795,.F.);
#10797=ORIENTED_EDGE('',*,*,#10704,.F.);
#10799=ORIENTED_EDGE('',*,*,#10798,.T.);
#10800=EDGE_LOOP('',(#10794,#10796,#10797,#10799));
#10801=FACE_OUTER_BOUND('',#10800,.F.);
#10802=ADVANCED_FACE('',(#10801),#10793,.F.);
#10803=CARTESIAN_POINT('',(-1.301228582449E0,2.044E0,1.875E0));
#10804=DIRECTION('',(1.E0,0.E0,0.E0));
#10805=DIRECTION('',(0.E0,0.E0,1.E0));
#10806=AXIS2_PLACEMENT_3D('',#10803,#10804,#10805);
#10807=PLANE('',#10806);
#10808=ORIENTED_EDGE('',*,*,#9586,.F.);
#10810=ORIENTED_EDGE('',*,*,#10809,.F.);
#10811=ORIENTED_EDGE('',*,*,#10706,.T.);
#10812=ORIENTED_EDGE('',*,*,#10795,.T.);
#10813=EDGE_LOOP('',(#10808,#10810,#10811,#10812));
#10814=FACE_OUTER_BOUND('',#10813,.F.);
#10815=ADVANCED_FACE('',(#10814),#10807,.F.);
#10816=CARTESIAN_POINT('',(-1.536228582449E0,2.044E0,2.16E0));
#10817=DIRECTION('',(0.E0,-1.E0,0.E0));
#10818=DIRECTION('',(0.E0,0.E0,-1.E0));
#10819=AXIS2_PLACEMENT_3D('',#10816,#10817,#10818);
#10820=CYLINDRICAL_SURFACE('',#10819,2.35E-1);
#10821=ORIENTED_EDGE('',*,*,#9584,.F.);
#10822=ORIENTED_EDGE('',*,*,#9582,.F.);
#10824=ORIENTED_EDGE('',*,*,#10823,.T.);
#10825=ORIENTED_EDGE('',*,*,#10710,.F.);
#10826=ORIENTED_EDGE('',*,*,#10708,.F.);
#10827=ORIENTED_EDGE('',*,*,#10809,.T.);
#10828=EDGE_LOOP('',(#10821,#10822,#10824,#10825,#10826,#10827));
#10829=FACE_OUTER_BOUND('',#10828,.F.);
#10830=ADVANCED_FACE('',(#10829),#10820,.F.);
#10831=CARTESIAN_POINT('',(-1.771228582449E0,2.044E0,2.16E0));
#10832=DIRECTION('',(-1.E0,0.E0,0.E0));
#10833=DIRECTION('',(0.E0,0.E0,-1.E0));
#10834=AXIS2_PLACEMENT_3D('',#10831,#10832,#10833);
#10835=PLANE('',#10834);
#10836=ORIENTED_EDGE('',*,*,#9580,.F.);
#10838=ORIENTED_EDGE('',*,*,#10837,.F.);
#10839=ORIENTED_EDGE('',*,*,#10712,.T.);
#10840=ORIENTED_EDGE('',*,*,#10823,.F.);
#10841=EDGE_LOOP('',(#10836,#10838,#10839,#10840));
#10842=FACE_OUTER_BOUND('',#10841,.F.);
#10843=ADVANCED_FACE('',(#10842),#10835,.F.);
#10844=CARTESIAN_POINT('',(-1.771228582449E0,2.044E0,1.875E0));
#10845=DIRECTION('',(-9.987511192967E-1,0.E0,4.996200259729E-2));
#10846=DIRECTION('',(-4.996200259729E-2,0.E0,-9.987511192967E-1));
#10847=AXIS2_PLACEMENT_3D('',#10844,#10845,#10846);
#10848=PLANE('',#10847);
#10849=ORIENTED_EDGE('',*,*,#10331,.F.);
#10851=ORIENTED_EDGE('',*,*,#10850,.F.);
#10853=ORIENTED_EDGE('',*,*,#10852,.F.);
#10854=ORIENTED_EDGE('',*,*,#10714,.F.);
#10855=ORIENTED_EDGE('',*,*,#10837,.T.);
#10856=ORIENTED_EDGE('',*,*,#9578,.F.);
#10857=EDGE_LOOP('',(#10849,#10851,#10853,#10854,#10855,#10856));
#10858=FACE_OUTER_BOUND('',#10857,.F.);
#10859=ADVANCED_FACE('',(#10858),#10848,.F.);
#10860=CARTESIAN_POINT('',(-1.255E0,2.044E0,7.197E0));
#10861=DIRECTION('',(0.E0,1.E0,0.E0));
#10862=DIRECTION('',(0.E0,0.E0,-1.E0));
#10863=AXIS2_PLACEMENT_3D('',#10860,#10861,#10862);
#10864=PLANE('',#10863);
#10866=ORIENTED_EDGE('',*,*,#10865,.F.);
#10867=ORIENTED_EDGE('',*,*,#10850,.T.);
#10868=ORIENTED_EDGE('',*,*,#10329,.T.);
#10869=EDGE_LOOP('',(#10866,#10867,#10868));
#10870=FACE_OUTER_BOUND('',#10869,.F.);
#10871=ADVANCED_FACE('',(#10870),#10864,.F.);
#10872=CARTESIAN_POINT('',(4.94E0,3.E-1,1.E0));
#10873=DIRECTION('',(0.E0,0.E0,1.E0));
#10874=DIRECTION('',(-1.E0,0.E0,0.E0));
#10875=AXIS2_PLACEMENT_3D('',#10872,#10873,#10874);
#10876=PLANE('',#10875);
#10878=ORIENTED_EDGE('',*,*,#10877,.F.);
#10879=ORIENTED_EDGE('',*,*,#10716,.T.);
#10880=ORIENTED_EDGE('',*,*,#10852,.T.);
#10881=ORIENTED_EDGE('',*,*,#10865,.T.);
#10882=ORIENTED_EDGE('',*,*,#10327,.T.);
#10883=ORIENTED_EDGE('',*,*,#7577,.T.);
#10884=ORIENTED_EDGE('',*,*,#9757,.T.);
#10885=EDGE_LOOP('',(#10878,#10879,#10880,#10881,#10882,#10883,#10884));
#10886=FACE_OUTER_BOUND('',#10885,.F.);
#10887=ADVANCED_FACE('',(#10886),#10876,.F.);
#10888=CARTESIAN_POINT('',(-2.275E0,2.044E0,1.E0));
#10889=DIRECTION('',(9.999314095130E-1,0.E0,1.171222734422E-2));
#10890=DIRECTION('',(-1.171222734422E-2,0.E0,9.999314095130E-1));
#10891=AXIS2_PLACEMENT_3D('',#10888,#10889,#10890);
#10892=PLANE('',#10891);
#10893=ORIENTED_EDGE('',*,*,#9727,.F.);
#10895=ORIENTED_EDGE('',*,*,#10894,.F.);
#10896=ORIENTED_EDGE('',*,*,#10718,.F.);
#10897=ORIENTED_EDGE('',*,*,#10877,.T.);
#10898=EDGE_LOOP('',(#10893,#10895,#10896,#10897));
#10899=FACE_OUTER_BOUND('',#10898,.F.);
#10900=ADVANCED_FACE('',(#10899),#10892,.F.);
#10901=CARTESIAN_POINT('',(-2.315E0,2.044E0,4.415E0));
#10902=DIRECTION('',(1.E0,0.E0,0.E0));
#10903=DIRECTION('',(0.E0,0.E0,1.E0));
#10904=AXIS2_PLACEMENT_3D('',#10901,#10902,#10903);
#10905=PLANE('',#10904);
#10906=ORIENTED_EDGE('',*,*,#9725,.F.);
#10907=ORIENTED_EDGE('',*,*,#9711,.F.);
#10908=ORIENTED_EDGE('',*,*,#10720,.T.);
#10909=ORIENTED_EDGE('',*,*,#10894,.T.);
#10910=EDGE_LOOP('',(#10906,#10907,#10908,#10909));
#10911=FACE_OUTER_BOUND('',#10910,.F.);
#10912=ADVANCED_FACE('',(#10911),#10905,.F.);
#10913=CARTESIAN_POINT('',(4.94E0,3.E-1,1.E0));
#10914=DIRECTION('',(0.E0,0.E0,1.E0));
#10915=DIRECTION('',(-1.E0,0.E0,0.E0));
#10916=AXIS2_PLACEMENT_3D('',#10913,#10914,#10915);
#10917=PLANE('',#10916);
#10918=ORIENTED_EDGE('',*,*,#10558,.T.);
#10919=ORIENTED_EDGE('',*,*,#7585,.T.);
#10920=ORIENTED_EDGE('',*,*,#10414,.T.);
#10921=ORIENTED_EDGE('',*,*,#10798,.F.);
#10922=ORIENTED_EDGE('',*,*,#10784,.T.);
#10924=ORIENTED_EDGE('',*,*,#10923,.T.);
#10925=EDGE_LOOP('',(#10918,#10919,#10920,#10921,#10922,#10924));
#10926=FACE_OUTER_BOUND('',#10925,.F.);
#10927=ADVANCED_FACE('',(#10926),#10917,.F.);
#10928=CARTESIAN_POINT('',(-7.45E-1,2.044E0,4.415E0));
#10929=DIRECTION('',(-9.999314095130E-1,0.E0,1.171222734422E-2));
#10930=DIRECTION('',(-1.171222734422E-2,0.E0,-9.999314095130E-1));
#10931=AXIS2_PLACEMENT_3D('',#10928,#10929,#10930);
#10932=PLANE('',#10931);
#10934=ORIENTED_EDGE('',*,*,#10933,.F.);
#10935=ORIENTED_EDGE('',*,*,#10923,.F.);
#10936=ORIENTED_EDGE('',*,*,#10782,.F.);
#10938=ORIENTED_EDGE('',*,*,#10937,.T.);
#10939=EDGE_LOOP('',(#10934,#10935,#10936,#10938));
#10940=FACE_OUTER_BOUND('',#10939,.F.);
#10941=ADVANCED_FACE('',(#10940),#10932,.F.);
#10942=CARTESIAN_POINT('',(-2.35E-1,1.034E0,1.E0));
#10943=DIRECTION('',(0.E0,-1.E0,0.E0));
#10944=DIRECTION('',(-1.E0,0.E0,0.E0));
#10945=AXIS2_PLACEMENT_3D('',#10942,#10943,#10944);
#10946=PLANE('',#10945);
#10947=ORIENTED_EDGE('',*,*,#10578,.T.);
#10948=ORIENTED_EDGE('',*,*,#10560,.T.);
#10949=ORIENTED_EDGE('',*,*,#10933,.T.);
#10951=ORIENTED_EDGE('',*,*,#10950,.T.);
#10952=ORIENTED_EDGE('',*,*,#10591,.T.);
#10953=EDGE_LOOP('',(#10947,#10948,#10949,#10951,#10952));
#10954=FACE_OUTER_BOUND('',#10953,.F.);
#10955=ADVANCED_FACE('',(#10954),#10946,.F.);
#10956=CARTESIAN_POINT('',(-7.45E-1,2.044E0,4.7E0));
#10957=DIRECTION('',(-1.E0,0.E0,0.E0));
#10958=DIRECTION('',(0.E0,0.E0,-1.E0));
#10959=AXIS2_PLACEMENT_3D('',#10956,#10957,#10958);
#10960=PLANE('',#10959);
#10961=ORIENTED_EDGE('',*,*,#10950,.F.);
#10962=ORIENTED_EDGE('',*,*,#10937,.F.);
#10963=ORIENTED_EDGE('',*,*,#10780,.T.);
#10964=ORIENTED_EDGE('',*,*,#10593,.F.);
#10965=EDGE_LOOP('',(#10961,#10962,#10963,#10964));
#10966=FACE_OUTER_BOUND('',#10965,.F.);
#10967=ADVANCED_FACE('',(#10966),#10960,.F.);
#10968=CARTESIAN_POINT('',(-2.785E0,2.044E0,4.7E0));
#10969=DIRECTION('',(-1.E0,0.E0,0.E0));
#10970=DIRECTION('',(0.E0,0.E0,-1.E0));
#10971=AXIS2_PLACEMENT_3D('',#10968,#10969,#10970);
#10972=PLANE('',#10971);
#10974=ORIENTED_EDGE('',*,*,#10973,.F.);
#10976=ORIENTED_EDGE('',*,*,#10975,.F.);
#10977=ORIENTED_EDGE('',*,*,#10724,.T.);
#10978=ORIENTED_EDGE('',*,*,#9705,.F.);
#10979=EDGE_LOOP('',(#10974,#10976,#10977,#10978));
#10980=FACE_OUTER_BOUND('',#10979,.F.);
#10981=ADVANCED_FACE('',(#10980),#10972,.F.);
#10982=CARTESIAN_POINT('',(-2.275E0,1.034E0,1.E0));
#10983=DIRECTION('',(0.E0,-1.E0,0.E0));
#10984=DIRECTION('',(-1.E0,0.E0,0.E0));
#10985=AXIS2_PLACEMENT_3D('',#10982,#10983,#10984);
#10986=PLANE('',#10985);
#10987=ORIENTED_EDGE('',*,*,#9690,.T.);
#10988=ORIENTED_EDGE('',*,*,#7662,.T.);
#10990=ORIENTED_EDGE('',*,*,#10989,.T.);
#10991=ORIENTED_EDGE('',*,*,#10973,.T.);
#10992=ORIENTED_EDGE('',*,*,#9703,.T.);
#10993=EDGE_LOOP('',(#10987,#10988,#10990,#10991,#10992));
#10994=FACE_OUTER_BOUND('',#10993,.F.);
#10995=ADVANCED_FACE('',(#10994),#10986,.F.);
#10996=CARTESIAN_POINT('',(-2.785E0,2.044E0,4.415E0));
#10997=DIRECTION('',(-9.999314095130E-1,0.E0,1.171222734422E-2));
#10998=DIRECTION('',(-1.171222734422E-2,0.E0,-9.999314095130E-1));
#10999=AXIS2_PLACEMENT_3D('',#10996,#10997,#10998);
#11000=PLANE('',#10999);
#11001=ORIENTED_EDGE('',*,*,#10989,.F.);
#11002=ORIENTED_EDGE('',*,*,#7698,.F.);
#11003=ORIENTED_EDGE('',*,*,#10726,.F.);
#11004=ORIENTED_EDGE('',*,*,#10975,.T.);
#11005=EDGE_LOOP('',(#11001,#11002,#11003,#11004));
#11006=FACE_OUTER_BOUND('',#11005,.F.);
#11007=ADVANCED_FACE('',(#11006),#11000,.F.);
#11008=CARTESIAN_POINT('',(-4.94E0,0.E0,6.9E0));
#11009=DIRECTION('',(0.E0,-3.162277660168E-1,-9.486832980505E-1));
#11010=DIRECTION('',(0.E0,9.486832980505E-1,-3.162277660168E-1));
#11011=AXIS2_PLACEMENT_3D('',#11008,#11009,#11010);
#11012=PLANE('',#11011);
#11013=ORIENTED_EDGE('',*,*,#7735,.F.);
#11014=ORIENTED_EDGE('',*,*,#7800,.F.);
#11015=ORIENTED_EDGE('',*,*,#7560,.F.);
#11016=ORIENTED_EDGE('',*,*,#10730,.F.);
#11017=EDGE_LOOP('',(#11013,#11014,#11015,#11016));
#11018=FACE_OUTER_BOUND('',#11017,.F.);
#11019=ADVANCED_FACE('',(#11018),#11012,.T.);
#11020=CARTESIAN_POINT('',(4.94E0,3.E-1,1.E0));
#11021=DIRECTION('',(0.E0,0.E0,1.E0));
#11022=DIRECTION('',(-1.E0,0.E0,0.E0));
#11023=AXIS2_PLACEMENT_3D('',#11020,#11021,#11022);
#11024=PLANE('',#11023);
#11026=ORIENTED_EDGE('',*,*,#11025,.F.);
#11028=ORIENTED_EDGE('',*,*,#11027,.T.);
#11029=ORIENTED_EDGE('',*,*,#7617,.T.);
#11031=ORIENTED_EDGE('',*,*,#11030,.T.);
#11033=ORIENTED_EDGE('',*,*,#11032,.F.);
#11034=ORIENTED_EDGE('',*,*,#10733,.T.);
#11035=ORIENTED_EDGE('',*,*,#7556,.T.);
#11036=EDGE_LOOP('',(#11026,#11028,#11029,#11031,#11033,#11034,#11035));
#11037=FACE_OUTER_BOUND('',#11036,.F.);
#11038=ADVANCED_FACE('',(#11037),#11024,.F.);
#11039=CARTESIAN_POINT('',(4.94E0,1.034E0,1.E0));
#11040=DIRECTION('',(0.E0,-1.E0,0.E0));
#11041=DIRECTION('',(-1.E0,0.E0,0.E0));
#11042=AXIS2_PLACEMENT_3D('',#11039,#11040,#11041);
#11043=PLANE('',#11042);
#11044=ORIENTED_EDGE('',*,*,#11025,.T.);
#11045=ORIENTED_EDGE('',*,*,#7554,.F.);
#11047=ORIENTED_EDGE('',*,*,#11046,.F.);
#11049=ORIENTED_EDGE('',*,*,#11048,.T.);
#11050=EDGE_LOOP('',(#11044,#11045,#11047,#11049));
#11051=FACE_OUTER_BOUND('',#11050,.F.);
#11052=ADVANCED_FACE('',(#11051),#11043,.F.);
#11053=CARTESIAN_POINT('',(-5.105E0,1.34E1,9.45E0));
#11054=DIRECTION('',(0.E0,0.E0,1.E0));
#11055=DIRECTION('',(0.E0,-1.E0,0.E0));
#11056=AXIS2_PLACEMENT_3D('',#11053,#11054,#11055);
#11057=PLANE('',#11056);
#11058=ORIENTED_EDGE('',*,*,#7552,.T.);
#11059=ORIENTED_EDGE('',*,*,#7621,.T.);
#11061=ORIENTED_EDGE('',*,*,#11060,.T.);
#11062=ORIENTED_EDGE('',*,*,#11046,.T.);
#11063=EDGE_LOOP('',(#11058,#11059,#11061,#11062));
#11064=FACE_OUTER_BOUND('',#11063,.F.);
#11065=ADVANCED_FACE('',(#11064),#11057,.F.);
#11066=CARTESIAN_POINT('',(3.325E0,1.034E0,1.E0));
#11067=DIRECTION('',(-1.E0,0.E0,0.E0));
#11068=DIRECTION('',(0.E0,1.E0,0.E0));
#11069=AXIS2_PLACEMENT_3D('',#11066,#11067,#11068);
#11070=PLANE('',#11069);
#11071=ORIENTED_EDGE('',*,*,#11027,.F.);
#11072=ORIENTED_EDGE('',*,*,#11048,.F.);
#11073=ORIENTED_EDGE('',*,*,#11060,.F.);
#11074=ORIENTED_EDGE('',*,*,#7619,.T.);
#11075=EDGE_LOOP('',(#11071,#11072,#11073,#11074));
#11076=FACE_OUTER_BOUND('',#11075,.F.);
#11077=ADVANCED_FACE('',(#11076),#11070,.F.);
#11078=CARTESIAN_POINT('',(2.825E0,0.E0,0.E0));
#11079=DIRECTION('',(-1.E0,0.E0,0.E0));
#11080=DIRECTION('',(0.E0,0.E0,1.E0));
#11081=AXIS2_PLACEMENT_3D('',#11078,#11079,#11080);
#11082=PLANE('',#11081);
#11084=ORIENTED_EDGE('',*,*,#11083,.T.);
#11086=ORIENTED_EDGE('',*,*,#11085,.T.);
#11088=ORIENTED_EDGE('',*,*,#11087,.T.);
#11090=ORIENTED_EDGE('',*,*,#11089,.T.);
#11092=ORIENTED_EDGE('',*,*,#11091,.T.);
#11094=ORIENTED_EDGE('',*,*,#11093,.T.);
#11096=ORIENTED_EDGE('',*,*,#11095,.T.);
#11098=ORIENTED_EDGE('',*,*,#11097,.F.);
#11100=ORIENTED_EDGE('',*,*,#11099,.T.);
#11102=ORIENTED_EDGE('',*,*,#11101,.F.);
#11103=ORIENTED_EDGE('',*,*,#9658,.T.);
#11104=ORIENTED_EDGE('',*,*,#11030,.F.);
#11105=ORIENTED_EDGE('',*,*,#7615,.F.);
#11106=EDGE_LOOP('',(#11084,#11086,#11088,#11090,#11092,#11094,#11096,#11098,
#11100,#11102,#11103,#11104,#11105));
#11107=FACE_OUTER_BOUND('',#11106,.F.);
#11108=ADVANCED_FACE('',(#11107),#11082,.T.);
#11109=CARTESIAN_POINT('',(2.825E0,2.044E0,1.875E0));
#11110=DIRECTION('',(0.E0,0.E0,1.E0));
#11111=DIRECTION('',(-1.E0,0.E0,0.E0));
#11112=AXIS2_PLACEMENT_3D('',#11109,#11110,#11111);
#11113=PLANE('',#11112);
#11115=ORIENTED_EDGE('',*,*,#11114,.F.);
#11116=ORIENTED_EDGE('',*,*,#11083,.F.);
#11117=ORIENTED_EDGE('',*,*,#7613,.F.);
#11119=ORIENTED_EDGE('',*,*,#11118,.T.);
#11120=EDGE_LOOP('',(#11115,#11116,#11117,#11119));
#11121=FACE_OUTER_BOUND('',#11120,.F.);
#11122=ADVANCED_FACE('',(#11121),#11113,.F.);
#11123=CARTESIAN_POINT('',(2.55E0,2.194E0,2.025E0));
#11124=DIRECTION('',(0.E0,-7.071067811865E-1,-7.071067811865E-1));
#11125=DIRECTION('',(0.E0,7.071067811865E-1,-7.071067811865E-1));
#11126=AXIS2_PLACEMENT_3D('',#11123,#11124,#11125);
#11127=PLANE('',#11126);
#11128=ORIENTED_EDGE('',*,*,#11114,.T.);
#11130=ORIENTED_EDGE('',*,*,#11129,.F.);
#11132=ORIENTED_EDGE('',*,*,#11131,.F.);
#11133=ORIENTED_EDGE('',*,*,#11085,.F.);
#11134=EDGE_LOOP('',(#11128,#11130,#11132,#11133));
#11135=FACE_OUTER_BOUND('',#11134,.F.);
#11136=ADVANCED_FACE('',(#11135),#11127,.T.);
#11137=CARTESIAN_POINT('',(2.275E0,0.E0,0.E0));
#11138=DIRECTION('',(-1.E0,0.E0,0.E0));
#11139=DIRECTION('',(0.E0,0.E0,1.E0));
#11140=AXIS2_PLACEMENT_3D('',#11137,#11138,#11139);
#11141=PLANE('',#11140);
#11143=ORIENTED_EDGE('',*,*,#11142,.F.);
#11144=ORIENTED_EDGE('',*,*,#11129,.T.);
#11145=ORIENTED_EDGE('',*,*,#11118,.F.);
#11146=ORIENTED_EDGE('',*,*,#7611,.F.);
#11148=ORIENTED_EDGE('',*,*,#11147,.F.);
#11150=ORIENTED_EDGE('',*,*,#11149,.F.);
#11152=ORIENTED_EDGE('',*,*,#11151,.T.);
#11153=ORIENTED_EDGE('',*,*,#9644,.F.);
#11155=ORIENTED_EDGE('',*,*,#11154,.F.);
#11157=ORIENTED_EDGE('',*,*,#11156,.T.);
#11159=ORIENTED_EDGE('',*,*,#11158,.F.);
#11161=ORIENTED_EDGE('',*,*,#11160,.T.);
#11163=ORIENTED_EDGE('',*,*,#11162,.F.);
#11165=ORIENTED_EDGE('',*,*,#11164,.T.);
#11167=ORIENTED_EDGE('',*,*,#11166,.T.);
#11168=EDGE_LOOP('',(#11143,#11144,#11145,#11146,#11148,#11150,#11152,#11153,
#11155,#11157,#11159,#11161,#11163,#11165,#11167));
#11169=FACE_OUTER_BOUND('',#11168,.F.);
#11170=ADVANCED_FACE('',(#11169),#11141,.F.);
#11171=CARTESIAN_POINT('',(2.825E0,2.044E0,7.197E0));
#11172=DIRECTION('',(0.E0,1.E0,0.E0));
#11173=DIRECTION('',(0.E0,0.E0,-1.E0));
#11174=AXIS2_PLACEMENT_3D('',#11171,#11172,#11173);
#11175=PLANE('',#11174);
#11176=ORIENTED_EDGE('',*,*,#11131,.T.);
#11177=ORIENTED_EDGE('',*,*,#11142,.T.);
#11179=ORIENTED_EDGE('',*,*,#11178,.F.);
#11180=ORIENTED_EDGE('',*,*,#11087,.F.);
#11181=EDGE_LOOP('',(#11176,#11177,#11179,#11180));
#11182=FACE_OUTER_BOUND('',#11181,.F.);
#11183=ADVANCED_FACE('',(#11182),#11175,.F.);
#11184=CARTESIAN_POINT('',(2.825E0,2.547E0,7.197E0));
#11185=DIRECTION('',(-1.E0,0.E0,0.E0));
#11186=DIRECTION('',(0.E0,0.E0,1.E0));
#11187=AXIS2_PLACEMENT_3D('',#11184,#11185,#11186);
#11188=CYLINDRICAL_SURFACE('',#11187,5.03E-1);
#11189=ORIENTED_EDGE('',*,*,#11091,.F.);
#11190=ORIENTED_EDGE('',*,*,#11089,.F.);
#11191=ORIENTED_EDGE('',*,*,#11178,.T.);
#11192=ORIENTED_EDGE('',*,*,#11166,.F.);
#11193=ORIENTED_EDGE('',*,*,#11164,.F.);
#11195=ORIENTED_EDGE('',*,*,#11194,.T.);
#11196=EDGE_LOOP('',(#11189,#11190,#11191,#11192,#11193,#11195));
#11197=FACE_OUTER_BOUND('',#11196,.F.);
#11198=ADVANCED_FACE('',(#11197),#11188,.T.);
#11199=CARTESIAN_POINT('',(2.825E0,3.05E0,4.975833024920E0));
#11200=DIRECTION('',(0.E0,-1.E0,0.E0));
#11201=DIRECTION('',(0.E0,0.E0,1.E0));
#11202=AXIS2_PLACEMENT_3D('',#11199,#11200,#11201);
#11203=PLANE('',#11202);
#11204=ORIENTED_EDGE('',*,*,#11093,.F.);
#11205=ORIENTED_EDGE('',*,*,#11194,.F.);
#11206=ORIENTED_EDGE('',*,*,#11162,.T.);
#11208=ORIENTED_EDGE('',*,*,#11207,.T.);
#11209=EDGE_LOOP('',(#11204,#11205,#11206,#11208));
#11210=FACE_OUTER_BOUND('',#11209,.F.);
#11211=ADVANCED_FACE('',(#11210),#11203,.F.);
#11212=CARTESIAN_POINT('',(2.825E0,3.7E0,3.85E0));
#11213=DIRECTION('',(0.E0,-8.660254037844E-1,-5.E-1));
#11214=DIRECTION('',(0.E0,-5.E-1,8.660254037844E-1));
#11215=AXIS2_PLACEMENT_3D('',#11212,#11213,#11214);
#11216=PLANE('',#11215);
#11217=ORIENTED_EDGE('',*,*,#8686,.F.);
#11219=ORIENTED_EDGE('',*,*,#11218,.T.);
#11220=ORIENTED_EDGE('',*,*,#11095,.F.);
#11221=ORIENTED_EDGE('',*,*,#11207,.F.);
#11222=ORIENTED_EDGE('',*,*,#11160,.F.);
#11224=ORIENTED_EDGE('',*,*,#11223,.T.);
#11225=EDGE_LOOP('',(#11217,#11219,#11220,#11221,#11222,#11224));
#11226=FACE_OUTER_BOUND('',#11225,.F.);
#11227=ADVANCED_FACE('',(#11226),#11216,.F.);
#11228=CARTESIAN_POINT('',(2.975E0,3.55E0,9.594325983078E-1));
#11229=DIRECTION('',(0.E0,0.E0,1.E0));
#11230=DIRECTION('',(0.E0,1.E0,0.E0));
#11231=AXIS2_PLACEMENT_3D('',#11228,#11229,#11230);
#11232=CYLINDRICAL_SURFACE('',#11231,1.5E-1);
#11233=ORIENTED_EDGE('',*,*,#8684,.T.);
#11235=ORIENTED_EDGE('',*,*,#11234,.F.);
#11236=ORIENTED_EDGE('',*,*,#11097,.T.);
#11237=ORIENTED_EDGE('',*,*,#11218,.F.);
#11238=EDGE_LOOP('',(#11233,#11235,#11236,#11237));
#11239=FACE_OUTER_BOUND('',#11238,.F.);
#11240=ADVANCED_FACE('',(#11239),#11232,.T.);
#11241=CARTESIAN_POINT('',(2.975E0,3.2E0,7.8E0));
#11242=DIRECTION('',(1.E0,0.E0,0.E0));
#11243=DIRECTION('',(0.E0,9.963856141287E-1,-8.494532333978E-2));
#11244=AXIS2_PLACEMENT_3D('',#11241,#11242,#11243);
#11245=TOROIDAL_SURFACE('',#11244,3.5E-1,1.5E-1);
#11247=ORIENTED_EDGE('',*,*,#11246,.T.);
#11249=ORIENTED_EDGE('',*,*,#11248,.T.);
#11250=ORIENTED_EDGE('',*,*,#11099,.F.);
#11251=ORIENTED_EDGE('',*,*,#11234,.T.);
#11252=EDGE_LOOP('',(#11247,#11249,#11250,#11251));
#11253=FACE_OUTER_BOUND('',#11252,.F.);
#11254=ADVANCED_FACE('',(#11253),#11245,.T.);
#11255=CARTESIAN_POINT('',(-4.987461953404E0,3.2E0,7.8E0));
#11256=DIRECTION('',(1.E0,0.E0,0.E0));
#11257=DIRECTION('',(0.E0,1.E0,0.E0));
#11258=AXIS2_PLACEMENT_3D('',#11255,#11256,#11257);
#11259=CYLINDRICAL_SURFACE('',#11258,5.E-1);
#11260=ORIENTED_EDGE('',*,*,#11246,.F.);
#11261=ORIENTED_EDGE('',*,*,#8682,.T.);
#11263=ORIENTED_EDGE('',*,*,#11262,.F.);
#11265=ORIENTED_EDGE('',*,*,#11264,.T.);
#11266=EDGE_LOOP('',(#11260,#11261,#11263,#11265));
#11267=FACE_OUTER_BOUND('',#11266,.F.);
#11268=ADVANCED_FACE('',(#11267),#11259,.T.);
#11269=CARTESIAN_POINT('',(3.1E0,1.494E0,1.1E1));
#11270=DIRECTION('',(1.E0,0.E0,0.E0));
#11271=DIRECTION('',(0.E0,1.E0,0.E0));
#11272=AXIS2_PLACEMENT_3D('',#11269,#11270,#11271);
#11273=PLANE('',#11272);
#11274=ORIENTED_EDGE('',*,*,#9531,.F.);
#11275=ORIENTED_EDGE('',*,*,#9553,.T.);
#11276=ORIENTED_EDGE('',*,*,#9664,.F.);
#11278=ORIENTED_EDGE('',*,*,#11277,.F.);
#11279=ORIENTED_EDGE('',*,*,#11262,.T.);
#11280=ORIENTED_EDGE('',*,*,#8680,.F.);
#11281=ORIENTED_EDGE('',*,*,#9517,.T.);
#11282=EDGE_LOOP('',(#11274,#11275,#11276,#11278,#11279,#11280,#11281));
#11283=FACE_OUTER_BOUND('',#11282,.F.);
#11284=ADVANCED_FACE('',(#11283),#11273,.F.);
#11285=CARTESIAN_POINT('',(0.E0,0.E0,8.3E0));
#11286=DIRECTION('',(0.E0,0.E0,1.E0));
#11287=DIRECTION('',(1.E0,0.E0,0.E0));
#11288=AXIS2_PLACEMENT_3D('',#11285,#11286,#11287);
#11289=PLANE('',#11288);
#11291=ORIENTED_EDGE('',*,*,#11290,.F.);
#11292=ORIENTED_EDGE('',*,*,#11264,.F.);
#11293=ORIENTED_EDGE('',*,*,#11277,.T.);
#11294=ORIENTED_EDGE('',*,*,#9662,.T.);
#11295=EDGE_LOOP('',(#11291,#11292,#11293,#11294));
#11296=FACE_OUTER_BOUND('',#11295,.F.);
#11297=ADVANCED_FACE('',(#11296),#11289,.T.);
#11298=CARTESIAN_POINT('',(2.975E0,3.241282887316E0,8.15E0));
#11299=DIRECTION('',(0.E0,-1.E0,0.E0));
#11300=DIRECTION('',(0.E0,0.E0,1.E0));
#11301=AXIS2_PLACEMENT_3D('',#11298,#11299,#11300);
#11302=CYLINDRICAL_SURFACE('',#11301,1.5E-1);
#11303=ORIENTED_EDGE('',*,*,#11101,.T.);
#11304=ORIENTED_EDGE('',*,*,#11248,.F.);
#11305=ORIENTED_EDGE('',*,*,#11290,.T.);
#11306=ORIENTED_EDGE('',*,*,#9660,.F.);
#11307=EDGE_LOOP('',(#11303,#11304,#11305,#11306));
#11308=FACE_OUTER_BOUND('',#11307,.F.);
#11309=ADVANCED_FACE('',(#11308),#11302,.T.);
#11310=CARTESIAN_POINT('',(2.125E0,3.55E0,8.357628251366E0));
#11311=DIRECTION('',(0.E0,0.E0,-1.E0));
#11312=DIRECTION('',(0.E0,1.E0,0.E0));
#11313=AXIS2_PLACEMENT_3D('',#11310,#11311,#11312);
#11314=CYLINDRICAL_SURFACE('',#11313,1.5E-1);
#11315=ORIENTED_EDGE('',*,*,#11158,.T.);
#11317=ORIENTED_EDGE('',*,*,#11316,.F.);
#11318=ORIENTED_EDGE('',*,*,#8688,.T.);
#11319=ORIENTED_EDGE('',*,*,#11223,.F.);
#11320=EDGE_LOOP('',(#11315,#11317,#11318,#11319));
#11321=FACE_OUTER_BOUND('',#11320,.F.);
#11322=ADVANCED_FACE('',(#11321),#11314,.T.);
#11323=CARTESIAN_POINT('',(2.125E0,3.2E0,7.8E0));
#11324=DIRECTION('',(1.E0,0.E0,0.E0));
#11325=DIRECTION('',(0.E0,-7.793415164429E-2,9.969585086690E-1));
#11326=AXIS2_PLACEMENT_3D('',#11323,#11324,#11325);
#11327=TOROIDAL_SURFACE('',#11326,3.5E-1,1.5E-1);
#11329=ORIENTED_EDGE('',*,*,#11328,.T.);
#11330=ORIENTED_EDGE('',*,*,#11316,.T.);
#11331=ORIENTED_EDGE('',*,*,#11156,.F.);
#11333=ORIENTED_EDGE('',*,*,#11332,.T.);
#11334=EDGE_LOOP('',(#11329,#11330,#11331,#11333));
#11335=FACE_OUTER_BOUND('',#11334,.F.);
#11336=ADVANCED_FACE('',(#11335),#11327,.T.);
#11337=CARTESIAN_POINT('',(-4.987461953404E0,3.2E0,7.8E0));
#11338=DIRECTION('',(1.E0,0.E0,0.E0));
#11339=DIRECTION('',(0.E0,1.E0,0.E0));
#11340=AXIS2_PLACEMENT_3D('',#11337,#11338,#11339);
#11341=CYLINDRICAL_SURFACE('',#11340,5.E-1);
#11342=ORIENTED_EDGE('',*,*,#11328,.F.);
#11344=ORIENTED_EDGE('',*,*,#11343,.T.);
#11346=ORIENTED_EDGE('',*,*,#11345,.F.);
#11347=ORIENTED_EDGE('',*,*,#8690,.T.);
#11348=EDGE_LOOP('',(#11342,#11344,#11346,#11347));
#11349=FACE_OUTER_BOUND('',#11348,.F.);
#11350=ADVANCED_FACE('',(#11349),#11341,.T.);
#11351=CARTESIAN_POINT('',(0.E0,0.E0,8.3E0));
#11352=DIRECTION('',(0.E0,0.E0,1.E0));
#11353=DIRECTION('',(1.E0,0.E0,0.E0));
#11354=AXIS2_PLACEMENT_3D('',#11351,#11352,#11353);
#11355=PLANE('',#11354);
#11357=ORIENTED_EDGE('',*,*,#11356,.F.);
#11358=ORIENTED_EDGE('',*,*,#9640,.T.);
#11360=ORIENTED_EDGE('',*,*,#11359,.F.);
#11361=ORIENTED_EDGE('',*,*,#11343,.F.);
#11362=EDGE_LOOP('',(#11357,#11358,#11360,#11361));
#11363=FACE_OUTER_BOUND('',#11362,.F.);
#11364=ADVANCED_FACE('',(#11363),#11355,.T.);
#11365=CARTESIAN_POINT('',(2.125E0,1.458725925577E0,8.15E0));
#11366=DIRECTION('',(0.E0,1.E0,0.E0));
#11367=DIRECTION('',(0.E0,0.E0,1.E0));
#11368=AXIS2_PLACEMENT_3D('',#11365,#11366,#11367);
#11369=CYLINDRICAL_SURFACE('',#11368,1.5E-1);
#11370=ORIENTED_EDGE('',*,*,#11356,.T.);
#11371=ORIENTED_EDGE('',*,*,#11332,.F.);
#11372=ORIENTED_EDGE('',*,*,#11154,.T.);
#11373=ORIENTED_EDGE('',*,*,#9642,.F.);
#11374=EDGE_LOOP('',(#11370,#11371,#11372,#11373));
#11375=FACE_OUTER_BOUND('',#11374,.F.);
#11376=ADVANCED_FACE('',(#11375),#11369,.T.);
#11377=CARTESIAN_POINT('',(1.955E0,3.241282887316E0,8.15E0));
#11378=DIRECTION('',(0.E0,-1.E0,0.E0));
#11379=DIRECTION('',(0.E0,0.E0,1.E0));
#11380=AXIS2_PLACEMENT_3D('',#11377,#11378,#11379);
#11381=CYLINDRICAL_SURFACE('',#11380,1.5E-1);
#11383=ORIENTED_EDGE('',*,*,#11382,.T.);
#11385=ORIENTED_EDGE('',*,*,#11384,.F.);
#11386=ORIENTED_EDGE('',*,*,#11359,.T.);
#11387=ORIENTED_EDGE('',*,*,#9638,.F.);
#11388=EDGE_LOOP('',(#11383,#11385,#11386,#11387));
#11389=FACE_OUTER_BOUND('',#11388,.F.);
#11390=ADVANCED_FACE('',(#11389),#11381,.T.);
#11391=CARTESIAN_POINT('',(1.805E0,0.E0,0.E0));
#11392=DIRECTION('',(-1.E0,0.E0,0.E0));
#11393=DIRECTION('',(0.E0,0.E0,1.E0));
#11394=AXIS2_PLACEMENT_3D('',#11391,#11392,#11393);
#11395=PLANE('',#11394);
#11397=ORIENTED_EDGE('',*,*,#11396,.T.);
#11399=ORIENTED_EDGE('',*,*,#11398,.F.);
#11400=ORIENTED_EDGE('',*,*,#7607,.F.);
#11402=ORIENTED_EDGE('',*,*,#11401,.T.);
#11404=ORIENTED_EDGE('',*,*,#11403,.T.);
#11406=ORIENTED_EDGE('',*,*,#11405,.T.);
#11408=ORIENTED_EDGE('',*,*,#11407,.T.);
#11410=ORIENTED_EDGE('',*,*,#11409,.T.);
#11412=ORIENTED_EDGE('',*,*,#11411,.T.);
#11414=ORIENTED_EDGE('',*,*,#11413,.F.);
#11416=ORIENTED_EDGE('',*,*,#11415,.T.);
#11417=ORIENTED_EDGE('',*,*,#11382,.F.);
#11418=ORIENTED_EDGE('',*,*,#9636,.T.);
#11420=ORIENTED_EDGE('',*,*,#11419,.T.);
#11421=EDGE_LOOP('',(#11397,#11399,#11400,#11402,#11404,#11406,#11408,#11410,
#11412,#11414,#11416,#11417,#11418,#11420));
#11422=FACE_OUTER_BOUND('',#11421,.F.);
#11423=ADVANCED_FACE('',(#11422),#11395,.T.);
#11424=CARTESIAN_POINT('',(1.805E0,1.034E0,1.E0));
#11425=DIRECTION('',(0.E0,-1.E0,0.E0));
#11426=DIRECTION('',(-1.E0,0.E0,0.E0));
#11427=AXIS2_PLACEMENT_3D('',#11424,#11425,#11426);
#11428=PLANE('',#11427);
#11429=ORIENTED_EDGE('',*,*,#11396,.F.);
#11431=ORIENTED_EDGE('',*,*,#11430,.T.);
#11433=ORIENTED_EDGE('',*,*,#11432,.T.);
#11435=ORIENTED_EDGE('',*,*,#11434,.T.);
#11437=ORIENTED_EDGE('',*,*,#11436,.T.);
#11438=EDGE_LOOP('',(#11429,#11431,#11433,#11435,#11437));
#11439=FACE_OUTER_BOUND('',#11438,.F.);
#11440=ADVANCED_FACE('',(#11439),#11428,.F.);
#11441=CARTESIAN_POINT('',(1.276714638231E0,1.264E0,4.97E0));
#11442=DIRECTION('',(0.E0,7.071067811865E-1,-7.071067811865E-1));
#11443=DIRECTION('',(0.E0,7.071067811865E-1,7.071067811865E-1));
#11444=AXIS2_PLACEMENT_3D('',#11441,#11442,#11443);
#11445=PLANE('',#11444);
#11447=ORIENTED_EDGE('',*,*,#11446,.F.);
#11448=ORIENTED_EDGE('',*,*,#11430,.F.);
#11449=ORIENTED_EDGE('',*,*,#11419,.F.);
#11450=ORIENTED_EDGE('',*,*,#9634,.F.);
#11452=ORIENTED_EDGE('',*,*,#11451,.F.);
#11454=ORIENTED_EDGE('',*,*,#11453,.F.);
#11455=EDGE_LOOP('',(#11447,#11448,#11449,#11450,#11452,#11454));
#11456=FACE_OUTER_BOUND('',#11455,.F.);
#11457=ADVANCED_FACE('',(#11456),#11445,.T.);
#11458=CARTESIAN_POINT('',(1.53E0,2.044E0,4.7E0));
#11459=DIRECTION('',(0.E0,-1.E0,0.E0));
#11460=DIRECTION('',(0.E0,0.E0,-1.E0));
#11461=AXIS2_PLACEMENT_3D('',#11458,#11459,#11460);
#11462=CYLINDRICAL_SURFACE('',#11461,2.35E-1);
#11463=ORIENTED_EDGE('',*,*,#11432,.F.);
#11464=ORIENTED_EDGE('',*,*,#11446,.T.);
#11466=ORIENTED_EDGE('',*,*,#11465,.F.);
#11468=ORIENTED_EDGE('',*,*,#11467,.T.);
#11469=ORIENTED_EDGE('',*,*,#10755,.F.);
#11470=ORIENTED_EDGE('',*,*,#10753,.F.);
#11472=ORIENTED_EDGE('',*,*,#11471,.T.);
#11473=EDGE_LOOP('',(#11463,#11464,#11466,#11468,#11469,#11470,#11472));
#11474=FACE_OUTER_BOUND('',#11473,.F.);
#11475=ADVANCED_FACE('',(#11474),#11462,.F.);
#11476=CARTESIAN_POINT('',(1.805E0,1.034E0,1.E0));
#11477=DIRECTION('',(0.E0,-1.E0,0.E0));
#11478=DIRECTION('',(-1.E0,0.E0,0.E0));
#11479=AXIS2_PLACEMENT_3D('',#11476,#11477,#11478);
#11480=PLANE('',#11479);
#11481=ORIENTED_EDGE('',*,*,#11453,.T.);
#11483=ORIENTED_EDGE('',*,*,#11482,.T.);
#11485=ORIENTED_EDGE('',*,*,#11484,.T.);
#11487=ORIENTED_EDGE('',*,*,#11486,.T.);
#11488=ORIENTED_EDGE('',*,*,#11465,.T.);
#11489=EDGE_LOOP('',(#11481,#11483,#11485,#11487,#11488));
#11490=FACE_OUTER_BOUND('',#11489,.F.);
#11491=ADVANCED_FACE('',(#11490),#11480,.F.);
#11492=CARTESIAN_POINT('',(1.255E0,0.E0,0.E0));
#11493=DIRECTION('',(-1.E0,0.E0,0.E0));
#11494=DIRECTION('',(0.E0,0.E0,1.E0));
#11495=AXIS2_PLACEMENT_3D('',#11492,#11493,#11494);
#11496=PLANE('',#11495);
#11497=ORIENTED_EDGE('',*,*,#11451,.T.);
#11498=ORIENTED_EDGE('',*,*,#9632,.F.);
#11500=ORIENTED_EDGE('',*,*,#11499,.F.);
#11502=ORIENTED_EDGE('',*,*,#11501,.T.);
#11504=ORIENTED_EDGE('',*,*,#11503,.F.);
#11506=ORIENTED_EDGE('',*,*,#11505,.T.);
#11508=ORIENTED_EDGE('',*,*,#11507,.F.);
#11510=ORIENTED_EDGE('',*,*,#11509,.T.);
#11512=ORIENTED_EDGE('',*,*,#11511,.T.);
#11514=ORIENTED_EDGE('',*,*,#11513,.F.);
#11516=ORIENTED_EDGE('',*,*,#11515,.T.);
#11517=ORIENTED_EDGE('',*,*,#7603,.T.);
#11519=ORIENTED_EDGE('',*,*,#11518,.F.);
#11520=ORIENTED_EDGE('',*,*,#11482,.F.);
#11521=EDGE_LOOP('',(#11497,#11498,#11500,#11502,#11504,#11506,#11508,#11510,
#11512,#11514,#11516,#11517,#11519,#11520));
#11522=FACE_OUTER_BOUND('',#11521,.F.);
#11523=ADVANCED_FACE('',(#11522),#11496,.F.);
#11524=CARTESIAN_POINT('',(1.105E0,1.454214567109E0,8.15E0));
#11525=DIRECTION('',(0.E0,1.E0,0.E0));
#11526=DIRECTION('',(0.E0,0.E0,1.E0));
#11527=AXIS2_PLACEMENT_3D('',#11524,#11525,#11526);
#11528=CYLINDRICAL_SURFACE('',#11527,1.5E-1);
#11530=ORIENTED_EDGE('',*,*,#11529,.T.);
#11532=ORIENTED_EDGE('',*,*,#11531,.F.);
#11533=ORIENTED_EDGE('',*,*,#11499,.T.);
#11534=ORIENTED_EDGE('',*,*,#9630,.F.);
#11535=EDGE_LOOP('',(#11530,#11532,#11533,#11534));
#11536=FACE_OUTER_BOUND('',#11535,.F.);
#11537=ADVANCED_FACE('',(#11536),#11528,.T.);
#11538=CARTESIAN_POINT('',(0.E0,0.E0,8.3E0));
#11539=DIRECTION('',(0.E0,0.E0,1.E0));
#11540=DIRECTION('',(1.E0,0.E0,0.E0));
#11541=AXIS2_PLACEMENT_3D('',#11538,#11539,#11540);
#11542=PLANE('',#11541);
#11543=ORIENTED_EDGE('',*,*,#11529,.F.);
#11544=ORIENTED_EDGE('',*,*,#9628,.T.);
#11546=ORIENTED_EDGE('',*,*,#11545,.F.);
#11548=ORIENTED_EDGE('',*,*,#11547,.F.);
#11549=EDGE_LOOP('',(#11543,#11544,#11546,#11548));
#11550=FACE_OUTER_BOUND('',#11549,.F.);
#11551=ADVANCED_FACE('',(#11550),#11542,.T.);
#11552=CARTESIAN_POINT('',(9.35E-1,3.241282887316E0,8.15E0));
#11553=DIRECTION('',(0.E0,-1.E0,0.E0));
#11554=DIRECTION('',(0.E0,0.E0,1.E0));
#11555=AXIS2_PLACEMENT_3D('',#11552,#11553,#11554);
#11556=CYLINDRICAL_SURFACE('',#11555,1.5E-1);
#11558=ORIENTED_EDGE('',*,*,#11557,.T.);
#11560=ORIENTED_EDGE('',*,*,#11559,.F.);
#11561=ORIENTED_EDGE('',*,*,#11545,.T.);
#11562=ORIENTED_EDGE('',*,*,#9626,.F.);
#11563=EDGE_LOOP('',(#11558,#11560,#11561,#11562));
#11564=FACE_OUTER_BOUND('',#11563,.F.);
#11565=ADVANCED_FACE('',(#11564),#11556,.T.);
#11566=CARTESIAN_POINT('',(7.85E-1,0.E0,0.E0));
#11567=DIRECTION('',(-1.E0,0.E0,0.E0));
#11568=DIRECTION('',(0.E0,0.E0,1.E0));
#11569=AXIS2_PLACEMENT_3D('',#11566,#11567,#11568);
#11570=PLANE('',#11569);
#11572=ORIENTED_EDGE('',*,*,#11571,.T.);
#11574=ORIENTED_EDGE('',*,*,#11573,.T.);
#11576=ORIENTED_EDGE('',*,*,#11575,.T.);
#11578=ORIENTED_EDGE('',*,*,#11577,.T.);
#11580=ORIENTED_EDGE('',*,*,#11579,.T.);
#11582=ORIENTED_EDGE('',*,*,#11581,.T.);
#11584=ORIENTED_EDGE('',*,*,#11583,.T.);
#11586=ORIENTED_EDGE('',*,*,#11585,.F.);
#11588=ORIENTED_EDGE('',*,*,#11587,.T.);
#11589=ORIENTED_EDGE('',*,*,#11557,.F.);
#11590=ORIENTED_EDGE('',*,*,#9624,.T.);
#11592=ORIENTED_EDGE('',*,*,#11591,.F.);
#11593=ORIENTED_EDGE('',*,*,#7599,.F.);
#11594=EDGE_LOOP('',(#11572,#11574,#11576,#11578,#11580,#11582,#11584,#11586,
#11588,#11589,#11590,#11592,#11593));
#11595=FACE_OUTER_BOUND('',#11594,.F.);
#11596=ADVANCED_FACE('',(#11595),#11570,.T.);
#11597=CARTESIAN_POINT('',(7.85E-1,2.044E0,1.875E0));
#11598=DIRECTION('',(0.E0,0.E0,1.E0));
#11599=DIRECTION('',(-1.E0,0.E0,0.E0));
#11600=AXIS2_PLACEMENT_3D('',#11597,#11598,#11599);
#11601=PLANE('',#11600);
#11603=ORIENTED_EDGE('',*,*,#11602,.F.);
#11604=ORIENTED_EDGE('',*,*,#11571,.F.);
#11605=ORIENTED_EDGE('',*,*,#7597,.F.);
#11607=ORIENTED_EDGE('',*,*,#11606,.T.);
#11608=EDGE_LOOP('',(#11603,#11604,#11605,#11607));
#11609=FACE_OUTER_BOUND('',#11608,.F.);
#11610=ADVANCED_FACE('',(#11609),#11601,.F.);
#11611=CARTESIAN_POINT('',(5.1E-1,2.194E0,2.025E0));
#11612=DIRECTION('',(0.E0,-7.071067811865E-1,-7.071067811865E-1));
#11613=DIRECTION('',(0.E0,7.071067811865E-1,-7.071067811865E-1));
#11614=AXIS2_PLACEMENT_3D('',#11611,#11612,#11613);
#11615=PLANE('',#11614);
#11616=ORIENTED_EDGE('',*,*,#11602,.T.);
#11618=ORIENTED_EDGE('',*,*,#11617,.F.);
#11620=ORIENTED_EDGE('',*,*,#11619,.F.);
#11621=ORIENTED_EDGE('',*,*,#11573,.F.);
#11622=EDGE_LOOP('',(#11616,#11618,#11620,#11621));
#11623=FACE_OUTER_BOUND('',#11622,.F.);
#11624=ADVANCED_FACE('',(#11623),#11615,.T.);
#11625=CARTESIAN_POINT('',(2.35E-1,0.E0,0.E0));
#11626=DIRECTION('',(-1.E0,0.E0,0.E0));
#11627=DIRECTION('',(0.E0,0.E0,1.E0));
#11628=AXIS2_PLACEMENT_3D('',#11625,#11626,#11627);
#11629=PLANE('',#11628);
#11631=ORIENTED_EDGE('',*,*,#11630,.F.);
#11632=ORIENTED_EDGE('',*,*,#11617,.T.);
#11633=ORIENTED_EDGE('',*,*,#11606,.F.);
#11634=ORIENTED_EDGE('',*,*,#7595,.F.);
#11635=ORIENTED_EDGE('',*,*,#10665,.F.);
#11637=ORIENTED_EDGE('',*,*,#11636,.F.);
#11639=ORIENTED_EDGE('',*,*,#11638,.T.);
#11640=ORIENTED_EDGE('',*,*,#9610,.F.);
#11642=ORIENTED_EDGE('',*,*,#11641,.F.);
#11644=ORIENTED_EDGE('',*,*,#11643,.T.);
#11646=ORIENTED_EDGE('',*,*,#11645,.F.);
#11648=ORIENTED_EDGE('',*,*,#11647,.T.);
#11650=ORIENTED_EDGE('',*,*,#11649,.F.);
#11652=ORIENTED_EDGE('',*,*,#11651,.T.);
#11654=ORIENTED_EDGE('',*,*,#11653,.T.);
#11655=EDGE_LOOP('',(#11631,#11632,#11633,#11634,#11635,#11637,#11639,#11640,
#11642,#11644,#11646,#11648,#11650,#11652,#11654));
#11656=FACE_OUTER_BOUND('',#11655,.F.);
#11657=ADVANCED_FACE('',(#11656),#11629,.F.);
#11658=CARTESIAN_POINT('',(7.85E-1,2.044E0,7.197E0));
#11659=DIRECTION('',(0.E0,1.E0,0.E0));
#11660=DIRECTION('',(0.E0,0.E0,-1.E0));
#11661=AXIS2_PLACEMENT_3D('',#11658,#11659,#11660);
#11662=PLANE('',#11661);
#11663=ORIENTED_EDGE('',*,*,#11619,.T.);
#11664=ORIENTED_EDGE('',*,*,#11630,.T.);
#11666=ORIENTED_EDGE('',*,*,#11665,.F.);
#11667=ORIENTED_EDGE('',*,*,#11575,.F.);
#11668=EDGE_LOOP('',(#11663,#11664,#11666,#11667));
#11669=FACE_OUTER_BOUND('',#11668,.F.);
#11670=ADVANCED_FACE('',(#11669),#11662,.F.);
#11671=CARTESIAN_POINT('',(7.85E-1,2.547E0,7.197E0));
#11672=DIRECTION('',(-1.E0,0.E0,0.E0));
#11673=DIRECTION('',(0.E0,0.E0,1.E0));
#11674=AXIS2_PLACEMENT_3D('',#11671,#11672,#11673);
#11675=CYLINDRICAL_SURFACE('',#11674,5.03E-1);
#11676=ORIENTED_EDGE('',*,*,#11579,.F.);
#11677=ORIENTED_EDGE('',*,*,#11577,.F.);
#11678=ORIENTED_EDGE('',*,*,#11665,.T.);
#11679=ORIENTED_EDGE('',*,*,#11653,.F.);
#11680=ORIENTED_EDGE('',*,*,#11651,.F.);
#11682=ORIENTED_EDGE('',*,*,#11681,.T.);
#11683=EDGE_LOOP('',(#11676,#11677,#11678,#11679,#11680,#11682));
#11684=FACE_OUTER_BOUND('',#11683,.F.);
#11685=ADVANCED_FACE('',(#11684),#11675,.T.);
#11686=CARTESIAN_POINT('',(7.85E-1,3.05E0,4.975833024920E0));
#11687=DIRECTION('',(0.E0,-1.E0,0.E0));
#11688=DIRECTION('',(0.E0,0.E0,1.E0));
#11689=AXIS2_PLACEMENT_3D('',#11686,#11687,#11688);
#11690=PLANE('',#11689);
#11691=ORIENTED_EDGE('',*,*,#11581,.F.);
#11692=ORIENTED_EDGE('',*,*,#11681,.F.);
#11693=ORIENTED_EDGE('',*,*,#11649,.T.);
#11695=ORIENTED_EDGE('',*,*,#11694,.T.);
#11696=EDGE_LOOP('',(#11691,#11692,#11693,#11695));
#11697=FACE_OUTER_BOUND('',#11696,.F.);
#11698=ADVANCED_FACE('',(#11697),#11690,.F.);
#11699=CARTESIAN_POINT('',(7.85E-1,3.7E0,3.85E0));
#11700=DIRECTION('',(0.E0,-8.660254037844E-1,-5.E-1));
#11701=DIRECTION('',(0.E0,-5.E-1,8.660254037844E-1));
#11702=AXIS2_PLACEMENT_3D('',#11699,#11700,#11701);
#11703=PLANE('',#11702);
#11704=ORIENTED_EDGE('',*,*,#11647,.F.);
#11706=ORIENTED_EDGE('',*,*,#11705,.T.);
#11707=ORIENTED_EDGE('',*,*,#8702,.F.);
#11709=ORIENTED_EDGE('',*,*,#11708,.T.);
#11710=ORIENTED_EDGE('',*,*,#11583,.F.);
#11711=ORIENTED_EDGE('',*,*,#11694,.F.);
#11712=EDGE_LOOP('',(#11704,#11706,#11707,#11709,#11710,#11711));
#11713=FACE_OUTER_BOUND('',#11712,.F.);
#11714=ADVANCED_FACE('',(#11713),#11703,.F.);
#11715=CARTESIAN_POINT('',(8.5E-2,3.55E0,8.357628251366E0));
#11716=DIRECTION('',(0.E0,0.E0,-1.E0));
#11717=DIRECTION('',(0.E0,1.E0,0.E0));
#11718=AXIS2_PLACEMENT_3D('',#11715,#11716,#11717);
#11719=CYLINDRICAL_SURFACE('',#11718,1.5E-1);
#11720=ORIENTED_EDGE('',*,*,#11645,.T.);
#11722=ORIENTED_EDGE('',*,*,#11721,.F.);
#11723=ORIENTED_EDGE('',*,*,#8704,.T.);
#11724=ORIENTED_EDGE('',*,*,#11705,.F.);
#11725=EDGE_LOOP('',(#11720,#11722,#11723,#11724));
#11726=FACE_OUTER_BOUND('',#11725,.F.);
#11727=ADVANCED_FACE('',(#11726),#11719,.T.);
#11728=CARTESIAN_POINT('',(8.5E-2,3.2E0,7.8E0));
#11729=DIRECTION('',(1.E0,0.E0,0.E0));
#11730=DIRECTION('',(0.E0,-7.793415164429E-2,9.969585086690E-1));
#11731=AXIS2_PLACEMENT_3D('',#11728,#11729,#11730);
#11732=TOROIDAL_SURFACE('',#11731,3.5E-1,1.5E-1);
#11734=ORIENTED_EDGE('',*,*,#11733,.T.);
#11735=ORIENTED_EDGE('',*,*,#11721,.T.);
#11736=ORIENTED_EDGE('',*,*,#11643,.F.);
#11738=ORIENTED_EDGE('',*,*,#11737,.T.);
#11739=EDGE_LOOP('',(#11734,#11735,#11736,#11738));
#11740=FACE_OUTER_BOUND('',#11739,.F.);
#11741=ADVANCED_FACE('',(#11740),#11732,.T.);
#11742=CARTESIAN_POINT('',(-4.987461953404E0,3.2E0,7.8E0));
#11743=DIRECTION('',(1.E0,0.E0,0.E0));
#11744=DIRECTION('',(0.E0,1.E0,0.E0));
#11745=AXIS2_PLACEMENT_3D('',#11742,#11743,#11744);
#11746=CYLINDRICAL_SURFACE('',#11745,5.E-1);
#11747=ORIENTED_EDGE('',*,*,#11733,.F.);
#11749=ORIENTED_EDGE('',*,*,#11748,.T.);
#11751=ORIENTED_EDGE('',*,*,#11750,.F.);
#11752=ORIENTED_EDGE('',*,*,#8706,.T.);
#11753=EDGE_LOOP('',(#11747,#11749,#11751,#11752));
#11754=FACE_OUTER_BOUND('',#11753,.F.);
#11755=ADVANCED_FACE('',(#11754),#11746,.T.);
#11756=CARTESIAN_POINT('',(0.E0,0.E0,8.3E0));
#11757=DIRECTION('',(0.E0,0.E0,1.E0));
#11758=DIRECTION('',(1.E0,0.E0,0.E0));
#11759=AXIS2_PLACEMENT_3D('',#11756,#11757,#11758);
#11760=PLANE('',#11759);
#11762=ORIENTED_EDGE('',*,*,#11761,.F.);
#11763=ORIENTED_EDGE('',*,*,#9606,.T.);
#11765=ORIENTED_EDGE('',*,*,#11764,.F.);
#11766=ORIENTED_EDGE('',*,*,#11748,.F.);
#11767=EDGE_LOOP('',(#11762,#11763,#11765,#11766));
#11768=FACE_OUTER_BOUND('',#11767,.F.);
#11769=ADVANCED_FACE('',(#11768),#11760,.T.);
#11770=CARTESIAN_POINT('',(8.5E-2,1.458725925577E0,8.15E0));
#11771=DIRECTION('',(0.E0,1.E0,0.E0));
#11772=DIRECTION('',(0.E0,0.E0,1.E0));
#11773=AXIS2_PLACEMENT_3D('',#11770,#11771,#11772);
#11774=CYLINDRICAL_SURFACE('',#11773,1.5E-1);
#11775=ORIENTED_EDGE('',*,*,#11761,.T.);
#11776=ORIENTED_EDGE('',*,*,#11737,.F.);
#11777=ORIENTED_EDGE('',*,*,#11641,.T.);
#11778=ORIENTED_EDGE('',*,*,#9608,.F.);
#11779=EDGE_LOOP('',(#11775,#11776,#11777,#11778));
#11780=FACE_OUTER_BOUND('',#11779,.F.);
#11781=ADVANCED_FACE('',(#11780),#11774,.T.);
#11782=CARTESIAN_POINT('',(-8.5E-2,3.241282887316E0,8.15E0));
#11783=DIRECTION('',(0.E0,-1.E0,0.E0));
#11784=DIRECTION('',(0.E0,0.E0,1.E0));
#11785=AXIS2_PLACEMENT_3D('',#11782,#11783,#11784);
#11786=CYLINDRICAL_SURFACE('',#11785,1.5E-1);
#11787=ORIENTED_EDGE('',*,*,#10645,.T.);
#11789=ORIENTED_EDGE('',*,*,#11788,.F.);
#11790=ORIENTED_EDGE('',*,*,#11764,.T.);
#11791=ORIENTED_EDGE('',*,*,#9604,.F.);
#11792=EDGE_LOOP('',(#11787,#11789,#11790,#11791));
#11793=FACE_OUTER_BOUND('',#11792,.F.);
#11794=ADVANCED_FACE('',(#11793),#11786,.T.);
#11795=CARTESIAN_POINT('',(-8.5E-2,3.2E0,7.8E0));
#11796=DIRECTION('',(1.E0,0.E0,0.E0));
#11797=DIRECTION('',(0.E0,9.963856141287E-1,-8.494532333978E-2));
#11798=AXIS2_PLACEMENT_3D('',#11795,#11796,#11797);
#11799=TOROIDAL_SURFACE('',#11798,3.5E-1,1.5E-1);
#11800=ORIENTED_EDGE('',*,*,#11750,.T.);
#11801=ORIENTED_EDGE('',*,*,#11788,.T.);
#11802=ORIENTED_EDGE('',*,*,#10643,.F.);
#11804=ORIENTED_EDGE('',*,*,#11803,.T.);
#11805=EDGE_LOOP('',(#11800,#11801,#11802,#11804));
#11806=FACE_OUTER_BOUND('',#11805,.F.);
#11807=ADVANCED_FACE('',(#11806),#11799,.T.);
#11808=CARTESIAN_POINT('',(-8.5E-2,3.55E0,9.594325983078E-1));
#11809=DIRECTION('',(0.E0,0.E0,1.E0));
#11810=DIRECTION('',(0.E0,1.E0,0.E0));
#11811=AXIS2_PLACEMENT_3D('',#11808,#11809,#11810);
#11812=CYLINDRICAL_SURFACE('',#11811,1.5E-1);
#11813=ORIENTED_EDGE('',*,*,#8708,.T.);
#11814=ORIENTED_EDGE('',*,*,#11803,.F.);
#11815=ORIENTED_EDGE('',*,*,#10641,.T.);
#11817=ORIENTED_EDGE('',*,*,#11816,.F.);
#11818=EDGE_LOOP('',(#11813,#11814,#11815,#11817));
#11819=FACE_OUTER_BOUND('',#11818,.F.);
#11820=ADVANCED_FACE('',(#11819),#11812,.T.);
#11821=CARTESIAN_POINT('',(-2.35E-1,3.7E0,3.85E0));
#11822=DIRECTION('',(0.E0,-8.660254037844E-1,-5.E-1));
#11823=DIRECTION('',(0.E0,-5.E-1,8.660254037844E-1));
#11824=AXIS2_PLACEMENT_3D('',#11821,#11822,#11823);
#11825=PLANE('',#11824);
#11826=ORIENTED_EDGE('',*,*,#10545,.F.);
#11827=ORIENTED_EDGE('',*,*,#10528,.T.);
#11828=ORIENTED_EDGE('',*,*,#8710,.F.);
#11829=ORIENTED_EDGE('',*,*,#11816,.T.);
#11830=ORIENTED_EDGE('',*,*,#10639,.F.);
#11832=ORIENTED_EDGE('',*,*,#11831,.F.);
#11833=EDGE_LOOP('',(#11826,#11827,#11828,#11829,#11830,#11832));
#11834=FACE_OUTER_BOUND('',#11833,.F.);
#11835=ADVANCED_FACE('',(#11834),#11825,.F.);
#11836=CARTESIAN_POINT('',(-2.35E-1,3.05E0,4.975833024920E0));
#11837=DIRECTION('',(0.E0,-1.E0,0.E0));
#11838=DIRECTION('',(0.E0,0.E0,1.E0));
#11839=AXIS2_PLACEMENT_3D('',#11836,#11837,#11838);
#11840=PLANE('',#11839);
#11841=ORIENTED_EDGE('',*,*,#10637,.F.);
#11843=ORIENTED_EDGE('',*,*,#11842,.F.);
#11844=ORIENTED_EDGE('',*,*,#10547,.T.);
#11845=ORIENTED_EDGE('',*,*,#11831,.T.);
#11846=EDGE_LOOP('',(#11841,#11843,#11844,#11845));
#11847=FACE_OUTER_BOUND('',#11846,.F.);
#11848=ADVANCED_FACE('',(#11847),#11840,.F.);
#11849=CARTESIAN_POINT('',(-2.35E-1,2.547E0,7.197E0));
#11850=DIRECTION('',(-1.E0,0.E0,0.E0));
#11851=DIRECTION('',(0.E0,0.E0,1.E0));
#11852=AXIS2_PLACEMENT_3D('',#11849,#11850,#11851);
#11853=CYLINDRICAL_SURFACE('',#11852,5.03E-1);
#11854=ORIENTED_EDGE('',*,*,#10635,.F.);
#11855=ORIENTED_EDGE('',*,*,#10633,.F.);
#11857=ORIENTED_EDGE('',*,*,#11856,.T.);
#11858=ORIENTED_EDGE('',*,*,#10551,.F.);
#11859=ORIENTED_EDGE('',*,*,#10549,.F.);
#11860=ORIENTED_EDGE('',*,*,#11842,.T.);
#11861=EDGE_LOOP('',(#11854,#11855,#11857,#11858,#11859,#11860));
#11862=FACE_OUTER_BOUND('',#11861,.F.);
#11863=ADVANCED_FACE('',(#11862),#11853,.T.);
#11864=CARTESIAN_POINT('',(-2.35E-1,2.044E0,7.197E0));
#11865=DIRECTION('',(0.E0,1.E0,0.E0));
#11866=DIRECTION('',(0.E0,0.E0,-1.E0));
#11867=AXIS2_PLACEMENT_3D('',#11864,#11865,#11866);
#11868=PLANE('',#11867);
#11869=ORIENTED_EDGE('',*,*,#10631,.F.);
#11871=ORIENTED_EDGE('',*,*,#11870,.F.);
#11872=ORIENTED_EDGE('',*,*,#10553,.T.);
#11873=ORIENTED_EDGE('',*,*,#11856,.F.);
#11874=EDGE_LOOP('',(#11869,#11871,#11872,#11873));
#11875=FACE_OUTER_BOUND('',#11874,.F.);
#11876=ADVANCED_FACE('',(#11875),#11868,.F.);
#11877=CARTESIAN_POINT('',(-5.1E-1,2.372E0,3.672E0));
#11878=DIRECTION('',(0.E0,-7.071067811865E-1,-7.071067811865E-1));
#11879=DIRECTION('',(0.E0,-7.071067811865E-1,7.071067811865E-1));
#11880=AXIS2_PLACEMENT_3D('',#11877,#11878,#11879);
#11881=PLANE('',#11880);
#11882=ORIENTED_EDGE('',*,*,#10555,.F.);
#11883=ORIENTED_EDGE('',*,*,#11870,.T.);
#11884=ORIENTED_EDGE('',*,*,#10629,.F.);
#11885=ORIENTED_EDGE('',*,*,#7589,.F.);
#11886=EDGE_LOOP('',(#11882,#11883,#11884,#11885));
#11887=FACE_OUTER_BOUND('',#11886,.F.);
#11888=ADVANCED_FACE('',(#11887),#11881,.T.);
#11889=CARTESIAN_POINT('',(9.35E-1,3.55E0,9.594325983078E-1));
#11890=DIRECTION('',(0.E0,0.E0,1.E0));
#11891=DIRECTION('',(0.E0,1.E0,0.E0));
#11892=AXIS2_PLACEMENT_3D('',#11889,#11890,#11891);
#11893=CYLINDRICAL_SURFACE('',#11892,1.5E-1);
#11894=ORIENTED_EDGE('',*,*,#8700,.T.);
#11896=ORIENTED_EDGE('',*,*,#11895,.F.);
#11897=ORIENTED_EDGE('',*,*,#11585,.T.);
#11898=ORIENTED_EDGE('',*,*,#11708,.F.);
#11899=EDGE_LOOP('',(#11894,#11896,#11897,#11898));
#11900=FACE_OUTER_BOUND('',#11899,.F.);
#11901=ADVANCED_FACE('',(#11900),#11893,.T.);
#11902=CARTESIAN_POINT('',(9.35E-1,3.2E0,7.8E0));
#11903=DIRECTION('',(1.E0,0.E0,0.E0));
#11904=DIRECTION('',(0.E0,9.963856141287E-1,-8.494532333978E-2));
#11905=AXIS2_PLACEMENT_3D('',#11902,#11903,#11904);
#11906=TOROIDAL_SURFACE('',#11905,3.5E-1,1.5E-1);
#11908=ORIENTED_EDGE('',*,*,#11907,.T.);
#11909=ORIENTED_EDGE('',*,*,#11559,.T.);
#11910=ORIENTED_EDGE('',*,*,#11587,.F.);
#11911=ORIENTED_EDGE('',*,*,#11895,.T.);
#11912=EDGE_LOOP('',(#11908,#11909,#11910,#11911));
#11913=FACE_OUTER_BOUND('',#11912,.F.);
#11914=ADVANCED_FACE('',(#11913),#11906,.T.);
#11915=CARTESIAN_POINT('',(-4.987461953404E0,3.2E0,7.8E0));
#11916=DIRECTION('',(1.E0,0.E0,0.E0));
#11917=DIRECTION('',(0.E0,1.E0,0.E0));
#11918=AXIS2_PLACEMENT_3D('',#11915,#11916,#11917);
#11919=CYLINDRICAL_SURFACE('',#11918,5.E-1);
#11921=ORIENTED_EDGE('',*,*,#11920,.F.);
#11922=ORIENTED_EDGE('',*,*,#11547,.T.);
#11923=ORIENTED_EDGE('',*,*,#11907,.F.);
#11924=ORIENTED_EDGE('',*,*,#8698,.T.);
#11925=EDGE_LOOP('',(#11921,#11922,#11923,#11924));
#11926=FACE_OUTER_BOUND('',#11925,.F.);
#11927=ADVANCED_FACE('',(#11926),#11919,.T.);
#11928=CARTESIAN_POINT('',(1.105E0,3.2E0,7.8E0));
#11929=DIRECTION('',(1.E0,0.E0,0.E0));
#11930=DIRECTION('',(0.E0,-7.793415164429E-2,9.969585086690E-1));
#11931=AXIS2_PLACEMENT_3D('',#11928,#11929,#11930);
#11932=TOROIDAL_SURFACE('',#11931,3.5E-1,1.5E-1);
#11933=ORIENTED_EDGE('',*,*,#11920,.T.);
#11935=ORIENTED_EDGE('',*,*,#11934,.T.);
#11936=ORIENTED_EDGE('',*,*,#11501,.F.);
#11937=ORIENTED_EDGE('',*,*,#11531,.T.);
#11938=EDGE_LOOP('',(#11933,#11935,#11936,#11937));
#11939=FACE_OUTER_BOUND('',#11938,.F.);
#11940=ADVANCED_FACE('',(#11939),#11932,.T.);
#11941=CARTESIAN_POINT('',(1.105E0,3.55E0,8.357628251366E0));
#11942=DIRECTION('',(0.E0,0.E0,-1.E0));
#11943=DIRECTION('',(0.E0,1.E0,0.E0));
#11944=AXIS2_PLACEMENT_3D('',#11941,#11942,#11943);
#11945=CYLINDRICAL_SURFACE('',#11944,1.5E-1);
#11946=ORIENTED_EDGE('',*,*,#11503,.T.);
#11947=ORIENTED_EDGE('',*,*,#11934,.F.);
#11948=ORIENTED_EDGE('',*,*,#8696,.T.);
#11950=ORIENTED_EDGE('',*,*,#11949,.F.);
#11951=EDGE_LOOP('',(#11946,#11947,#11948,#11950));
#11952=FACE_OUTER_BOUND('',#11951,.F.);
#11953=ADVANCED_FACE('',(#11952),#11945,.T.);
#11954=CARTESIAN_POINT('',(1.805E0,3.7E0,3.85E0));
#11955=DIRECTION('',(0.E0,-8.660254037844E-1,-5.E-1));
#11956=DIRECTION('',(0.E0,-5.E-1,8.660254037844E-1));
#11957=AXIS2_PLACEMENT_3D('',#11954,#11955,#11956);
#11958=PLANE('',#11957);
#11959=ORIENTED_EDGE('',*,*,#11505,.F.);
#11960=ORIENTED_EDGE('',*,*,#11949,.T.);
#11961=ORIENTED_EDGE('',*,*,#8694,.F.);
#11963=ORIENTED_EDGE('',*,*,#11962,.T.);
#11964=ORIENTED_EDGE('',*,*,#11411,.F.);
#11966=ORIENTED_EDGE('',*,*,#11965,.F.);
#11967=EDGE_LOOP('',(#11959,#11960,#11961,#11963,#11964,#11966));
#11968=FACE_OUTER_BOUND('',#11967,.F.);
#11969=ADVANCED_FACE('',(#11968),#11958,.F.);
#11970=CARTESIAN_POINT('',(1.955E0,3.55E0,9.594325983078E-1));
#11971=DIRECTION('',(0.E0,0.E0,1.E0));
#11972=DIRECTION('',(0.E0,1.E0,0.E0));
#11973=AXIS2_PLACEMENT_3D('',#11970,#11971,#11972);
#11974=CYLINDRICAL_SURFACE('',#11973,1.5E-1);
#11975=ORIENTED_EDGE('',*,*,#8692,.T.);
#11977=ORIENTED_EDGE('',*,*,#11976,.F.);
#11978=ORIENTED_EDGE('',*,*,#11413,.T.);
#11979=ORIENTED_EDGE('',*,*,#11962,.F.);
#11980=EDGE_LOOP('',(#11975,#11977,#11978,#11979));
#11981=FACE_OUTER_BOUND('',#11980,.F.);
#11982=ADVANCED_FACE('',(#11981),#11974,.T.);
#11983=CARTESIAN_POINT('',(1.955E0,3.2E0,7.8E0));
#11984=DIRECTION('',(1.E0,0.E0,0.E0));
#11985=DIRECTION('',(0.E0,9.963856141287E-1,-8.494532333978E-2));
#11986=AXIS2_PLACEMENT_3D('',#11983,#11984,#11985);
#11987=TOROIDAL_SURFACE('',#11986,3.5E-1,1.5E-1);
#11988=ORIENTED_EDGE('',*,*,#11345,.T.);
#11989=ORIENTED_EDGE('',*,*,#11384,.T.);
#11990=ORIENTED_EDGE('',*,*,#11415,.F.);
#11991=ORIENTED_EDGE('',*,*,#11976,.T.);
#11992=EDGE_LOOP('',(#11988,#11989,#11990,#11991));
#11993=FACE_OUTER_BOUND('',#11992,.F.);
#11994=ADVANCED_FACE('',(#11993),#11987,.T.);
#11995=CARTESIAN_POINT('',(1.805E0,3.05E0,4.975833024920E0));
#11996=DIRECTION('',(0.E0,-1.E0,0.E0));
#11997=DIRECTION('',(0.E0,0.E0,1.E0));
#11998=AXIS2_PLACEMENT_3D('',#11995,#11996,#11997);
#11999=PLANE('',#11998);
#12000=ORIENTED_EDGE('',*,*,#11409,.F.);
#12002=ORIENTED_EDGE('',*,*,#12001,.F.);
#12003=ORIENTED_EDGE('',*,*,#11507,.T.);
#12004=ORIENTED_EDGE('',*,*,#11965,.T.);
#12005=EDGE_LOOP('',(#12000,#12002,#12003,#12004));
#12006=FACE_OUTER_BOUND('',#12005,.F.);
#12007=ADVANCED_FACE('',(#12006),#11999,.F.);
#12008=CARTESIAN_POINT('',(1.805E0,2.547E0,7.197E0));
#12009=DIRECTION('',(-1.E0,0.E0,0.E0));
#12010=DIRECTION('',(0.E0,0.E0,1.E0));
#12011=AXIS2_PLACEMENT_3D('',#12008,#12009,#12010);
#12012=CYLINDRICAL_SURFACE('',#12011,5.03E-1);
#12013=ORIENTED_EDGE('',*,*,#11407,.F.);
#12014=ORIENTED_EDGE('',*,*,#11405,.F.);
#12016=ORIENTED_EDGE('',*,*,#12015,.T.);
#12017=ORIENTED_EDGE('',*,*,#11511,.F.);
#12018=ORIENTED_EDGE('',*,*,#11509,.F.);
#12019=ORIENTED_EDGE('',*,*,#12001,.T.);
#12020=EDGE_LOOP('',(#12013,#12014,#12016,#12017,#12018,#12019));
#12021=FACE_OUTER_BOUND('',#12020,.F.);
#12022=ADVANCED_FACE('',(#12021),#12012,.T.);
#12023=CARTESIAN_POINT('',(1.805E0,2.044E0,7.197E0));
#12024=DIRECTION('',(0.E0,1.E0,0.E0));
#12025=DIRECTION('',(0.E0,0.E0,-1.E0));
#12026=AXIS2_PLACEMENT_3D('',#12023,#12024,#12025);
#12027=PLANE('',#12026);
#12028=ORIENTED_EDGE('',*,*,#11403,.F.);
#12030=ORIENTED_EDGE('',*,*,#12029,.F.);
#12031=ORIENTED_EDGE('',*,*,#11513,.T.);
#12032=ORIENTED_EDGE('',*,*,#12015,.F.);
#12033=EDGE_LOOP('',(#12028,#12030,#12031,#12032));
#12034=FACE_OUTER_BOUND('',#12033,.F.);
#12035=ADVANCED_FACE('',(#12034),#12027,.F.);
#12036=CARTESIAN_POINT('',(1.53E0,2.372E0,3.672E0));
#12037=DIRECTION('',(0.E0,-7.071067811865E-1,-7.071067811865E-1));
#12038=DIRECTION('',(0.E0,-7.071067811865E-1,7.071067811865E-1));
#12039=AXIS2_PLACEMENT_3D('',#12036,#12037,#12038);
#12040=PLANE('',#12039);
#12041=ORIENTED_EDGE('',*,*,#11515,.F.);
#12042=ORIENTED_EDGE('',*,*,#12029,.T.);
#12043=ORIENTED_EDGE('',*,*,#11401,.F.);
#12044=ORIENTED_EDGE('',*,*,#7605,.F.);
#12045=EDGE_LOOP('',(#12041,#12042,#12043,#12044));
#12046=FACE_OUTER_BOUND('',#12045,.F.);
#12047=ADVANCED_FACE('',(#12046),#12040,.T.);
#12048=CARTESIAN_POINT('',(7.85E-1,2.044E0,7.197E0));
#12049=DIRECTION('',(0.E0,1.E0,0.E0));
#12050=DIRECTION('',(0.E0,0.E0,-1.E0));
#12051=AXIS2_PLACEMENT_3D('',#12048,#12049,#12050);
#12052=PLANE('',#12051);
#12053=ORIENTED_EDGE('',*,*,#10663,.F.);
#12055=ORIENTED_EDGE('',*,*,#12054,.T.);
#12056=ORIENTED_EDGE('',*,*,#11636,.T.);
#12057=EDGE_LOOP('',(#12053,#12055,#12056));
#12058=FACE_OUTER_BOUND('',#12057,.F.);
#12059=ADVANCED_FACE('',(#12058),#12052,.F.);
#12060=CARTESIAN_POINT('',(2.687714175514E-1,2.044E0,1.875E0));
#12061=DIRECTION('',(-9.987511192967E-1,0.E0,4.996200259729E-2));
#12062=DIRECTION('',(-4.996200259729E-2,0.E0,-9.987511192967E-1));
#12063=AXIS2_PLACEMENT_3D('',#12060,#12061,#12062);
#12064=PLANE('',#12063);
#12065=ORIENTED_EDGE('',*,*,#11638,.F.);
#12066=ORIENTED_EDGE('',*,*,#12054,.F.);
#12067=ORIENTED_EDGE('',*,*,#10661,.F.);
#12068=ORIENTED_EDGE('',*,*,#10773,.F.);
#12070=ORIENTED_EDGE('',*,*,#12069,.T.);
#12071=ORIENTED_EDGE('',*,*,#9612,.F.);
#12072=EDGE_LOOP('',(#12065,#12066,#12067,#12068,#12070,#12071));
#12073=FACE_OUTER_BOUND('',#12072,.F.);
#12074=ADVANCED_FACE('',(#12073),#12064,.F.);
#12075=CARTESIAN_POINT('',(2.687714175514E-1,2.044E0,2.16E0));
#12076=DIRECTION('',(-1.E0,0.E0,0.E0));
#12077=DIRECTION('',(0.E0,0.E0,-1.E0));
#12078=AXIS2_PLACEMENT_3D('',#12075,#12076,#12077);
#12079=PLANE('',#12078);
#12080=ORIENTED_EDGE('',*,*,#9614,.F.);
#12081=ORIENTED_EDGE('',*,*,#12069,.F.);
#12082=ORIENTED_EDGE('',*,*,#10771,.T.);
#12084=ORIENTED_EDGE('',*,*,#12083,.F.);
#12085=EDGE_LOOP('',(#12080,#12081,#12082,#12084));
#12086=FACE_OUTER_BOUND('',#12085,.F.);
#12087=ADVANCED_FACE('',(#12086),#12079,.F.);
#12088=CARTESIAN_POINT('',(5.037714175514E-1,2.044E0,2.16E0));
#12089=DIRECTION('',(0.E0,-1.E0,0.E0));
#12090=DIRECTION('',(0.E0,0.E0,-1.E0));
#12091=AXIS2_PLACEMENT_3D('',#12088,#12089,#12090);
#12092=CYLINDRICAL_SURFACE('',#12091,2.35E-1);
#12093=ORIENTED_EDGE('',*,*,#9618,.F.);
#12094=ORIENTED_EDGE('',*,*,#9616,.F.);
#12095=ORIENTED_EDGE('',*,*,#12083,.T.);
#12096=ORIENTED_EDGE('',*,*,#10769,.F.);
#12097=ORIENTED_EDGE('',*,*,#10767,.F.);
#12099=ORIENTED_EDGE('',*,*,#12098,.T.);
#12100=EDGE_LOOP('',(#12093,#12094,#12095,#12096,#12097,#12099));
#12101=FACE_OUTER_BOUND('',#12100,.F.);
#12102=ADVANCED_FACE('',(#12101),#12092,.F.);
#12103=CARTESIAN_POINT('',(7.387714175514E-1,2.044E0,1.875E0));
#12104=DIRECTION('',(1.E0,0.E0,0.E0));
#12105=DIRECTION('',(0.E0,0.E0,1.E0));
#12106=AXIS2_PLACEMENT_3D('',#12103,#12104,#12105);
#12107=PLANE('',#12106);
#12108=ORIENTED_EDGE('',*,*,#9620,.F.);
#12109=ORIENTED_EDGE('',*,*,#12098,.F.);
#12110=ORIENTED_EDGE('',*,*,#10765,.T.);
#12112=ORIENTED_EDGE('',*,*,#12111,.T.);
#12113=EDGE_LOOP('',(#12108,#12109,#12110,#12112));
#12114=FACE_OUTER_BOUND('',#12113,.F.);
#12115=ADVANCED_FACE('',(#12114),#12107,.F.);
#12116=CARTESIAN_POINT('',(7.85E-1,2.044E0,1.E0));
#12117=DIRECTION('',(9.986072696789E-1,0.E0,5.275908400018E-2));
#12118=DIRECTION('',(-5.275908400018E-2,0.E0,9.986072696789E-1));
#12119=AXIS2_PLACEMENT_3D('',#12116,#12117,#12118);
#12120=PLANE('',#12119);
#12121=ORIENTED_EDGE('',*,*,#9622,.F.);
#12122=ORIENTED_EDGE('',*,*,#12111,.F.);
#12123=ORIENTED_EDGE('',*,*,#10763,.F.);
#12125=ORIENTED_EDGE('',*,*,#12124,.T.);
#12126=EDGE_LOOP('',(#12121,#12122,#12123,#12125));
#12127=FACE_OUTER_BOUND('',#12126,.F.);
#12128=ADVANCED_FACE('',(#12127),#12120,.F.);
#12129=CARTESIAN_POINT('',(4.94E0,3.E-1,1.E0));
#12130=DIRECTION('',(0.E0,0.E0,1.E0));
#12131=DIRECTION('',(-1.E0,0.E0,0.E0));
#12132=AXIS2_PLACEMENT_3D('',#12129,#12130,#12131);
#12133=PLANE('',#12132);
#12134=ORIENTED_EDGE('',*,*,#11518,.T.);
#12135=ORIENTED_EDGE('',*,*,#7601,.T.);
#12136=ORIENTED_EDGE('',*,*,#11591,.T.);
#12137=ORIENTED_EDGE('',*,*,#12124,.F.);
#12138=ORIENTED_EDGE('',*,*,#10761,.T.);
#12140=ORIENTED_EDGE('',*,*,#12139,.T.);
#12141=EDGE_LOOP('',(#12134,#12135,#12136,#12137,#12138,#12140));
#12142=FACE_OUTER_BOUND('',#12141,.F.);
#12143=ADVANCED_FACE('',(#12142),#12133,.F.);
#12144=CARTESIAN_POINT('',(1.295E0,2.044E0,4.415E0));
#12145=DIRECTION('',(-9.999314095130E-1,0.E0,1.171222734422E-2));
#12146=DIRECTION('',(-1.171222734422E-2,0.E0,-9.999314095130E-1));
#12147=AXIS2_PLACEMENT_3D('',#12144,#12145,#12146);
#12148=PLANE('',#12147);
#12149=ORIENTED_EDGE('',*,*,#11484,.F.);
#12150=ORIENTED_EDGE('',*,*,#12139,.F.);
#12151=ORIENTED_EDGE('',*,*,#10759,.F.);
#12153=ORIENTED_EDGE('',*,*,#12152,.T.);
#12154=EDGE_LOOP('',(#12149,#12150,#12151,#12153));
#12155=FACE_OUTER_BOUND('',#12154,.F.);
#12156=ADVANCED_FACE('',(#12155),#12148,.F.);
#12157=CARTESIAN_POINT('',(1.295E0,2.044E0,4.7E0));
#12158=DIRECTION('',(-1.E0,0.E0,0.E0));
#12159=DIRECTION('',(0.E0,0.E0,-1.E0));
#12160=AXIS2_PLACEMENT_3D('',#12157,#12158,#12159);
#12161=PLANE('',#12160);
#12162=ORIENTED_EDGE('',*,*,#11486,.F.);
#12163=ORIENTED_EDGE('',*,*,#12152,.F.);
#12164=ORIENTED_EDGE('',*,*,#10757,.T.);
#12165=ORIENTED_EDGE('',*,*,#11467,.F.);
#12166=EDGE_LOOP('',(#12162,#12163,#12164,#12165));
#12167=FACE_OUTER_BOUND('',#12166,.F.);
#12168=ADVANCED_FACE('',(#12167),#12161,.F.);
#12169=CARTESIAN_POINT('',(1.765E0,2.044E0,4.415E0));
#12170=DIRECTION('',(1.E0,0.E0,0.E0));
#12171=DIRECTION('',(0.E0,0.E0,1.E0));
#12172=AXIS2_PLACEMENT_3D('',#12169,#12170,#12171);
#12173=PLANE('',#12172);
#12174=ORIENTED_EDGE('',*,*,#11434,.F.);
#12175=ORIENTED_EDGE('',*,*,#11471,.F.);
#12176=ORIENTED_EDGE('',*,*,#10751,.T.);
#12178=ORIENTED_EDGE('',*,*,#12177,.T.);
#12179=EDGE_LOOP('',(#12174,#12175,#12176,#12178));
#12180=FACE_OUTER_BOUND('',#12179,.F.);
#12181=ADVANCED_FACE('',(#12180),#12173,.F.);
#12182=CARTESIAN_POINT('',(1.805E0,2.044E0,1.E0));
#12183=DIRECTION('',(9.999314095130E-1,0.E0,1.171222734422E-2));
#12184=DIRECTION('',(-1.171222734422E-2,0.E0,9.999314095130E-1));
#12185=AXIS2_PLACEMENT_3D('',#12182,#12183,#12184);
#12186=PLANE('',#12185);
#12187=ORIENTED_EDGE('',*,*,#11436,.F.);
#12188=ORIENTED_EDGE('',*,*,#12177,.F.);
#12189=ORIENTED_EDGE('',*,*,#10749,.F.);
#12191=ORIENTED_EDGE('',*,*,#12190,.T.);
#12192=EDGE_LOOP('',(#12187,#12188,#12189,#12191));
#12193=FACE_OUTER_BOUND('',#12192,.F.);
#12194=ADVANCED_FACE('',(#12193),#12186,.F.);
#12195=CARTESIAN_POINT('',(4.94E0,3.E-1,1.E0));
#12196=DIRECTION('',(0.E0,0.E0,1.E0));
#12197=DIRECTION('',(-1.E0,0.E0,0.E0));
#12198=AXIS2_PLACEMENT_3D('',#12195,#12196,#12197);
#12199=PLANE('',#12198);
#12200=ORIENTED_EDGE('',*,*,#12190,.F.);
#12201=ORIENTED_EDGE('',*,*,#10747,.T.);
#12203=ORIENTED_EDGE('',*,*,#12202,.T.);
#12205=ORIENTED_EDGE('',*,*,#12204,.T.);
#12206=ORIENTED_EDGE('',*,*,#11147,.T.);
#12207=ORIENTED_EDGE('',*,*,#7609,.T.);
#12208=ORIENTED_EDGE('',*,*,#11398,.T.);
#12209=EDGE_LOOP('',(#12200,#12201,#12203,#12205,#12206,#12207,#12208));
#12210=FACE_OUTER_BOUND('',#12209,.F.);
#12211=ADVANCED_FACE('',(#12210),#12199,.F.);
#12212=CARTESIAN_POINT('',(2.308771417551E0,2.044E0,1.875E0));
#12213=DIRECTION('',(-9.987511192967E-1,0.E0,4.996200259729E-2));
#12214=DIRECTION('',(-4.996200259729E-2,0.E0,-9.987511192967E-1));
#12215=AXIS2_PLACEMENT_3D('',#12212,#12213,#12214);
#12216=PLANE('',#12215);
#12217=ORIENTED_EDGE('',*,*,#11151,.F.);
#12219=ORIENTED_EDGE('',*,*,#12218,.F.);
#12220=ORIENTED_EDGE('',*,*,#12202,.F.);
#12221=ORIENTED_EDGE('',*,*,#10745,.F.);
#12223=ORIENTED_EDGE('',*,*,#12222,.T.);
#12224=ORIENTED_EDGE('',*,*,#9646,.F.);
#12225=EDGE_LOOP('',(#12217,#12219,#12220,#12221,#12223,#12224));
#12226=FACE_OUTER_BOUND('',#12225,.F.);
#12227=ADVANCED_FACE('',(#12226),#12216,.F.);
#12228=CARTESIAN_POINT('',(2.825E0,2.044E0,7.197E0));
#12229=DIRECTION('',(0.E0,1.E0,0.E0));
#12230=DIRECTION('',(0.E0,0.E0,-1.E0));
#12231=AXIS2_PLACEMENT_3D('',#12228,#12229,#12230);
#12232=PLANE('',#12231);
#12233=ORIENTED_EDGE('',*,*,#12204,.F.);
#12234=ORIENTED_EDGE('',*,*,#12218,.T.);
#12235=ORIENTED_EDGE('',*,*,#11149,.T.);
#12236=EDGE_LOOP('',(#12233,#12234,#12235));
#12237=FACE_OUTER_BOUND('',#12236,.F.);
#12238=ADVANCED_FACE('',(#12237),#12232,.F.);
#12239=CARTESIAN_POINT('',(2.308771417551E0,2.044E0,2.16E0));
#12240=DIRECTION('',(-1.E0,0.E0,0.E0));
#12241=DIRECTION('',(0.E0,0.E0,-1.E0));
#12242=AXIS2_PLACEMENT_3D('',#12239,#12240,#12241);
#12243=PLANE('',#12242);
#12244=ORIENTED_EDGE('',*,*,#9648,.F.);
#12245=ORIENTED_EDGE('',*,*,#12222,.F.);
#12246=ORIENTED_EDGE('',*,*,#10743,.T.);
#12248=ORIENTED_EDGE('',*,*,#12247,.F.);
#12249=EDGE_LOOP('',(#12244,#12245,#12246,#12248));
#12250=FACE_OUTER_BOUND('',#12249,.F.);
#12251=ADVANCED_FACE('',(#12250),#12243,.F.);
#12252=CARTESIAN_POINT('',(2.543771417551E0,2.044E0,2.16E0));
#12253=DIRECTION('',(0.E0,-1.E0,0.E0));
#12254=DIRECTION('',(0.E0,0.E0,-1.E0));
#12255=AXIS2_PLACEMENT_3D('',#12252,#12253,#12254);
#12256=CYLINDRICAL_SURFACE('',#12255,2.35E-1);
#12257=ORIENTED_EDGE('',*,*,#9652,.F.);
#12258=ORIENTED_EDGE('',*,*,#9650,.F.);
#12259=ORIENTED_EDGE('',*,*,#12247,.T.);
#12260=ORIENTED_EDGE('',*,*,#10741,.F.);
#12261=ORIENTED_EDGE('',*,*,#10739,.F.);
#12263=ORIENTED_EDGE('',*,*,#12262,.T.);
#12264=EDGE_LOOP('',(#12257,#12258,#12259,#12260,#12261,#12263));
#12265=FACE_OUTER_BOUND('',#12264,.F.);
#12266=ADVANCED_FACE('',(#12265),#12256,.F.);
#12267=CARTESIAN_POINT('',(2.778771417551E0,2.044E0,1.875E0));
#12268=DIRECTION('',(1.E0,0.E0,0.E0));
#12269=DIRECTION('',(0.E0,0.E0,1.E0));
#12270=AXIS2_PLACEMENT_3D('',#12267,#12268,#12269);
#12271=PLANE('',#12270);
#12272=ORIENTED_EDGE('',*,*,#9654,.F.);
#12273=ORIENTED_EDGE('',*,*,#12262,.F.);
#12274=ORIENTED_EDGE('',*,*,#10737,.T.);
#12276=ORIENTED_EDGE('',*,*,#12275,.T.);
#12277=EDGE_LOOP('',(#12272,#12273,#12274,#12276));
#12278=FACE_OUTER_BOUND('',#12277,.F.);
#12279=ADVANCED_FACE('',(#12278),#12271,.F.);
#12280=CARTESIAN_POINT('',(2.825E0,2.044E0,1.E0));
#12281=DIRECTION('',(9.986072696789E-1,0.E0,5.275908400018E-2));
#12282=DIRECTION('',(-5.275908400018E-2,0.E0,9.986072696789E-1));
#12283=AXIS2_PLACEMENT_3D('',#12280,#12281,#12282);
#12284=PLANE('',#12283);
#12285=ORIENTED_EDGE('',*,*,#9656,.F.);
#12286=ORIENTED_EDGE('',*,*,#12275,.F.);
#12287=ORIENTED_EDGE('',*,*,#10735,.F.);
#12288=ORIENTED_EDGE('',*,*,#11032,.T.);
#12289=EDGE_LOOP('',(#12285,#12286,#12287,#12288));
#12290=FACE_OUTER_BOUND('',#12289,.F.);
#12291=ADVANCED_FACE('',(#12290),#12284,.F.);
#12292=CARTESIAN_POINT('',(-9.35E-1,1.454214567109E0,8.15E0));
#12293=DIRECTION('',(0.E0,1.E0,0.E0));
#12294=DIRECTION('',(0.E0,0.E0,1.E0));
#12295=AXIS2_PLACEMENT_3D('',#12292,#12293,#12294);
#12296=CYLINDRICAL_SURFACE('',#12295,1.5E-1);
#12298=ORIENTED_EDGE('',*,*,#12297,.T.);
#12299=ORIENTED_EDGE('',*,*,#10514,.F.);
#12300=ORIENTED_EDGE('',*,*,#10541,.T.);
#12301=ORIENTED_EDGE('',*,*,#9596,.F.);
#12302=EDGE_LOOP('',(#12298,#12299,#12300,#12301));
#12303=FACE_OUTER_BOUND('',#12302,.F.);
#12304=ADVANCED_FACE('',(#12303),#12296,.T.);
#12305=CARTESIAN_POINT('',(0.E0,0.E0,8.3E0));
#12306=DIRECTION('',(0.E0,0.E0,1.E0));
#12307=DIRECTION('',(1.E0,0.E0,0.E0));
#12308=AXIS2_PLACEMENT_3D('',#12305,#12306,#12307);
#12309=PLANE('',#12308);
#12310=ORIENTED_EDGE('',*,*,#12297,.F.);
#12311=ORIENTED_EDGE('',*,*,#9594,.T.);
#12313=ORIENTED_EDGE('',*,*,#12312,.F.);
#12314=ORIENTED_EDGE('',*,*,#10497,.F.);
#12315=EDGE_LOOP('',(#12310,#12311,#12313,#12314));
#12316=FACE_OUTER_BOUND('',#12315,.F.);
#12317=ADVANCED_FACE('',(#12316),#12309,.T.);
#12318=CARTESIAN_POINT('',(-1.105E0,3.241282887316E0,8.15E0));
#12319=DIRECTION('',(0.E0,-1.E0,0.E0));
#12320=DIRECTION('',(0.E0,0.E0,1.E0));
#12321=AXIS2_PLACEMENT_3D('',#12318,#12319,#12320);
#12322=CYLINDRICAL_SURFACE('',#12321,1.5E-1);
#12323=ORIENTED_EDGE('',*,*,#10411,.T.);
#12324=ORIENTED_EDGE('',*,*,#10483,.F.);
#12325=ORIENTED_EDGE('',*,*,#12312,.T.);
#12326=ORIENTED_EDGE('',*,*,#9592,.F.);
#12327=EDGE_LOOP('',(#12323,#12324,#12325,#12326));
#12328=FACE_OUTER_BOUND('',#12327,.F.);
#12329=ADVANCED_FACE('',(#12328),#12322,.T.);
#12330=CARTESIAN_POINT('',(-1.955E0,1.458725925577E0,8.15E0));
#12331=DIRECTION('',(0.E0,1.E0,0.E0));
#12332=DIRECTION('',(0.E0,0.E0,1.E0));
#12333=AXIS2_PLACEMENT_3D('',#12330,#12331,#12332);
#12334=CYLINDRICAL_SURFACE('',#12333,1.5E-1);
#12336=ORIENTED_EDGE('',*,*,#12335,.T.);
#12337=ORIENTED_EDGE('',*,*,#10296,.F.);
#12338=ORIENTED_EDGE('',*,*,#10334,.T.);
#12339=ORIENTED_EDGE('',*,*,#9574,.F.);
#12340=EDGE_LOOP('',(#12336,#12337,#12338,#12339));
#12341=FACE_OUTER_BOUND('',#12340,.F.);
#12342=ADVANCED_FACE('',(#12341),#12334,.T.);
#12343=CARTESIAN_POINT('',(0.E0,0.E0,8.3E0));
#12344=DIRECTION('',(0.E0,0.E0,1.E0));
#12345=DIRECTION('',(1.E0,0.E0,0.E0));
#12346=AXIS2_PLACEMENT_3D('',#12343,#12344,#12345);
#12347=PLANE('',#12346);
#12348=ORIENTED_EDGE('',*,*,#12335,.F.);
#12349=ORIENTED_EDGE('',*,*,#9572,.T.);
#12351=ORIENTED_EDGE('',*,*,#12350,.F.);
#12352=ORIENTED_EDGE('',*,*,#10279,.F.);
#12353=EDGE_LOOP('',(#12348,#12349,#12351,#12352));
#12354=FACE_OUTER_BOUND('',#12353,.F.);
#12355=ADVANCED_FACE('',(#12354),#12347,.T.);
#12356=CARTESIAN_POINT('',(-2.125E0,3.241282887316E0,8.15E0));
#12357=DIRECTION('',(0.E0,-1.E0,0.E0));
#12358=DIRECTION('',(0.E0,0.E0,1.E0));
#12359=AXIS2_PLACEMENT_3D('',#12356,#12357,#12358);
#12360=CYLINDRICAL_SURFACE('',#12359,1.5E-1);
#12361=ORIENTED_EDGE('',*,*,#9752,.T.);
#12362=ORIENTED_EDGE('',*,*,#10265,.F.);
#12363=ORIENTED_EDGE('',*,*,#12350,.T.);
#12364=ORIENTED_EDGE('',*,*,#9570,.F.);
#12365=EDGE_LOOP('',(#12361,#12362,#12363,#12364));
#12366=FACE_OUTER_BOUND('',#12365,.F.);
#12367=ADVANCED_FACE('',(#12366),#12360,.T.);
#12368=CARTESIAN_POINT('',(4.94E0,1.053E1,1.3E1));
#12369=DIRECTION('',(0.E0,1.E0,0.E0));
#12370=DIRECTION('',(-1.E0,0.E0,0.E0));
#12371=AXIS2_PLACEMENT_3D('',#12368,#12369,#12370);
#12372=PLANE('',#12371);
#12373=ORIENTED_EDGE('',*,*,#8447,.F.);
#12374=ORIENTED_EDGE('',*,*,#8477,.F.);
#12376=ORIENTED_EDGE('',*,*,#12375,.F.);
#12377=ORIENTED_EDGE('',*,*,#8541,.T.);
#12378=EDGE_LOOP('',(#12373,#12374,#12376,#12377));
#12379=FACE_OUTER_BOUND('',#12378,.F.);
#12380=ADVANCED_FACE('',(#12379),#12372,.F.);
#12381=CARTESIAN_POINT('',(0.E0,0.E0,2.7E0));
#12382=DIRECTION('',(0.E0,0.E0,1.E0));
#12383=DIRECTION('',(1.E0,0.E0,0.E0));
#12384=AXIS2_PLACEMENT_3D('',#12381,#12382,#12383);
#12385=PLANE('',#12384);
#12386=ORIENTED_EDGE('',*,*,#8519,.F.);
#12387=ORIENTED_EDGE('',*,*,#8543,.T.);
#12388=ORIENTED_EDGE('',*,*,#12375,.T.);
#12389=ORIENTED_EDGE('',*,*,#8475,.F.);
#12390=EDGE_LOOP('',(#12386,#12387,#12388,#12389));
#12391=FACE_OUTER_BOUND('',#12390,.F.);
#12392=ADVANCED_FACE('',(#12391),#12385,.T.);
#12393=CARTESIAN_POINT('',(-5.998771417551E0,-1.7E0,7.E0));
#12394=DIRECTION('',(0.E0,1.E0,0.E0));
#12395=DIRECTION('',(1.E0,0.E0,0.E0));
#12396=AXIS2_PLACEMENT_3D('',#12393,#12394,#12395);
#12397=PLANE('',#12396);
#12398=ORIENTED_EDGE('',*,*,#7859,.T.);
#12400=ORIENTED_EDGE('',*,*,#12399,.T.);
#12402=ORIENTED_EDGE('',*,*,#12401,.T.);
#12403=ORIENTED_EDGE('',*,*,#7847,.T.);
#12404=ORIENTED_EDGE('',*,*,#7938,.T.);
#12405=ORIENTED_EDGE('',*,*,#7818,.T.);
#12406=EDGE_LOOP('',(#12398,#12400,#12402,#12403,#12404,#12405));
#12407=FACE_OUTER_BOUND('',#12406,.F.);
#12408=ADVANCED_FACE('',(#12407),#12397,.T.);
#12409=CARTESIAN_POINT('',(-5.998771417551E0,2.315174347823E0,7.E0));
#12410=DIRECTION('',(0.E0,1.E0,0.E0));
#12411=DIRECTION('',(1.E0,0.E0,0.E0));
#12412=AXIS2_PLACEMENT_3D('',#12409,#12410,#12411);
#12413=CYLINDRICAL_SURFACE('',#12412,1.25E0);
#12415=ORIENTED_EDGE('',*,*,#12414,.F.);
#12417=ORIENTED_EDGE('',*,*,#12416,.F.);
#12418=ORIENTED_EDGE('',*,*,#7849,.T.);
#12419=ORIENTED_EDGE('',*,*,#12401,.F.);
#12420=ORIENTED_EDGE('',*,*,#12399,.F.);
#12421=ORIENTED_EDGE('',*,*,#7857,.T.);
#12422=EDGE_LOOP('',(#12415,#12417,#12418,#12419,#12420,#12421));
#12423=FACE_OUTER_BOUND('',#12422,.F.);
#12424=ADVANCED_FACE('',(#12423),#12413,.T.);
#12425=CARTESIAN_POINT('',(-5.998771417551E0,-2.65E0,7.E0));
#12426=DIRECTION('',(0.E0,1.E0,0.E0));
#12427=DIRECTION('',(1.E0,0.E0,0.E0));
#12428=AXIS2_PLACEMENT_3D('',#12425,#12426,#12427);
#12429=CONICAL_SURFACE('',#12428,1.125E0,9.462322208026E0);
#12431=ORIENTED_EDGE('',*,*,#12430,.F.);
#12433=ORIENTED_EDGE('',*,*,#12432,.F.);
#12434=ORIENTED_EDGE('',*,*,#7851,.T.);
#12435=ORIENTED_EDGE('',*,*,#12416,.T.);
#12436=ORIENTED_EDGE('',*,*,#12414,.T.);
#12437=ORIENTED_EDGE('',*,*,#7855,.T.);
#12438=EDGE_LOOP('',(#12431,#12433,#12434,#12435,#12436,#12437));
#12439=FACE_OUTER_BOUND('',#12438,.F.);
#12440=ADVANCED_FACE('',(#12439),#12429,.T.);
#12441=CARTESIAN_POINT('',(-5.998771417551E0,-3.4E0,7.E0));
#12442=DIRECTION('',(0.E0,1.E0,0.E0));
#12443=DIRECTION('',(1.E0,0.E0,0.E0));
#12444=AXIS2_PLACEMENT_3D('',#12441,#12442,#12443);
#12445=PLANE('',#12444);
#12446=ORIENTED_EDGE('',*,*,#7853,.F.);
#12447=ORIENTED_EDGE('',*,*,#12432,.T.);
#12448=ORIENTED_EDGE('',*,*,#12430,.T.);
#12449=EDGE_LOOP('',(#12446,#12447,#12448));
#12450=FACE_OUTER_BOUND('',#12449,.F.);
#12451=ADVANCED_FACE('',(#12450),#12445,.F.);
#12452=CARTESIAN_POINT('',(-5.998771417551E0,2.315174347823E0,7.E0));
#12453=DIRECTION('',(0.E0,1.E0,0.E0));
#12454=DIRECTION('',(1.E0,0.E0,0.E0));
#12455=AXIS2_PLACEMENT_3D('',#12452,#12453,#12454);
#12456=CYLINDRICAL_SURFACE('',#12455,1.25E0);
#12457=ORIENTED_EDGE('',*,*,#7917,.F.);
#12458=ORIENTED_EDGE('',*,*,#7915,.F.);
#12459=ORIENTED_EDGE('',*,*,#7896,.T.);
#12461=ORIENTED_EDGE('',*,*,#12460,.F.);
#12463=ORIENTED_EDGE('',*,*,#12462,.F.);
#12464=ORIENTED_EDGE('',*,*,#7888,.T.);
#12465=EDGE_LOOP('',(#12457,#12458,#12459,#12461,#12463,#12464));
#12466=FACE_OUTER_BOUND('',#12465,.F.);
#12467=ADVANCED_FACE('',(#12466),#12456,.T.);
#12468=CARTESIAN_POINT('',(-5.998771417551E0,-2.65E0,7.E0));
#12469=DIRECTION('',(0.E0,1.E0,0.E0));
#12470=DIRECTION('',(1.E0,0.E0,0.E0));
#12471=AXIS2_PLACEMENT_3D('',#12468,#12469,#12470);
#12472=CONICAL_SURFACE('',#12471,1.125E0,9.462322208026E0);
#12473=ORIENTED_EDGE('',*,*,#12462,.T.);
#12474=ORIENTED_EDGE('',*,*,#12460,.T.);
#12475=ORIENTED_EDGE('',*,*,#7894,.T.);
#12477=ORIENTED_EDGE('',*,*,#12476,.F.);
#12479=ORIENTED_EDGE('',*,*,#12478,.F.);
#12480=ORIENTED_EDGE('',*,*,#7890,.T.);
#12481=EDGE_LOOP('',(#12473,#12474,#12475,#12477,#12479,#12480));
#12482=FACE_OUTER_BOUND('',#12481,.F.);
#12483=ADVANCED_FACE('',(#12482),#12472,.T.);
#12484=CARTESIAN_POINT('',(-5.998771417551E0,-3.4E0,7.E0));
#12485=DIRECTION('',(0.E0,1.E0,0.E0));
#12486=DIRECTION('',(1.E0,0.E0,0.E0));
#12487=AXIS2_PLACEMENT_3D('',#12484,#12485,#12486);
#12488=PLANE('',#12487);
#12489=ORIENTED_EDGE('',*,*,#7892,.T.);
#12490=ORIENTED_EDGE('',*,*,#12478,.T.);
#12491=ORIENTED_EDGE('',*,*,#12476,.T.);
#12492=EDGE_LOOP('',(#12489,#12490,#12491));
#12493=FACE_OUTER_BOUND('',#12492,.F.);
#12494=ADVANCED_FACE('',(#12493),#12488,.F.);
#12495=CARTESIAN_POINT('',(5.210344166734E0,6.473870646210E0,0.E0));
#12496=DIRECTION('',(5.058508076455E-1,-8.626209830536E-1,0.E0));
#12497=DIRECTION('',(-8.626209830536E-1,-5.058508076455E-1,0.E0));
#12498=AXIS2_PLACEMENT_3D('',#12495,#12496,#12497);
#12499=PLANE('',#12498);
#12500=ORIENTED_EDGE('',*,*,#7288,.F.);
#12502=ORIENTED_EDGE('',*,*,#12501,.F.);
#12504=ORIENTED_EDGE('',*,*,#12503,.F.);
#12506=ORIENTED_EDGE('',*,*,#12505,.T.);
#12507=EDGE_LOOP('',(#12500,#12502,#12504,#12506));
#12508=FACE_OUTER_BOUND('',#12507,.F.);
#12509=ADVANCED_FACE('',(#12508),#12499,.T.);
#12510=CARTESIAN_POINT('',(5.371072759806E0,6.938027577207E0,0.E0));
#12511=DIRECTION('',(9.449490098042E-1,-3.272176169923E-1,0.E0));
#12512=DIRECTION('',(-3.272176169923E-1,-9.449490098042E-1,0.E0));
#12513=AXIS2_PLACEMENT_3D('',#12510,#12511,#12512);
#12514=PLANE('',#12513);
#12515=ORIENTED_EDGE('',*,*,#7324,.F.);
#12517=ORIENTED_EDGE('',*,*,#12516,.F.);
#12519=ORIENTED_EDGE('',*,*,#12518,.F.);
#12520=ORIENTED_EDGE('',*,*,#12501,.T.);
#12521=EDGE_LOOP('',(#12515,#12517,#12519,#12520));
#12522=FACE_OUTER_BOUND('',#12521,.F.);
#12523=ADVANCED_FACE('',(#12522),#12514,.T.);
#12524=CARTESIAN_POINT('',(5.238492619036E0,6.984929721264E0,0.E0));
#12525=DIRECTION('',(0.E0,0.E0,-1.E0));
#12526=DIRECTION('',(-1.E0,0.E0,0.E0));
#12527=AXIS2_PLACEMENT_3D('',#12524,#12525,#12526);
#12528=CYLINDRICAL_SURFACE('',#12527,1.406318059462E-1);
#12529=ORIENTED_EDGE('',*,*,#7322,.F.);
#12530=ORIENTED_EDGE('',*,*,#7320,.F.);
#12532=ORIENTED_EDGE('',*,*,#12531,.T.);
#12534=ORIENTED_EDGE('',*,*,#12533,.F.);
#12536=ORIENTED_EDGE('',*,*,#12535,.F.);
#12537=ORIENTED_EDGE('',*,*,#12516,.T.);
#12538=EDGE_LOOP('',(#12529,#12530,#12532,#12534,#12536,#12537));
#12539=FACE_OUTER_BOUND('',#12538,.F.);
#12540=ADVANCED_FACE('',(#12539),#12528,.T.);
#12541=CARTESIAN_POINT('',(4.444709417330E0,7.125561527210E0,0.E0));
#12542=DIRECTION('',(0.E0,1.E0,0.E0));
#12543=DIRECTION('',(1.E0,0.E0,0.E0));
#12544=AXIS2_PLACEMENT_3D('',#12541,#12542,#12543);
#12545=PLANE('',#12544);
#12546=ORIENTED_EDGE('',*,*,#7318,.T.);
#12548=ORIENTED_EDGE('',*,*,#12547,.F.);
#12550=ORIENTED_EDGE('',*,*,#12549,.F.);
#12551=ORIENTED_EDGE('',*,*,#12531,.F.);
#12552=EDGE_LOOP('',(#12546,#12548,#12550,#12551));
#12553=FACE_OUTER_BOUND('',#12552,.F.);
#12554=ADVANCED_FACE('',(#12553),#12545,.T.);
#12555=CARTESIAN_POINT('',(4.172732773440E0,6.351750261796E0,0.E0));
#12556=DIRECTION('',(-9.434231443884E-1,3.315912704405E-1,0.E0));
#12557=DIRECTION('',(3.315912704405E-1,9.434231443884E-1,0.E0));
#12558=AXIS2_PLACEMENT_3D('',#12555,#12556,#12557);
#12559=PLANE('',#12558);
#12560=ORIENTED_EDGE('',*,*,#7316,.F.);
#12562=ORIENTED_EDGE('',*,*,#12561,.F.);
#12564=ORIENTED_EDGE('',*,*,#12563,.F.);
#12565=ORIENTED_EDGE('',*,*,#12547,.T.);
#12566=EDGE_LOOP('',(#12560,#12562,#12564,#12565));
#12567=FACE_OUTER_BOUND('',#12566,.F.);
#12568=ADVANCED_FACE('',(#12567),#12559,.T.);
#12569=CARTESIAN_POINT('',(3.973041773440E0,6.351750261796E0,0.E0));
#12570=DIRECTION('',(0.E0,1.E0,0.E0));
#12571=DIRECTION('',(1.E0,0.E0,0.E0));
#12572=AXIS2_PLACEMENT_3D('',#12569,#12570,#12571);
#12573=PLANE('',#12572);
#12574=ORIENTED_EDGE('',*,*,#7314,.T.);
#12576=ORIENTED_EDGE('',*,*,#12575,.F.);
#12578=ORIENTED_EDGE('',*,*,#12577,.F.);
#12579=ORIENTED_EDGE('',*,*,#12561,.T.);
#12580=EDGE_LOOP('',(#12574,#12576,#12578,#12579));
#12581=FACE_OUTER_BOUND('',#12580,.F.);
#12582=ADVANCED_FACE('',(#12581),#12573,.T.);
#12583=CARTESIAN_POINT('',(4.245018417330E0,7.125561527210E0,0.E0));
#12584=DIRECTION('',(9.434231443884E-1,-3.315912704405E-1,0.E0));
#12585=DIRECTION('',(-3.315912704405E-1,-9.434231443884E-1,0.E0));
#12586=AXIS2_PLACEMENT_3D('',#12583,#12584,#12585);
#12587=PLANE('',#12586);
#12588=ORIENTED_EDGE('',*,*,#7312,.F.);
#12590=ORIENTED_EDGE('',*,*,#12589,.F.);
#12592=ORIENTED_EDGE('',*,*,#12591,.F.);
#12593=ORIENTED_EDGE('',*,*,#12575,.T.);
#12594=EDGE_LOOP('',(#12588,#12590,#12592,#12593));
#12595=FACE_OUTER_BOUND('',#12594,.F.);
#12596=ADVANCED_FACE('',(#12595),#12587,.T.);
#12597=CARTESIAN_POINT('',(3.906510678427E0,7.125561527210E0,0.E0));
#12598=DIRECTION('',(0.E0,1.E0,0.E0));
#12599=DIRECTION('',(1.E0,0.E0,0.E0));
#12600=AXIS2_PLACEMENT_3D('',#12597,#12598,#12599);
#12601=PLANE('',#12600);
#12602=ORIENTED_EDGE('',*,*,#7310,.T.);
#12604=ORIENTED_EDGE('',*,*,#12603,.F.);
#12606=ORIENTED_EDGE('',*,*,#12605,.F.);
#12607=ORIENTED_EDGE('',*,*,#12589,.T.);
#12608=EDGE_LOOP('',(#12602,#12604,#12606,#12607));
#12609=FACE_OUTER_BOUND('',#12608,.F.);
#12610=ADVANCED_FACE('',(#12609),#12601,.T.);
#12611=CARTESIAN_POINT('',(3.585938788446E0,6.200749748879E0,0.E0));
#12612=DIRECTION('',(-9.448455337672E-1,3.275162855801E-1,0.E0));
#12613=DIRECTION('',(3.275162855801E-1,9.448455337672E-1,0.E0));
#12614=AXIS2_PLACEMENT_3D('',#12611,#12612,#12613);
#12615=PLANE('',#12614);
#12616=ORIENTED_EDGE('',*,*,#7308,.F.);
#12618=ORIENTED_EDGE('',*,*,#12617,.F.);
#12620=ORIENTED_EDGE('',*,*,#12619,.F.);
#12621=ORIENTED_EDGE('',*,*,#12603,.T.);
#12622=EDGE_LOOP('',(#12616,#12618,#12620,#12621));
#12623=FACE_OUTER_BOUND('',#12622,.F.);
#12624=ADVANCED_FACE('',(#12623),#12615,.T.);
#12625=CARTESIAN_POINT('',(3.718019923597E0,6.152460220191E0,0.E0));
#12626=DIRECTION('',(0.E0,0.E0,-1.E0));
#12627=DIRECTION('',(-1.E0,0.E0,0.E0));
#12628=AXIS2_PLACEMENT_3D('',#12625,#12626,#12627);
#12629=CYLINDRICAL_SURFACE('',#12628,1.406318059462E-1);
#12630=ORIENTED_EDGE('',*,*,#7306,.F.);
#12631=ORIENTED_EDGE('',*,*,#7304,.F.);
#12633=ORIENTED_EDGE('',*,*,#12632,.T.);
#12635=ORIENTED_EDGE('',*,*,#12634,.F.);
#12637=ORIENTED_EDGE('',*,*,#12636,.F.);
#12638=ORIENTED_EDGE('',*,*,#12617,.T.);
#12639=EDGE_LOOP('',(#12630,#12631,#12633,#12635,#12637,#12638));
#12640=FACE_OUTER_BOUND('',#12639,.F.);
#12641=ADVANCED_FACE('',(#12640),#12629,.T.);
#12642=CARTESIAN_POINT('',(4.403217808028E0,6.011828414245E0,0.E0));
#12643=DIRECTION('',(0.E0,-1.E0,0.E0));
#12644=DIRECTION('',(-1.E0,0.E0,0.E0));
#12645=AXIS2_PLACEMENT_3D('',#12642,#12643,#12644);
#12646=PLANE('',#12645);
#12647=ORIENTED_EDGE('',*,*,#7302,.T.);
#12649=ORIENTED_EDGE('',*,*,#12648,.F.);
#12651=ORIENTED_EDGE('',*,*,#12650,.F.);
#12652=ORIENTED_EDGE('',*,*,#12632,.F.);
#12653=EDGE_LOOP('',(#12647,#12649,#12651,#12652));
#12654=FACE_OUTER_BOUND('',#12653,.F.);
#12655=ADVANCED_FACE('',(#12654),#12646,.T.);
#12656=CARTESIAN_POINT('',(4.548447382742E0,6.424935055240E0,0.E0));
#12657=DIRECTION('',(9.434001323566E-1,-3.316567356010E-1,0.E0));
#12658=DIRECTION('',(-3.316567356010E-1,-9.434001323566E-1,0.E0));
#12659=AXIS2_PLACEMENT_3D('',#12656,#12657,#12658);
#12660=PLANE('',#12659);
#12661=ORIENTED_EDGE('',*,*,#7300,.F.);
#12663=ORIENTED_EDGE('',*,*,#12662,.F.);
#12665=ORIENTED_EDGE('',*,*,#12664,.F.);
#12666=ORIENTED_EDGE('',*,*,#12648,.T.);
#12667=EDGE_LOOP('',(#12661,#12663,#12665,#12666));
#12668=FACE_OUTER_BOUND('',#12667,.F.);
#12669=ADVANCED_FACE('',(#12668),#12660,.T.);
#12670=CARTESIAN_POINT('',(4.602091877093E0,6.424935055240E0,0.E0));
#12671=DIRECTION('',(0.E0,-1.E0,0.E0));
#12672=DIRECTION('',(-1.E0,0.E0,0.E0));
#12673=AXIS2_PLACEMENT_3D('',#12670,#12671,#12672);
#12674=PLANE('',#12673);
#12675=ORIENTED_EDGE('',*,*,#7298,.T.);
#12677=ORIENTED_EDGE('',*,*,#12676,.F.);
#12679=ORIENTED_EDGE('',*,*,#12678,.F.);
#12680=ORIENTED_EDGE('',*,*,#12662,.T.);
#12681=EDGE_LOOP('',(#12675,#12677,#12679,#12680));
#12682=FACE_OUTER_BOUND('',#12681,.F.);
#12683=ADVANCED_FACE('',(#12682),#12674,.T.);
#12684=CARTESIAN_POINT('',(4.694941313677E0,6.011828414245E0,0.E0));
#12685=DIRECTION('',(-9.756600857922E-1,-2.192883877272E-1,0.E0));
#12686=DIRECTION('',(-2.192883877272E-1,9.756600857922E-1,0.E0));
#12687=AXIS2_PLACEMENT_3D('',#12684,#12685,#12686);
#12688=PLANE('',#12687);
#12689=ORIENTED_EDGE('',*,*,#7296,.F.);
#12691=ORIENTED_EDGE('',*,*,#12690,.F.);
#12693=ORIENTED_EDGE('',*,*,#12692,.F.);
#12694=ORIENTED_EDGE('',*,*,#12676,.T.);
#12695=EDGE_LOOP('',(#12689,#12691,#12693,#12694));
#12696=FACE_OUTER_BOUND('',#12695,.F.);
#12697=ADVANCED_FACE('',(#12696),#12688,.T.);
#12698=CARTESIAN_POINT('',(5.002636694764E0,6.011828414245E0,0.E0));
#12699=DIRECTION('',(0.E0,-1.E0,0.E0));
#12700=DIRECTION('',(-1.E0,0.E0,0.E0));
#12701=AXIS2_PLACEMENT_3D('',#12698,#12699,#12700);
#12702=PLANE('',#12701);
#12703=ORIENTED_EDGE('',*,*,#7294,.T.);
#12705=ORIENTED_EDGE('',*,*,#12704,.F.);
#12707=ORIENTED_EDGE('',*,*,#12706,.F.);
#12708=ORIENTED_EDGE('',*,*,#12690,.T.);
#12709=EDGE_LOOP('',(#12703,#12705,#12707,#12708));
#12710=FACE_OUTER_BOUND('',#12709,.F.);
#12711=ADVANCED_FACE('',(#12710),#12702,.T.);
#12712=CARTESIAN_POINT('',(4.903744496006E0,6.431446952045E0,0.E0));
#12713=DIRECTION('',(9.733351764299E-1,2.293875199836E-1,0.E0));
#12714=DIRECTION('',(2.293875199836E-1,-9.733351764299E-1,0.E0));
#12715=AXIS2_PLACEMENT_3D('',#12712,#12713,#12714);
#12716=PLANE('',#12715);
#12717=ORIENTED_EDGE('',*,*,#7292,.F.);
#12719=ORIENTED_EDGE('',*,*,#12718,.F.);
#12721=ORIENTED_EDGE('',*,*,#12720,.F.);
#12722=ORIENTED_EDGE('',*,*,#12704,.T.);
#12723=EDGE_LOOP('',(#12717,#12719,#12721,#12722));
#12724=FACE_OUTER_BOUND('',#12723,.F.);
#12725=ADVANCED_FACE('',(#12724),#12716,.T.);
#12726=CARTESIAN_POINT('',(5.137999577752E0,6.431446952045E0,0.E0));
#12727=DIRECTION('',(0.E0,-1.E0,0.E0));
#12728=DIRECTION('',(-1.E0,0.E0,0.E0));
#12729=AXIS2_PLACEMENT_3D('',#12726,#12727,#12728);
#12730=PLANE('',#12729);
#12731=ORIENTED_EDGE('',*,*,#7290,.T.);
#12732=ORIENTED_EDGE('',*,*,#12505,.F.);
#12734=ORIENTED_EDGE('',*,*,#12733,.F.);
#12735=ORIENTED_EDGE('',*,*,#12718,.T.);
#12736=EDGE_LOOP('',(#12731,#12732,#12734,#12735));
#12737=FACE_OUTER_BOUND('',#12736,.F.);
#12738=ADVANCED_FACE('',(#12737),#12730,.T.);
#12739=CARTESIAN_POINT('',(0.E0,0.E0,-5.E-2));
#12740=DIRECTION('',(0.E0,0.E0,-1.E0));
#12741=DIRECTION('',(-1.E0,0.E0,0.E0));
#12742=AXIS2_PLACEMENT_3D('',#12739,#12740,#12741);
#12743=PLANE('',#12742);
#12744=ORIENTED_EDGE('',*,*,#12503,.T.);
#12745=ORIENTED_EDGE('',*,*,#12518,.T.);
#12746=ORIENTED_EDGE('',*,*,#12535,.T.);
#12747=ORIENTED_EDGE('',*,*,#12533,.T.);
#12748=ORIENTED_EDGE('',*,*,#12549,.T.);
#12749=ORIENTED_EDGE('',*,*,#12563,.T.);
#12750=ORIENTED_EDGE('',*,*,#12577,.T.);
#12751=ORIENTED_EDGE('',*,*,#12591,.T.);
#12752=ORIENTED_EDGE('',*,*,#12605,.T.);
#12753=ORIENTED_EDGE('',*,*,#12619,.T.);
#12754=ORIENTED_EDGE('',*,*,#12636,.T.);
#12755=ORIENTED_EDGE('',*,*,#12634,.T.);
#12756=ORIENTED_EDGE('',*,*,#12650,.T.);
#12757=ORIENTED_EDGE('',*,*,#12664,.T.);
#12758=ORIENTED_EDGE('',*,*,#12678,.T.);
#12759=ORIENTED_EDGE('',*,*,#12692,.T.);
#12760=ORIENTED_EDGE('',*,*,#12706,.T.);
#12761=ORIENTED_EDGE('',*,*,#12720,.T.);
#12762=ORIENTED_EDGE('',*,*,#12733,.T.);
#12763=EDGE_LOOP('',(#12744,#12745,#12746,#12747,#12748,#12749,#12750,#12751,
#12752,#12753,#12754,#12755,#12756,#12757,#12758,#12759,#12760,#12761,#12762));
#12764=FACE_OUTER_BOUND('',#12763,.F.);
#12766=ORIENTED_EDGE('',*,*,#12765,.T.);
#12768=ORIENTED_EDGE('',*,*,#12767,.T.);
#12770=ORIENTED_EDGE('',*,*,#12769,.T.);
#12772=ORIENTED_EDGE('',*,*,#12771,.T.);
#12773=EDGE_LOOP('',(#12766,#12768,#12770,#12772));
#12774=FACE_BOUND('',#12773,.F.);
#12775=ADVANCED_FACE('',(#12764,#12774),#12743,.T.);
#12776=CARTESIAN_POINT('',(5.053817095385E0,6.890926336378E0,0.E0));
#12777=DIRECTION('',(0.E0,-1.E0,0.E0));
#12778=DIRECTION('',(-1.E0,0.E0,0.E0));
#12779=AXIS2_PLACEMENT_3D('',#12776,#12777,#12778);
#12780=PLANE('',#12779);
#12782=ORIENTED_EDGE('',*,*,#12781,.T.);
#12784=ORIENTED_EDGE('',*,*,#12783,.F.);
#12785=ORIENTED_EDGE('',*,*,#12765,.F.);
#12787=ORIENTED_EDGE('',*,*,#12786,.T.);
#12788=EDGE_LOOP('',(#12782,#12784,#12785,#12787));
#12789=FACE_OUTER_BOUND('',#12788,.F.);
#12790=ADVANCED_FACE('',(#12789),#12780,.T.);
#12791=CARTESIAN_POINT('',(0.E0,0.E0,0.E0));
#12792=DIRECTION('',(0.E0,0.E0,1.E0));
#12793=DIRECTION('',(1.E0,0.E0,0.E0));
#12794=AXIS2_PLACEMENT_3D('',#12791,#12792,#12793);
#12795=PLANE('',#12794);
#12796=ORIENTED_EDGE('',*,*,#12781,.F.);
#12798=ORIENTED_EDGE('',*,*,#12797,.T.);
#12800=ORIENTED_EDGE('',*,*,#12799,.F.);
#12802=ORIENTED_EDGE('',*,*,#12801,.T.);
#12803=EDGE_LOOP('',(#12796,#12798,#12800,#12802));
#12804=FACE_OUTER_BOUND('',#12803,.F.);
#12805=ADVANCED_FACE('',(#12804),#12795,.F.);
#12806=CARTESIAN_POINT('',(4.667410095385E0,6.890926336378E0,0.E0));
#12807=DIRECTION('',(9.439418608843E-1,-3.301117436117E-1,0.E0));
#12808=DIRECTION('',(-3.301117436117E-1,-9.439418608843E-1,0.E0));
#12809=AXIS2_PLACEMENT_3D('',#12806,#12807,#12808);
#12810=PLANE('',#12809);
#12811=ORIENTED_EDGE('',*,*,#12797,.F.);
#12812=ORIENTED_EDGE('',*,*,#12786,.F.);
#12813=ORIENTED_EDGE('',*,*,#12771,.F.);
#12815=ORIENTED_EDGE('',*,*,#12814,.T.);
#12816=EDGE_LOOP('',(#12811,#12812,#12813,#12815));
#12817=FACE_OUTER_BOUND('',#12816,.F.);
#12818=ADVANCED_FACE('',(#12817),#12810,.T.);
#12819=CARTESIAN_POINT('',(4.587318095385E0,6.661906336378E0,0.E0));
#12820=DIRECTION('',(0.E0,1.E0,0.E0));
#12821=DIRECTION('',(1.E0,0.E0,0.E0));
#12822=AXIS2_PLACEMENT_3D('',#12819,#12820,#12821);
#12823=PLANE('',#12822);
#12824=ORIENTED_EDGE('',*,*,#12799,.T.);
#12825=ORIENTED_EDGE('',*,*,#12814,.F.);
#12826=ORIENTED_EDGE('',*,*,#12769,.F.);
#12828=ORIENTED_EDGE('',*,*,#12827,.T.);
#12829=EDGE_LOOP('',(#12824,#12825,#12826,#12828));
#12830=FACE_OUTER_BOUND('',#12829,.F.);
#12831=ADVANCED_FACE('',(#12830),#12823,.T.);
#12832=CARTESIAN_POINT('',(4.973725095385E0,6.661906336378E0,0.E0));
#12833=DIRECTION('',(-9.439418608843E-1,3.301117436117E-1,0.E0));
#12834=DIRECTION('',(3.301117436117E-1,9.439418608843E-1,0.E0));
#12835=AXIS2_PLACEMENT_3D('',#12832,#12833,#12834);
#12836=PLANE('',#12835);
#12837=ORIENTED_EDGE('',*,*,#12801,.F.);
#12838=ORIENTED_EDGE('',*,*,#12827,.F.);
#12839=ORIENTED_EDGE('',*,*,#12767,.F.);
#12840=ORIENTED_EDGE('',*,*,#12783,.T.);
#12841=EDGE_LOOP('',(#12837,#12838,#12839,#12840));
#12842=FACE_OUTER_BOUND('',#12841,.F.);
#12843=ADVANCED_FACE('',(#12842),#12836,.T.);
#12844=CARTESIAN_POINT('',(-4.106382980943E0,7.996954771717E0,0.E0));
#12845=DIRECTION('',(5.466227293958E-1,-8.373790012342E-1,0.E0));
#12846=DIRECTION('',(-8.373790012342E-1,-5.466227293958E-1,0.E0));
#12847=AXIS2_PLACEMENT_3D('',#12844,#12845,#12846);
#12848=PLANE('',#12847);
#12849=ORIENTED_EDGE('',*,*,#7328,.F.);
#12851=ORIENTED_EDGE('',*,*,#12850,.F.);
#12853=ORIENTED_EDGE('',*,*,#12852,.F.);
#12855=ORIENTED_EDGE('',*,*,#12854,.T.);
#12856=EDGE_LOOP('',(#12849,#12851,#12853,#12855));
#12857=FACE_OUTER_BOUND('',#12856,.F.);
#12858=ADVANCED_FACE('',(#12857),#12848,.T.);
#12859=CARTESIAN_POINT('',(-4.063829787076E0,8.059454771717E0,0.E0));
#12860=DIRECTION('',(8.265992329593E-1,-5.627909985697E-1,0.E0));
#12861=DIRECTION('',(-5.627909985697E-1,-8.265992329593E-1,0.E0));
#12862=AXIS2_PLACEMENT_3D('',#12859,#12860,#12861);
#12863=PLANE('',#12862);
#12864=ORIENTED_EDGE('',*,*,#7440,.F.);
#12866=ORIENTED_EDGE('',*,*,#12865,.F.);
#12868=ORIENTED_EDGE('',*,*,#12867,.F.);
#12869=ORIENTED_EDGE('',*,*,#12850,.T.);
#12870=EDGE_LOOP('',(#12864,#12866,#12868,#12869));
#12871=FACE_OUTER_BOUND('',#12870,.F.);
#12872=ADVANCED_FACE('',(#12871),#12863,.T.);
#12873=CARTESIAN_POINT('',(-4.021276595071E0,8.142788085183E0,0.E0));
#12874=DIRECTION('',(8.906052187617E-1,-4.547772469181E-1,0.E0));
#12875=DIRECTION('',(-4.547772469181E-1,-8.906052187617E-1,0.E0));
#12876=AXIS2_PLACEMENT_3D('',#12873,#12874,#12875);
#12877=PLANE('',#12876);
#12878=ORIENTED_EDGE('',*,*,#7438,.F.);
#12880=ORIENTED_EDGE('',*,*,#12879,.F.);
#12882=ORIENTED_EDGE('',*,*,#12881,.F.);
#12883=ORIENTED_EDGE('',*,*,#12865,.T.);
#12884=EDGE_LOOP('',(#12878,#12880,#12882,#12883));
#12885=FACE_OUTER_BOUND('',#12884,.F.);
#12886=ADVANCED_FACE('',(#12885),#12877,.T.);
#12887=CARTESIAN_POINT('',(-4.E0,8.226121428450E0,0.E0));
#12888=DIRECTION('',(9.689177195707E-1,-2.473832102262E-1,0.E0));
#12889=DIRECTION('',(-2.473832102262E-1,-9.689177195707E-1,0.E0));
#12890=AXIS2_PLACEMENT_3D('',#12887,#12888,#12889);
#12891=PLANE('',#12890);
#12892=ORIENTED_EDGE('',*,*,#7436,.F.);
#12894=ORIENTED_EDGE('',*,*,#12893,.F.);
#12896=ORIENTED_EDGE('',*,*,#12895,.F.);
#12897=ORIENTED_EDGE('',*,*,#12879,.T.);
#12898=EDGE_LOOP('',(#12892,#12894,#12896,#12897));
#12899=FACE_OUTER_BOUND('',#12898,.F.);
#12900=ADVANCED_FACE('',(#12899),#12891,.T.);
#12901=CARTESIAN_POINT('',(-4.E0,8.392788114985E0,0.E0));
#12902=DIRECTION('',(1.E0,0.E0,0.E0));
#12903=DIRECTION('',(0.E0,-1.E0,0.E0));
#12904=AXIS2_PLACEMENT_3D('',#12901,#12902,#12903);
#12905=PLANE('',#12904);
#12906=ORIENTED_EDGE('',*,*,#7434,.T.);
#12908=ORIENTED_EDGE('',*,*,#12907,.F.);
#12910=ORIENTED_EDGE('',*,*,#12909,.F.);
#12911=ORIENTED_EDGE('',*,*,#12893,.T.);
#12912=EDGE_LOOP('',(#12906,#12908,#12910,#12911));
#12913=FACE_OUTER_BOUND('',#12912,.F.);
#12914=ADVANCED_FACE('',(#12913),#12905,.T.);
#12915=CARTESIAN_POINT('',(-4.021276595071E0,8.476121443351E0,0.E0));
#12916=DIRECTION('',(9.689177089678E-1,2.473832517546E-1,0.E0));
#12917=DIRECTION('',(2.473832517546E-1,-9.689177089678E-1,0.E0));
#12918=AXIS2_PLACEMENT_3D('',#12915,#12916,#12917);
#12919=PLANE('',#12918);
#12920=ORIENTED_EDGE('',*,*,#7432,.F.);
#12922=ORIENTED_EDGE('',*,*,#12921,.F.);
#12924=ORIENTED_EDGE('',*,*,#12923,.F.);
#12925=ORIENTED_EDGE('',*,*,#12907,.T.);
#12926=EDGE_LOOP('',(#12920,#12922,#12924,#12925));
#12927=FACE_OUTER_BOUND('',#12926,.F.);
#12928=ADVANCED_FACE('',(#12927),#12919,.T.);
#12929=CARTESIAN_POINT('',(-4.063829787076E0,8.559454771717E0,0.E0));
#12930=DIRECTION('',(8.906052516987E-1,4.547771824165E-1,0.E0));
#12931=DIRECTION('',(4.547771824165E-1,-8.906052516987E-1,0.E0));
#12932=AXIS2_PLACEMENT_3D('',#12929,#12930,#12931);
#12933=PLANE('',#12932);
#12934=ORIENTED_EDGE('',*,*,#7430,.F.);
#12936=ORIENTED_EDGE('',*,*,#12935,.F.);
#12938=ORIENTED_EDGE('',*,*,#12937,.F.);
#12939=ORIENTED_EDGE('',*,*,#12921,.T.);
#12940=EDGE_LOOP('',(#12934,#12936,#12938,#12939));
#12941=FACE_OUTER_BOUND('',#12940,.F.);
#12942=ADVANCED_FACE('',(#12941),#12933,.T.);
#12943=CARTESIAN_POINT('',(-4.106382980943E0,8.621954771717E0,0.E0));
#12944=DIRECTION('',(8.265992329593E-1,5.627909985697E-1,0.E0));
#12945=DIRECTION('',(5.627909985697E-1,-8.265992329593E-1,0.E0));
#12946=AXIS2_PLACEMENT_3D('',#12943,#12944,#12945);
#12947=PLANE('',#12946);
#12948=ORIENTED_EDGE('',*,*,#7428,.F.);
#12950=ORIENTED_EDGE('',*,*,#12949,.F.);
#12952=ORIENTED_EDGE('',*,*,#12951,.F.);
#12953=ORIENTED_EDGE('',*,*,#12935,.T.);
#12954=EDGE_LOOP('',(#12948,#12950,#12952,#12953));
#12955=FACE_OUTER_BOUND('',#12954,.F.);
#12956=ADVANCED_FACE('',(#12955),#12947,.T.);
#12957=CARTESIAN_POINT('',(-4.170212760568E0,8.663621437763E0,0.E0));
#12958=DIRECTION('',(5.466225409156E-1,8.373791242699E-1,0.E0));
#12959=DIRECTION('',(8.373791242699E-1,-5.466225409156E-1,0.E0));
#12960=AXIS2_PLACEMENT_3D('',#12957,#12958,#12959);
#12961=PLANE('',#12960);
#12962=ORIENTED_EDGE('',*,*,#7426,.F.);
#12964=ORIENTED_EDGE('',*,*,#12963,.F.);
#12966=ORIENTED_EDGE('',*,*,#12965,.F.);
#12967=ORIENTED_EDGE('',*,*,#12949,.T.);
#12968=EDGE_LOOP('',(#12962,#12964,#12966,#12967));
#12969=FACE_OUTER_BOUND('',#12968,.F.);
#12970=ADVANCED_FACE('',(#12969),#12961,.T.);
#12971=CARTESIAN_POINT('',(-4.234042555094E0,8.684454771717E0,0.E0));
#12972=DIRECTION('',(3.102800078639E-1,9.506452107490E-1,0.E0));
#12973=DIRECTION('',(9.506452107490E-1,-3.102800078639E-1,0.E0));
#12974=AXIS2_PLACEMENT_3D('',#12971,#12972,#12973);
#12975=PLANE('',#12974);
#12976=ORIENTED_EDGE('',*,*,#7424,.F.);
#12978=ORIENTED_EDGE('',*,*,#12977,.F.);
#12980=ORIENTED_EDGE('',*,*,#12979,.F.);
#12981=ORIENTED_EDGE('',*,*,#12963,.T.);
#12982=EDGE_LOOP('',(#12976,#12978,#12980,#12981));
#12983=FACE_OUTER_BOUND('',#12982,.F.);
#12984=ADVANCED_FACE('',(#12983),#12975,.T.);
#12985=CARTESIAN_POINT('',(-4.234042555094E0,8.580288107534E0,0.E0));
#12986=DIRECTION('',(-1.E0,0.E0,0.E0));
#12987=DIRECTION('',(0.E0,1.E0,0.E0));
#12988=AXIS2_PLACEMENT_3D('',#12985,#12986,#12987);
#12989=PLANE('',#12988);
#12990=ORIENTED_EDGE('',*,*,#7422,.T.);
#12992=ORIENTED_EDGE('',*,*,#12991,.F.);
#12994=ORIENTED_EDGE('',*,*,#12993,.F.);
#12995=ORIENTED_EDGE('',*,*,#12977,.T.);
#12996=EDGE_LOOP('',(#12990,#12992,#12994,#12995));
#12997=FACE_OUTER_BOUND('',#12996,.F.);
#12998=ADVANCED_FACE('',(#12997),#12989,.T.);
#12999=CARTESIAN_POINT('',(-4.191489368677E0,8.559454771717E0,0.E0));
#13000=DIRECTION('',(-4.397135381076E-1,-8.981380764698E-1,0.E0));
#13001=DIRECTION('',(-8.981380764698E-1,4.397135381076E-1,0.E0));
#13002=AXIS2_PLACEMENT_3D('',#12999,#13000,#13001);
#13003=PLANE('',#13002);
#13004=ORIENTED_EDGE('',*,*,#7420,.F.);
#13006=ORIENTED_EDGE('',*,*,#13005,.F.);
#13008=ORIENTED_EDGE('',*,*,#13007,.F.);
#13009=ORIENTED_EDGE('',*,*,#12991,.T.);
#13010=EDGE_LOOP('',(#13004,#13006,#13008,#13009));
#13011=FACE_OUTER_BOUND('',#13010,.F.);
#13012=ADVANCED_FACE('',(#13011),#13003,.T.);
#13013=CARTESIAN_POINT('',(-4.148936167359E0,8.517788100084E0,0.E0));
#13014=DIRECTION('',(-6.996247526907E-1,-7.145104655794E-1,0.E0));
#13015=DIRECTION('',(-7.145104655794E-1,6.996247526907E-1,0.E0));
#13016=AXIS2_PLACEMENT_3D('',#13013,#13014,#13015);
#13017=PLANE('',#13016);
#13018=ORIENTED_EDGE('',*,*,#7418,.F.);
#13020=ORIENTED_EDGE('',*,*,#13019,.F.);
#13022=ORIENTED_EDGE('',*,*,#13021,.F.);
#13023=ORIENTED_EDGE('',*,*,#13005,.T.);
#13024=EDGE_LOOP('',(#13018,#13020,#13022,#13023));
#13025=FACE_OUTER_BOUND('',#13024,.F.);
#13026=ADVANCED_FACE('',(#13025),#13017,.T.);
#13027=CARTESIAN_POINT('',(-4.127659574151E0,8.476121443351E0,0.E0));
#13028=DIRECTION('',(-8.906052429498E-1,-4.547771995497E-1,0.E0));
#13029=DIRECTION('',(-4.547771995497E-1,8.906052429498E-1,0.E0));
#13030=AXIS2_PLACEMENT_3D('',#13027,#13028,#13029);
#13031=PLANE('',#13030);
#13032=ORIENTED_EDGE('',*,*,#7416,.F.);
#13034=ORIENTED_EDGE('',*,*,#13033,.F.);
#13036=ORIENTED_EDGE('',*,*,#13035,.F.);
#13037=ORIENTED_EDGE('',*,*,#13019,.T.);
#13038=EDGE_LOOP('',(#13032,#13034,#13036,#13037));
#13039=FACE_OUTER_BOUND('',#13038,.F.);
#13040=ADVANCED_FACE('',(#13039),#13031,.T.);
#13041=CARTESIAN_POINT('',(-4.106382980943E0,8.371954771717E0,0.E0));
#13042=DIRECTION('',(-9.797707111493E-1,-2.001233458994E-1,0.E0));
#13043=DIRECTION('',(-2.001233458994E-1,9.797707111493E-1,0.E0));
#13044=AXIS2_PLACEMENT_3D('',#13041,#13042,#13043);
#13045=PLANE('',#13044);
#13046=ORIENTED_EDGE('',*,*,#7414,.F.);
#13048=ORIENTED_EDGE('',*,*,#13047,.F.);
#13050=ORIENTED_EDGE('',*,*,#13049,.F.);
#13051=ORIENTED_EDGE('',*,*,#13033,.T.);
#13052=EDGE_LOOP('',(#13046,#13048,#13050,#13051));
#13053=FACE_OUTER_BOUND('',#13052,.F.);
#13054=ADVANCED_FACE('',(#13053),#13045,.T.);
#13055=CARTESIAN_POINT('',(-4.106382980943E0,8.246954771717E0,0.E0));
#13056=DIRECTION('',(-1.E0,0.E0,0.E0));
#13057=DIRECTION('',(0.E0,1.E0,0.E0));
#13058=AXIS2_PLACEMENT_3D('',#13055,#13056,#13057);
#13059=PLANE('',#13058);
#13060=ORIENTED_EDGE('',*,*,#7412,.T.);
#13062=ORIENTED_EDGE('',*,*,#13061,.F.);
#13064=ORIENTED_EDGE('',*,*,#13063,.F.);
#13065=ORIENTED_EDGE('',*,*,#13047,.T.);
#13066=EDGE_LOOP('',(#13060,#13062,#13064,#13065));
#13067=FACE_OUTER_BOUND('',#13066,.F.);
#13068=ADVANCED_FACE('',(#13067),#13059,.T.);
#13069=CARTESIAN_POINT('',(-4.127659574151E0,8.142788085183E0,0.E0));
#13070=DIRECTION('',(-9.797707167625E-1,2.001233184181E-1,0.E0));
#13071=DIRECTION('',(2.001233184181E-1,9.797707167625E-1,0.E0));
#13072=AXIS2_PLACEMENT_3D('',#13069,#13070,#13071);
#13073=PLANE('',#13072);
#13074=ORIENTED_EDGE('',*,*,#7410,.F.);
#13076=ORIENTED_EDGE('',*,*,#13075,.F.);
#13078=ORIENTED_EDGE('',*,*,#13077,.F.);
#13079=ORIENTED_EDGE('',*,*,#13061,.T.);
#13080=EDGE_LOOP('',(#13074,#13076,#13078,#13079));
#13081=FACE_OUTER_BOUND('',#13080,.F.);
#13082=ADVANCED_FACE('',(#13081),#13073,.T.);
#13083=CARTESIAN_POINT('',(-4.148936167359E0,8.101121458252E0,0.E0));
#13084=DIRECTION('',(-8.906051112017E-1,4.547774575564E-1,0.E0));
#13085=DIRECTION('',(4.547774575564E-1,8.906051112017E-1,0.E0));
#13086=AXIS2_PLACEMENT_3D('',#13083,#13084,#13085);
#13087=PLANE('',#13086);
#13088=ORIENTED_EDGE('',*,*,#7408,.F.);
#13090=ORIENTED_EDGE('',*,*,#13089,.F.);
#13092=ORIENTED_EDGE('',*,*,#13091,.F.);
#13093=ORIENTED_EDGE('',*,*,#13075,.T.);
#13094=EDGE_LOOP('',(#13088,#13090,#13092,#13093));
#13095=FACE_OUTER_BOUND('',#13094,.F.);
#13096=ADVANCED_FACE('',(#13095),#13087,.T.);
#13097=CARTESIAN_POINT('',(-4.191489368677E0,8.059454771717E0,0.E0));
#13098=DIRECTION('',(-6.996248804268E-1,7.145103405045E-1,0.E0));
#13099=DIRECTION('',(7.145103405045E-1,6.996248804268E-1,0.E0));
#13100=AXIS2_PLACEMENT_3D('',#13097,#13098,#13099);
#13101=PLANE('',#13100);
#13102=ORIENTED_EDGE('',*,*,#7406,.F.);
#13104=ORIENTED_EDGE('',*,*,#13103,.F.);
#13106=ORIENTED_EDGE('',*,*,#13105,.F.);
#13107=ORIENTED_EDGE('',*,*,#13089,.T.);
#13108=EDGE_LOOP('',(#13102,#13104,#13106,#13107));
#13109=FACE_OUTER_BOUND('',#13108,.F.);
#13110=ADVANCED_FACE('',(#13109),#13101,.T.);
#13111=CARTESIAN_POINT('',(-4.234042555094E0,8.038621458252E0,0.E0));
#13112=DIRECTION('',(-4.397131575602E-1,8.981382627794E-1,0.E0));
#13113=DIRECTION('',(8.981382627794E-1,4.397131575602E-1,0.E0));
#13114=AXIS2_PLACEMENT_3D('',#13111,#13112,#13113);
#13115=PLANE('',#13114);
#13116=ORIENTED_EDGE('',*,*,#7404,.F.);
#13118=ORIENTED_EDGE('',*,*,#13117,.F.);
#13120=ORIENTED_EDGE('',*,*,#13119,.F.);
#13121=ORIENTED_EDGE('',*,*,#13103,.T.);
#13122=EDGE_LOOP('',(#13116,#13118,#13120,#13121));
#13123=FACE_OUTER_BOUND('',#13122,.F.);
#13124=ADVANCED_FACE('',(#13123),#13115,.T.);
#13125=CARTESIAN_POINT('',(-4.319148927927E0,8.038621458252E0,0.E0));
#13126=DIRECTION('',(0.E0,1.E0,0.E0));
#13127=DIRECTION('',(1.E0,0.E0,0.E0));
#13128=AXIS2_PLACEMENT_3D('',#13125,#13126,#13127);
#13129=PLANE('',#13128);
#13130=ORIENTED_EDGE('',*,*,#7402,.T.);
#13132=ORIENTED_EDGE('',*,*,#13131,.F.);
#13134=ORIENTED_EDGE('',*,*,#13133,.F.);
#13135=ORIENTED_EDGE('',*,*,#13117,.T.);
#13136=EDGE_LOOP('',(#13130,#13132,#13134,#13135));
#13137=FACE_OUTER_BOUND('',#13136,.F.);
#13138=ADVANCED_FACE('',(#13137),#13129,.T.);
#13139=CARTESIAN_POINT('',(-4.404255330563E0,8.080288085183E0,0.E0));
#13140=DIRECTION('',(4.397130333538E-1,8.981383235887E-1,0.E0));
#13141=DIRECTION('',(8.981383235887E-1,-4.397130333538E-1,0.E0));
#13142=AXIS2_PLACEMENT_3D('',#13139,#13140,#13141);
#13143=PLANE('',#13142);
#13144=ORIENTED_EDGE('',*,*,#7400,.F.);
#13146=ORIENTED_EDGE('',*,*,#13145,.F.);
#13148=ORIENTED_EDGE('',*,*,#13147,.F.);
#13149=ORIENTED_EDGE('',*,*,#13131,.T.);
#13150=EDGE_LOOP('',(#13144,#13146,#13148,#13149));
#13151=FACE_OUTER_BOUND('',#13150,.F.);
#13152=ADVANCED_FACE('',(#13151),#13143,.T.);
#13153=CARTESIAN_POINT('',(-4.446808516979E0,8.142788085183E0,0.E0));
#13154=DIRECTION('',(8.265992787996E-1,5.627909312417E-1,0.E0));
#13155=DIRECTION('',(5.627909312417E-1,-8.265992787996E-1,0.E0));
#13156=AXIS2_PLACEMENT_3D('',#13153,#13154,#13155);
#13157=PLANE('',#13156);
#13158=ORIENTED_EDGE('',*,*,#7398,.F.);
#13160=ORIENTED_EDGE('',*,*,#13159,.F.);
#13162=ORIENTED_EDGE('',*,*,#13161,.F.);
#13163=ORIENTED_EDGE('',*,*,#13145,.T.);
#13164=EDGE_LOOP('',(#13158,#13160,#13162,#13163));
#13165=FACE_OUTER_BOUND('',#13164,.F.);
#13166=ADVANCED_FACE('',(#13165),#13157,.T.);
#13167=CARTESIAN_POINT('',(-4.468085110188E0,8.267788114985E0,0.E0));
#13168=DIRECTION('',(9.858211797109E-1,1.677992897283E-1,0.E0));
#13169=DIRECTION('',(1.677992897283E-1,-9.858211797109E-1,0.E0));
#13170=AXIS2_PLACEMENT_3D('',#13167,#13168,#13169);
#13171=PLANE('',#13170);
#13172=ORIENTED_EDGE('',*,*,#7396,.F.);
#13174=ORIENTED_EDGE('',*,*,#13173,.F.);
#13176=ORIENTED_EDGE('',*,*,#13175,.F.);
#13177=ORIENTED_EDGE('',*,*,#13159,.T.);
#13178=EDGE_LOOP('',(#13172,#13174,#13176,#13177));
#13179=FACE_OUTER_BOUND('',#13178,.F.);
#13180=ADVANCED_FACE('',(#13179),#13171,.T.);
#13181=CARTESIAN_POINT('',(-4.468085110188E0,8.351121428450E0,0.E0));
#13182=DIRECTION('',(1.E0,0.E0,0.E0));
#13183=DIRECTION('',(0.E0,-1.E0,0.E0));
#13184=AXIS2_PLACEMENT_3D('',#13181,#13182,#13183);
#13185=PLANE('',#13184);
#13186=ORIENTED_EDGE('',*,*,#7394,.T.);
#13188=ORIENTED_EDGE('',*,*,#13187,.F.);
#13190=ORIENTED_EDGE('',*,*,#13189,.F.);
#13191=ORIENTED_EDGE('',*,*,#13173,.T.);
#13192=EDGE_LOOP('',(#13186,#13188,#13190,#13191));
#13193=FACE_OUTER_BOUND('',#13192,.F.);
#13194=ADVANCED_FACE('',(#13193),#13185,.T.);
#13195=CARTESIAN_POINT('',(-4.553191483021E0,8.351121428450E0,0.E0));
#13196=DIRECTION('',(0.E0,1.E0,0.E0));
#13197=DIRECTION('',(1.E0,0.E0,0.E0));
#13198=AXIS2_PLACEMENT_3D('',#13195,#13196,#13197);
#13199=PLANE('',#13198);
#13200=ORIENTED_EDGE('',*,*,#7392,.T.);
#13202=ORIENTED_EDGE('',*,*,#13201,.F.);
#13204=ORIENTED_EDGE('',*,*,#13203,.F.);
#13205=ORIENTED_EDGE('',*,*,#13187,.T.);
#13206=EDGE_LOOP('',(#13200,#13202,#13204,#13205));
#13207=FACE_OUTER_BOUND('',#13206,.F.);
#13208=ADVANCED_FACE('',(#13207),#13199,.T.);
#13209=CARTESIAN_POINT('',(-4.553191483021E0,8.267788114985E0,0.E0));
#13210=DIRECTION('',(-1.E0,0.E0,0.E0));
#13211=DIRECTION('',(0.E0,1.E0,0.E0));
#13212=AXIS2_PLACEMENT_3D('',#13209,#13210,#13211);
#13213=PLANE('',#13212);
#13214=ORIENTED_EDGE('',*,*,#7390,.T.);
#13216=ORIENTED_EDGE('',*,*,#13215,.F.);
#13218=ORIENTED_EDGE('',*,*,#13217,.F.);
#13219=ORIENTED_EDGE('',*,*,#13201,.T.);
#13220=EDGE_LOOP('',(#13214,#13216,#13218,#13219));
#13221=FACE_OUTER_BOUND('',#13220,.F.);
#13222=ADVANCED_FACE('',(#13221),#13213,.T.);
#13223=CARTESIAN_POINT('',(-4.595744669437E0,8.142788085183E0,0.E0));
#13224=DIRECTION('',(-9.466499412097E-1,3.222636945230E-1,0.E0));
#13225=DIRECTION('',(3.222636945230E-1,9.466499412097E-1,0.E0));
#13226=AXIS2_PLACEMENT_3D('',#13223,#13224,#13225);
#13227=PLANE('',#13226);
#13228=ORIENTED_EDGE('',*,*,#7388,.F.);
#13230=ORIENTED_EDGE('',*,*,#13229,.F.);
#13232=ORIENTED_EDGE('',*,*,#13231,.F.);
#13233=ORIENTED_EDGE('',*,*,#13215,.T.);
#13234=EDGE_LOOP('',(#13228,#13230,#13232,#13233));
#13235=FACE_OUTER_BOUND('',#13234,.F.);
#13236=ADVANCED_FACE('',(#13235),#13227,.T.);
#13237=CARTESIAN_POINT('',(-4.638297855854E0,8.101121458252E0,0.E0));
#13238=DIRECTION('',(-6.996244945571E-1,7.145107183351E-1,0.E0));
#13239=DIRECTION('',(7.145107183351E-1,6.996244945571E-1,0.E0));
#13240=AXIS2_PLACEMENT_3D('',#13237,#13238,#13239);
#13241=PLANE('',#13240);
#13242=ORIENTED_EDGE('',*,*,#7386,.F.);
#13244=ORIENTED_EDGE('',*,*,#13243,.F.);
#13246=ORIENTED_EDGE('',*,*,#13245,.F.);
#13247=ORIENTED_EDGE('',*,*,#13229,.T.);
#13248=EDGE_LOOP('',(#13242,#13244,#13246,#13247));
#13249=FACE_OUTER_BOUND('',#13248,.F.);
#13250=ADVANCED_FACE('',(#13249),#13241,.T.);
#13251=CARTESIAN_POINT('',(-4.723404228687E0,8.059454771717E0,0.E0));
#13252=DIRECTION('',(-4.397136649566E-1,8.981380143666E-1,0.E0));
#13253=DIRECTION('',(8.981380143666E-1,4.397136649566E-1,0.E0));
#13254=AXIS2_PLACEMENT_3D('',#13251,#13252,#13253);
#13255=PLANE('',#13254);
#13256=ORIENTED_EDGE('',*,*,#7384,.F.);
#13258=ORIENTED_EDGE('',*,*,#13257,.F.);
#13260=ORIENTED_EDGE('',*,*,#13259,.F.);
#13261=ORIENTED_EDGE('',*,*,#13243,.T.);
#13262=EDGE_LOOP('',(#13256,#13258,#13260,#13261));
#13263=FACE_OUTER_BOUND('',#13262,.F.);
#13264=ADVANCED_FACE('',(#13263),#13255,.T.);
#13265=CARTESIAN_POINT('',(-4.765957474709E0,8.059454771717E0,0.E0));
#13266=DIRECTION('',(0.E0,1.E0,0.E0));
#13267=DIRECTION('',(1.E0,0.E0,0.E0));
#13268=AXIS2_PLACEMENT_3D('',#13265,#13266,#13267);
#13269=PLANE('',#13268);
#13270=ORIENTED_EDGE('',*,*,#7382,.T.);
#13272=ORIENTED_EDGE('',*,*,#13271,.F.);
#13274=ORIENTED_EDGE('',*,*,#13273,.F.);
#13275=ORIENTED_EDGE('',*,*,#13257,.T.);
#13276=EDGE_LOOP('',(#13270,#13272,#13274,#13275));
#13277=FACE_OUTER_BOUND('',#13276,.F.);
#13278=ADVANCED_FACE('',(#13277),#13269,.T.);
#13279=CARTESIAN_POINT('',(-4.829787254333E0,8.101121458252E0,0.E0));
#13280=DIRECTION('',(5.466227293958E-1,8.373790012342E-1,0.E0));
#13281=DIRECTION('',(8.373790012342E-1,-5.466227293958E-1,0.E0));
#13282=AXIS2_PLACEMENT_3D('',#13279,#13280,#13281);
#13283=PLANE('',#13282);
#13284=ORIENTED_EDGE('',*,*,#7380,.F.);
#13286=ORIENTED_EDGE('',*,*,#13285,.F.);
#13288=ORIENTED_EDGE('',*,*,#13287,.F.);
#13289=ORIENTED_EDGE('',*,*,#13271,.T.);
#13290=EDGE_LOOP('',(#13284,#13286,#13288,#13289));
#13291=FACE_OUTER_BOUND('',#13290,.F.);
#13292=ADVANCED_FACE('',(#13291),#13283,.T.);
#13293=CARTESIAN_POINT('',(-4.872340440750E0,8.163621458252E0,0.E0));
#13294=DIRECTION('',(8.265992787996E-1,5.627909312417E-1,0.E0));
#13295=DIRECTION('',(5.627909312417E-1,-8.265992787996E-1,0.E0));
#13296=AXIS2_PLACEMENT_3D('',#13293,#13294,#13295);
#13297=PLANE('',#13296);
#13298=ORIENTED_EDGE('',*,*,#7378,.F.);
#13300=ORIENTED_EDGE('',*,*,#13299,.F.);
#13302=ORIENTED_EDGE('',*,*,#13301,.F.);
#13303=ORIENTED_EDGE('',*,*,#13285,.T.);
#13304=EDGE_LOOP('',(#13298,#13300,#13302,#13303));
#13305=FACE_OUTER_BOUND('',#13304,.F.);
#13306=ADVANCED_FACE('',(#13305),#13297,.T.);
#13307=CARTESIAN_POINT('',(-4.893617033958E0,8.267788114985E0,0.E0));
#13308=DIRECTION('',(9.797707055361E-1,2.001233733807E-1,0.E0));
#13309=DIRECTION('',(2.001233733807E-1,-9.797707055361E-1,0.E0));
#13310=AXIS2_PLACEMENT_3D('',#13307,#13308,#13309);
#13311=PLANE('',#13310);
#13312=ORIENTED_EDGE('',*,*,#7376,.F.);
#13314=ORIENTED_EDGE('',*,*,#13313,.F.);
#13316=ORIENTED_EDGE('',*,*,#13315,.F.);
#13317=ORIENTED_EDGE('',*,*,#13299,.T.);
#13318=EDGE_LOOP('',(#13312,#13314,#13316,#13317));
#13319=FACE_OUTER_BOUND('',#13318,.F.);
#13320=ADVANCED_FACE('',(#13319),#13311,.T.);
#13321=CARTESIAN_POINT('',(-4.893617033958E0,8.351121428450E0,0.E0));
#13322=DIRECTION('',(1.E0,0.E0,0.E0));
#13323=DIRECTION('',(0.E0,-1.E0,0.E0));
#13324=AXIS2_PLACEMENT_3D('',#13321,#13322,#13323);
#13325=PLANE('',#13324);
#13326=ORIENTED_EDGE('',*,*,#7374,.T.);
#13328=ORIENTED_EDGE('',*,*,#13327,.F.);
#13330=ORIENTED_EDGE('',*,*,#13329,.F.);
#13331=ORIENTED_EDGE('',*,*,#13313,.T.);
#13332=EDGE_LOOP('',(#13326,#13328,#13330,#13331));
#13333=FACE_OUTER_BOUND('',#13332,.F.);
#13334=ADVANCED_FACE('',(#13333),#13325,.T.);
#13335=CARTESIAN_POINT('',(-4.872340440750E0,8.455288100084E0,0.E0));
#13336=DIRECTION('',(9.797707111493E-1,-2.001233458994E-1,0.E0));
#13337=DIRECTION('',(-2.001233458994E-1,-9.797707111493E-1,0.E0));
#13338=AXIS2_PLACEMENT_3D('',#13335,#13336,#13337);
#13339=PLANE('',#13338);
#13340=ORIENTED_EDGE('',*,*,#7372,.F.);
#13342=ORIENTED_EDGE('',*,*,#13341,.F.);
#13344=ORIENTED_EDGE('',*,*,#13343,.F.);
#13345=ORIENTED_EDGE('',*,*,#13327,.T.);
#13346=EDGE_LOOP('',(#13340,#13342,#13344,#13345));
#13347=FACE_OUTER_BOUND('',#13346,.F.);
#13348=ADVANCED_FACE('',(#13347),#13339,.T.);
#13349=CARTESIAN_POINT('',(-4.829787254333E0,8.517788100084E0,0.E0));
#13350=DIRECTION('',(8.265992787996E-1,-5.627909312417E-1,0.E0));
#13351=DIRECTION('',(-5.627909312417E-1,-8.265992787996E-1,0.E0));
#13352=AXIS2_PLACEMENT_3D('',#13349,#13350,#13351);
#13353=PLANE('',#13352);
#13354=ORIENTED_EDGE('',*,*,#7370,.F.);
#13356=ORIENTED_EDGE('',*,*,#13355,.F.);
#13358=ORIENTED_EDGE('',*,*,#13357,.F.);
#13359=ORIENTED_EDGE('',*,*,#13341,.T.);
#13360=EDGE_LOOP('',(#13354,#13356,#13358,#13359));
#13361=FACE_OUTER_BOUND('',#13360,.F.);
#13362=ADVANCED_FACE('',(#13361),#13353,.T.);
#13363=CARTESIAN_POINT('',(-4.765957474709E0,8.559454771717E0,0.E0));
#13364=DIRECTION('',(5.466225923193E-1,-8.373790907147E-1,0.E0));
#13365=DIRECTION('',(-8.373790907147E-1,-5.466225923193E-1,0.E0));
#13366=AXIS2_PLACEMENT_3D('',#13363,#13364,#13365);
#13367=PLANE('',#13366);
#13368=ORIENTED_EDGE('',*,*,#7368,.F.);
#13370=ORIENTED_EDGE('',*,*,#13369,.F.);
#13372=ORIENTED_EDGE('',*,*,#13371,.F.);
#13373=ORIENTED_EDGE('',*,*,#13355,.T.);
#13374=EDGE_LOOP('',(#13368,#13370,#13372,#13373));
#13375=FACE_OUTER_BOUND('',#13374,.F.);
#13376=ADVANCED_FACE('',(#13375),#13367,.T.);
#13377=CARTESIAN_POINT('',(-4.765957474709E0,8.663621437763E0,0.E0));
#13378=DIRECTION('',(1.E0,0.E0,0.E0));
#13379=DIRECTION('',(0.E0,-1.E0,0.E0));
#13380=AXIS2_PLACEMENT_3D('',#13377,#13378,#13379);
#13381=PLANE('',#13380);
#13382=ORIENTED_EDGE('',*,*,#7366,.T.);
#13384=ORIENTED_EDGE('',*,*,#13383,.F.);
#13386=ORIENTED_EDGE('',*,*,#13385,.F.);
#13387=ORIENTED_EDGE('',*,*,#13369,.T.);
#13388=EDGE_LOOP('',(#13382,#13384,#13386,#13387));
#13389=FACE_OUTER_BOUND('',#13388,.F.);
#13390=ADVANCED_FACE('',(#13389),#13381,.T.);
#13391=CARTESIAN_POINT('',(-4.851063847542E0,8.642788103809E0,0.E0));
#13392=DIRECTION('',(-2.377713591533E-1,9.713211522284E-1,0.E0));
#13393=DIRECTION('',(9.713211522284E-1,2.377713591533E-1,0.E0));
#13394=AXIS2_PLACEMENT_3D('',#13391,#13392,#13393);
#13395=PLANE('',#13394);
#13396=ORIENTED_EDGE('',*,*,#7364,.F.);
#13398=ORIENTED_EDGE('',*,*,#13397,.F.);
#13400=ORIENTED_EDGE('',*,*,#13399,.F.);
#13401=ORIENTED_EDGE('',*,*,#13383,.T.);
#13402=EDGE_LOOP('',(#13396,#13398,#13400,#13401));
#13403=FACE_OUTER_BOUND('',#13402,.F.);
#13404=ADVANCED_FACE('',(#13403),#13395,.T.);
#13405=CARTESIAN_POINT('',(-4.936170220375E0,8.559454771717E0,0.E0));
#13406=DIRECTION('',(-6.996248298646E-1,7.145103900133E-1,0.E0));
#13407=DIRECTION('',(7.145103900133E-1,6.996248298646E-1,0.E0));
#13408=AXIS2_PLACEMENT_3D('',#13405,#13406,#13407);
#13409=PLANE('',#13408);
#13410=ORIENTED_EDGE('',*,*,#7362,.F.);
#13412=ORIENTED_EDGE('',*,*,#13411,.F.);
#13414=ORIENTED_EDGE('',*,*,#13413,.F.);
#13415=ORIENTED_EDGE('',*,*,#13397,.T.);
#13416=EDGE_LOOP('',(#13410,#13412,#13414,#13415));
#13417=FACE_OUTER_BOUND('',#13416,.F.);
#13418=ADVANCED_FACE('',(#13417),#13409,.T.);
#13419=CARTESIAN_POINT('',(-4.978723406792E0,8.476121443351E0,0.E0));
#13420=DIRECTION('',(-8.906052758868E-1,4.547771350481E-1,0.E0));
#13421=DIRECTION('',(4.547771350481E-1,8.906052758868E-1,0.E0));
#13422=AXIS2_PLACEMENT_3D('',#13419,#13420,#13421);
#13423=PLANE('',#13422);
#13424=ORIENTED_EDGE('',*,*,#7360,.F.);
#13426=ORIENTED_EDGE('',*,*,#13425,.F.);
#13428=ORIENTED_EDGE('',*,*,#13427,.F.);
#13429=ORIENTED_EDGE('',*,*,#13411,.T.);
#13430=EDGE_LOOP('',(#13424,#13426,#13428,#13429));
#13431=FACE_OUTER_BOUND('',#13430,.F.);
#13432=ADVANCED_FACE('',(#13431),#13423,.T.);
#13433=CARTESIAN_POINT('',(-5.E0,8.330288114985E0,0.E0));
#13434=DIRECTION('',(-9.895240333173E-1,1.443682357291E-1,0.E0));
#13435=DIRECTION('',(1.443682357291E-1,9.895240333173E-1,0.E0));
#13436=AXIS2_PLACEMENT_3D('',#13433,#13434,#13435);
#13437=PLANE('',#13436);
#13438=ORIENTED_EDGE('',*,*,#7358,.F.);
#13440=ORIENTED_EDGE('',*,*,#13439,.F.);
#13442=ORIENTED_EDGE('',*,*,#13441,.F.);
#13443=ORIENTED_EDGE('',*,*,#13425,.T.);
#13444=EDGE_LOOP('',(#13438,#13440,#13442,#13443));
#13445=FACE_OUTER_BOUND('',#13444,.F.);
#13446=ADVANCED_FACE('',(#13445),#13437,.T.);
#13447=CARTESIAN_POINT('',(-5.E0,8.288621428450E0,0.E0));
#13448=DIRECTION('',(-1.E0,0.E0,0.E0));
#13449=DIRECTION('',(0.E0,1.E0,0.E0));
#13450=AXIS2_PLACEMENT_3D('',#13447,#13448,#13449);
#13451=PLANE('',#13450);
#13452=ORIENTED_EDGE('',*,*,#7356,.T.);
#13454=ORIENTED_EDGE('',*,*,#13453,.F.);
#13456=ORIENTED_EDGE('',*,*,#13455,.F.);
#13457=ORIENTED_EDGE('',*,*,#13439,.T.);
#13458=EDGE_LOOP('',(#13452,#13454,#13456,#13457));
#13459=FACE_OUTER_BOUND('',#13458,.F.);
#13460=ADVANCED_FACE('',(#13459),#13451,.T.);
#13461=CARTESIAN_POINT('',(-4.978723406792E0,8.142788085183E0,0.E0));
#13462=DIRECTION('',(-9.895240354246E-1,-1.443682212851E-1,0.E0));
#13463=DIRECTION('',(-1.443682212851E-1,9.895240354246E-1,0.E0));
#13464=AXIS2_PLACEMENT_3D('',#13461,#13462,#13463);
#13465=PLANE('',#13464);
#13466=ORIENTED_EDGE('',*,*,#7354,.F.);
#13468=ORIENTED_EDGE('',*,*,#13467,.F.);
#13470=ORIENTED_EDGE('',*,*,#13469,.F.);
#13471=ORIENTED_EDGE('',*,*,#13453,.T.);
#13472=EDGE_LOOP('',(#13466,#13468,#13470,#13471));
#13473=FACE_OUTER_BOUND('',#13472,.F.);
#13474=ADVANCED_FACE('',(#13473),#13465,.T.);
#13475=CARTESIAN_POINT('',(-4.936170220375E0,8.059454771717E0,0.E0));
#13476=DIRECTION('',(-8.906052429498E-1,-4.547771995497E-1,0.E0));
#13477=DIRECTION('',(-4.547771995497E-1,8.906052429498E-1,0.E0));
#13478=AXIS2_PLACEMENT_3D('',#13475,#13476,#13477);
#13479=PLANE('',#13478);
#13480=ORIENTED_EDGE('',*,*,#7352,.F.);
#13482=ORIENTED_EDGE('',*,*,#13481,.F.);
#13484=ORIENTED_EDGE('',*,*,#13483,.F.);
#13485=ORIENTED_EDGE('',*,*,#13467,.T.);
#13486=EDGE_LOOP('',(#13480,#13482,#13484,#13485));
#13487=FACE_OUTER_BOUND('',#13486,.F.);
#13488=ADVANCED_FACE('',(#13487),#13479,.T.);
#13489=CARTESIAN_POINT('',(-4.851063847542E0,7.976121458252E0,0.E0));
#13490=DIRECTION('',(-6.996247500295E-1,-7.145104681851E-1,0.E0));
#13491=DIRECTION('',(-7.145104681851E-1,6.996247500295E-1,0.E0));
#13492=AXIS2_PLACEMENT_3D('',#13489,#13490,#13491);
#13493=PLANE('',#13492);
#13494=ORIENTED_EDGE('',*,*,#7350,.F.);
#13496=ORIENTED_EDGE('',*,*,#13495,.F.);
#13498=ORIENTED_EDGE('',*,*,#13497,.F.);
#13499=ORIENTED_EDGE('',*,*,#13481,.T.);
#13500=EDGE_LOOP('',(#13494,#13496,#13498,#13499));
#13501=FACE_OUTER_BOUND('',#13500,.F.);
#13502=ADVANCED_FACE('',(#13501),#13493,.T.);
#13503=CARTESIAN_POINT('',(-4.765957474709E0,7.955288085183E0,0.E0));
#13504=DIRECTION('',(-2.377717803411E-1,-9.713210491251E-1,0.E0));
#13505=DIRECTION('',(-9.713210491251E-1,2.377717803411E-1,0.E0));
#13506=AXIS2_PLACEMENT_3D('',#13503,#13504,#13505);
#13507=PLANE('',#13506);
#13508=ORIENTED_EDGE('',*,*,#7348,.F.);
#13510=ORIENTED_EDGE('',*,*,#13509,.F.);
#13512=ORIENTED_EDGE('',*,*,#13511,.F.);
#13513=ORIENTED_EDGE('',*,*,#13495,.T.);
#13514=EDGE_LOOP('',(#13508,#13510,#13512,#13513));
#13515=FACE_OUTER_BOUND('',#13514,.F.);
#13516=ADVANCED_FACE('',(#13515),#13507,.T.);
#13517=CARTESIAN_POINT('',(-4.723404228687E0,7.955288085183E0,0.E0));
#13518=DIRECTION('',(0.E0,-1.E0,0.E0));
#13519=DIRECTION('',(-1.E0,0.E0,0.E0));
#13520=AXIS2_PLACEMENT_3D('',#13517,#13518,#13519);
#13521=PLANE('',#13520);
#13522=ORIENTED_EDGE('',*,*,#7346,.T.);
#13524=ORIENTED_EDGE('',*,*,#13523,.F.);
#13526=ORIENTED_EDGE('',*,*,#13525,.F.);
#13527=ORIENTED_EDGE('',*,*,#13509,.T.);
#13528=EDGE_LOOP('',(#13522,#13524,#13526,#13527));
#13529=FACE_OUTER_BOUND('',#13528,.F.);
#13530=ADVANCED_FACE('',(#13529),#13521,.T.);
#13531=CARTESIAN_POINT('',(-4.638297855854E0,7.976121458252E0,0.E0));
#13532=DIRECTION('',(2.377717803411E-1,-9.713210491251E-1,0.E0));
#13533=DIRECTION('',(-9.713210491251E-1,-2.377717803411E-1,0.E0));
#13534=AXIS2_PLACEMENT_3D('',#13531,#13532,#13533);
#13535=PLANE('',#13534);
#13536=ORIENTED_EDGE('',*,*,#7344,.F.);
#13538=ORIENTED_EDGE('',*,*,#13537,.F.);
#13540=ORIENTED_EDGE('',*,*,#13539,.F.);
#13541=ORIENTED_EDGE('',*,*,#13523,.T.);
#13542=EDGE_LOOP('',(#13536,#13538,#13540,#13541));
#13543=FACE_OUTER_BOUND('',#13542,.F.);
#13544=ADVANCED_FACE('',(#13543),#13535,.T.);
#13545=CARTESIAN_POINT('',(-4.574468076229E0,8.017788085183E0,0.E0));
#13546=DIRECTION('',(5.466221810895E-1,-8.373793591563E-1,0.E0));
#13547=DIRECTION('',(-8.373793591563E-1,-5.466221810895E-1,0.E0));
#13548=AXIS2_PLACEMENT_3D('',#13545,#13546,#13547);
#13549=PLANE('',#13548);
#13550=ORIENTED_EDGE('',*,*,#7342,.F.);
#13552=ORIENTED_EDGE('',*,*,#13551,.F.);
#13554=ORIENTED_EDGE('',*,*,#13553,.F.);
#13555=ORIENTED_EDGE('',*,*,#13537,.T.);
#13556=EDGE_LOOP('',(#13550,#13552,#13554,#13555));
#13557=FACE_OUTER_BOUND('',#13556,.F.);
#13558=ADVANCED_FACE('',(#13557),#13549,.T.);
#13559=CARTESIAN_POINT('',(-4.510638296604E0,8.101121458252E0,0.E0));
#13560=DIRECTION('',(7.938783209665E-1,-6.080766493621E-1,0.E0));
#13561=DIRECTION('',(-6.080766493621E-1,-7.938783209665E-1,0.E0));
#13562=AXIS2_PLACEMENT_3D('',#13559,#13560,#13561);
#13563=PLANE('',#13562);
#13564=ORIENTED_EDGE('',*,*,#7340,.F.);
#13566=ORIENTED_EDGE('',*,*,#13565,.F.);
#13568=ORIENTED_EDGE('',*,*,#13567,.F.);
#13569=ORIENTED_EDGE('',*,*,#13551,.T.);
#13570=EDGE_LOOP('',(#13564,#13566,#13568,#13569));
#13571=FACE_OUTER_BOUND('',#13570,.F.);
#13572=ADVANCED_FACE('',(#13571),#13563,.T.);
#13573=CARTESIAN_POINT('',(-4.468085110188E0,7.996954771717E0,0.E0));
#13574=DIRECTION('',(-9.257351324985E-1,-3.781725326593E-1,0.E0));
#13575=DIRECTION('',(-3.781725326593E-1,9.257351324985E-1,0.E0));
#13576=AXIS2_PLACEMENT_3D('',#13573,#13574,#13575);
#13577=PLANE('',#13576);
#13578=ORIENTED_EDGE('',*,*,#7338,.F.);
#13580=ORIENTED_EDGE('',*,*,#13579,.F.);
#13582=ORIENTED_EDGE('',*,*,#13581,.F.);
#13583=ORIENTED_EDGE('',*,*,#13565,.T.);
#13584=EDGE_LOOP('',(#13578,#13580,#13582,#13583));
#13585=FACE_OUTER_BOUND('',#13584,.F.);
#13586=ADVANCED_FACE('',(#13585),#13577,.T.);
#13587=CARTESIAN_POINT('',(-4.404255330563E0,7.955288085183E0,0.E0));
#13588=DIRECTION('',(-5.466227293958E-1,-8.373790012342E-1,0.E0));
#13589=DIRECTION('',(-8.373790012342E-1,5.466227293958E-1,0.E0));
#13590=AXIS2_PLACEMENT_3D('',#13587,#13588,#13589);
#13591=PLANE('',#13590);
#13592=ORIENTED_EDGE('',*,*,#7336,.F.);
#13594=ORIENTED_EDGE('',*,*,#13593,.F.);
#13596=ORIENTED_EDGE('',*,*,#13595,.F.);
#13597=ORIENTED_EDGE('',*,*,#13579,.T.);
#13598=EDGE_LOOP('',(#13592,#13594,#13596,#13597));
#13599=FACE_OUTER_BOUND('',#13598,.F.);
#13600=ADVANCED_FACE('',(#13599),#13591,.T.);
#13601=CARTESIAN_POINT('',(-4.319148927927E0,7.934454771717E0,0.E0));
#13602=DIRECTION('',(-2.377710599762E-1,-9.713212254645E-1,0.E0));
#13603=DIRECTION('',(-9.713212254645E-1,2.377710599762E-1,0.E0));
#13604=AXIS2_PLACEMENT_3D('',#13601,#13602,#13603);
#13605=PLANE('',#13604);
#13606=ORIENTED_EDGE('',*,*,#7334,.F.);
#13608=ORIENTED_EDGE('',*,*,#13607,.F.);
#13610=ORIENTED_EDGE('',*,*,#13609,.F.);
#13611=ORIENTED_EDGE('',*,*,#13593,.T.);
#13612=EDGE_LOOP('',(#13606,#13608,#13610,#13611));
#13613=FACE_OUTER_BOUND('',#13612,.F.);
#13614=ADVANCED_FACE('',(#13613),#13605,.T.);
#13615=CARTESIAN_POINT('',(-4.234042555094E0,7.934454771717E0,0.E0));
#13616=DIRECTION('',(0.E0,-1.E0,0.E0));
#13617=DIRECTION('',(-1.E0,0.E0,0.E0));
#13618=AXIS2_PLACEMENT_3D('',#13615,#13616,#13617);
#13619=PLANE('',#13618);
#13620=ORIENTED_EDGE('',*,*,#7332,.T.);
#13622=ORIENTED_EDGE('',*,*,#13621,.F.);
#13624=ORIENTED_EDGE('',*,*,#13623,.F.);
#13625=ORIENTED_EDGE('',*,*,#13607,.T.);
#13626=EDGE_LOOP('',(#13620,#13622,#13624,#13625));
#13627=FACE_OUTER_BOUND('',#13626,.F.);
#13628=ADVANCED_FACE('',(#13627),#13619,.T.);
#13629=CARTESIAN_POINT('',(-4.170212760568E0,7.955288085183E0,0.E0));
#13630=DIRECTION('',(3.102797320889E-1,-9.506453007588E-1,0.E0));
#13631=DIRECTION('',(-9.506453007588E-1,-3.102797320889E-1,0.E0));
#13632=AXIS2_PLACEMENT_3D('',#13629,#13630,#13631);
#13633=PLANE('',#13632);
#13634=ORIENTED_EDGE('',*,*,#7330,.F.);
#13635=ORIENTED_EDGE('',*,*,#12854,.F.);
#13637=ORIENTED_EDGE('',*,*,#13636,.F.);
#13638=ORIENTED_EDGE('',*,*,#13621,.T.);
#13639=EDGE_LOOP('',(#13634,#13635,#13637,#13638));
#13640=FACE_OUTER_BOUND('',#13639,.F.);
#13641=ADVANCED_FACE('',(#13640),#13633,.T.);
#13642=CARTESIAN_POINT('',(0.E0,0.E0,-5.E-2));
#13643=DIRECTION('',(0.E0,0.E0,-1.E0));
#13644=DIRECTION('',(-1.E0,0.E0,0.E0));
#13645=AXIS2_PLACEMENT_3D('',#13642,#13643,#13644);
#13646=PLANE('',#13645);
#13647=ORIENTED_EDGE('',*,*,#12852,.T.);
#13648=ORIENTED_EDGE('',*,*,#12867,.T.);
#13649=ORIENTED_EDGE('',*,*,#12881,.T.);
#13650=ORIENTED_EDGE('',*,*,#12895,.T.);
#13651=ORIENTED_EDGE('',*,*,#12909,.T.);
#13652=ORIENTED_EDGE('',*,*,#12923,.T.);
#13653=ORIENTED_EDGE('',*,*,#12937,.T.);
#13654=ORIENTED_EDGE('',*,*,#12951,.T.);
#13655=ORIENTED_EDGE('',*,*,#12965,.T.);
#13656=ORIENTED_EDGE('',*,*,#12979,.T.);
#13657=ORIENTED_EDGE('',*,*,#12993,.T.);
#13658=ORIENTED_EDGE('',*,*,#13007,.T.);
#13659=ORIENTED_EDGE('',*,*,#13021,.T.);
#13660=ORIENTED_EDGE('',*,*,#13035,.T.);
#13661=ORIENTED_EDGE('',*,*,#13049,.T.);
#13662=ORIENTED_EDGE('',*,*,#13063,.T.);
#13663=ORIENTED_EDGE('',*,*,#13077,.T.);
#13664=ORIENTED_EDGE('',*,*,#13091,.T.);
#13665=ORIENTED_EDGE('',*,*,#13105,.T.);
#13666=ORIENTED_EDGE('',*,*,#13119,.T.);
#13667=ORIENTED_EDGE('',*,*,#13133,.T.);
#13668=ORIENTED_EDGE('',*,*,#13147,.T.);
#13669=ORIENTED_EDGE('',*,*,#13161,.T.);
#13670=ORIENTED_EDGE('',*,*,#13175,.T.);
#13671=ORIENTED_EDGE('',*,*,#13189,.T.);
#13672=ORIENTED_EDGE('',*,*,#13203,.T.);
#13673=ORIENTED_EDGE('',*,*,#13217,.T.);
#13674=ORIENTED_EDGE('',*,*,#13231,.T.);
#13675=ORIENTED_EDGE('',*,*,#13245,.T.);
#13676=ORIENTED_EDGE('',*,*,#13259,.T.);
#13677=ORIENTED_EDGE('',*,*,#13273,.T.);
#13678=ORIENTED_EDGE('',*,*,#13287,.T.);
#13679=ORIENTED_EDGE('',*,*,#13301,.T.);
#13680=ORIENTED_EDGE('',*,*,#13315,.T.);
#13681=ORIENTED_EDGE('',*,*,#13329,.T.);
#13682=ORIENTED_EDGE('',*,*,#13343,.T.);
#13683=ORIENTED_EDGE('',*,*,#13357,.T.);
#13684=ORIENTED_EDGE('',*,*,#13371,.T.);
#13685=ORIENTED_EDGE('',*,*,#13385,.T.);
#13686=ORIENTED_EDGE('',*,*,#13399,.T.);
#13687=ORIENTED_EDGE('',*,*,#13413,.T.);
#13688=ORIENTED_EDGE('',*,*,#13427,.T.);
#13689=ORIENTED_EDGE('',*,*,#13441,.T.);
#13690=ORIENTED_EDGE('',*,*,#13455,.T.);
#13691=ORIENTED_EDGE('',*,*,#13469,.T.);
#13692=ORIENTED_EDGE('',*,*,#13483,.T.);
#13693=ORIENTED_EDGE('',*,*,#13497,.T.);
#13694=ORIENTED_EDGE('',*,*,#13511,.T.);
#13695=ORIENTED_EDGE('',*,*,#13525,.T.);
#13696=ORIENTED_EDGE('',*,*,#13539,.T.);
#13697=ORIENTED_EDGE('',*,*,#13553,.T.);
#13698=ORIENTED_EDGE('',*,*,#13567,.T.);
#13699=ORIENTED_EDGE('',*,*,#13581,.T.);
#13700=ORIENTED_EDGE('',*,*,#13595,.T.);
#13701=ORIENTED_EDGE('',*,*,#13609,.T.);
#13702=ORIENTED_EDGE('',*,*,#13623,.T.);
#13703=ORIENTED_EDGE('',*,*,#13636,.T.);
#13704=EDGE_LOOP('',(#13647,#13648,#13649,#13650,#13651,#13652,#13653,#13654,
#13655,#13656,#13657,#13658,#13659,#13660,#13661,#13662,#13663,#13664,#13665,
#13666,#13667,#13668,#13669,#13670,#13671,#13672,#13673,#13674,#13675,#13676,
#13677,#13678,#13679,#13680,#13681,#13682,#13683,#13684,#13685,#13686,#13687,
#13688,#13689,#13690,#13691,#13692,#13693,#13694,#13695,#13696,#13697,#13698,
#13699,#13700,#13701,#13702,#13703));
#13705=FACE_OUTER_BOUND('',#13704,.F.);
#13706=ADVANCED_FACE('',(#13705),#13646,.T.);
#13707=CARTESIAN_POINT('',(-4.106382980943E0,7.767788085183E0,0.E0));
#13708=DIRECTION('',(0.E0,1.E0,0.E0));
#13709=DIRECTION('',(1.E0,0.E0,0.E0));
#13710=AXIS2_PLACEMENT_3D('',#13707,#13708,#13709);
#13711=PLANE('',#13710);
#13712=ORIENTED_EDGE('',*,*,#7444,.T.);
#13714=ORIENTED_EDGE('',*,*,#13713,.F.);
#13716=ORIENTED_EDGE('',*,*,#13715,.F.);
#13718=ORIENTED_EDGE('',*,*,#13717,.T.);
#13719=EDGE_LOOP('',(#13712,#13714,#13716,#13718));
#13720=FACE_OUTER_BOUND('',#13719,.F.);
#13721=ADVANCED_FACE('',(#13720),#13711,.T.);
#13722=CARTESIAN_POINT('',(-4.638297855854E0,7.184454771717E0,0.E0));
#13723=DIRECTION('',(-7.389229549020E-1,6.737899277363E-1,0.E0));
#13724=DIRECTION('',(6.737899277363E-1,7.389229549020E-1,0.E0));
#13725=AXIS2_PLACEMENT_3D('',#13722,#13723,#13724);
#13726=PLANE('',#13725);
#13727=ORIENTED_EDGE('',*,*,#7498,.F.);
#13729=ORIENTED_EDGE('',*,*,#13728,.F.);
#13731=ORIENTED_EDGE('',*,*,#13730,.F.);
#13732=ORIENTED_EDGE('',*,*,#13713,.T.);
#13733=EDGE_LOOP('',(#13727,#13729,#13731,#13732));
#13734=FACE_OUTER_BOUND('',#13733,.F.);
#13735=ADVANCED_FACE('',(#13734),#13726,.T.);
#13736=CARTESIAN_POINT('',(-4.723404228687E0,7.142788144787E0,0.E0));
#13737=DIRECTION('',(-4.397131575602E-1,8.981382627794E-1,0.E0));
#13738=DIRECTION('',(8.981382627794E-1,4.397131575602E-1,0.E0));
#13739=AXIS2_PLACEMENT_3D('',#13736,#13737,#13738);
#13740=PLANE('',#13739);
#13741=ORIENTED_EDGE('',*,*,#7496,.F.);
#13743=ORIENTED_EDGE('',*,*,#13742,.F.);
#13745=ORIENTED_EDGE('',*,*,#13744,.F.);
#13746=ORIENTED_EDGE('',*,*,#13728,.T.);
#13747=EDGE_LOOP('',(#13741,#13743,#13745,#13746));
#13748=FACE_OUTER_BOUND('',#13747,.F.);
#13749=ADVANCED_FACE('',(#13748),#13740,.T.);
#13750=CARTESIAN_POINT('',(-4.765957474709E0,7.142788144787E0,0.E0));
#13751=DIRECTION('',(0.E0,1.E0,0.E0));
#13752=DIRECTION('',(1.E0,0.E0,0.E0));
#13753=AXIS2_PLACEMENT_3D('',#13750,#13751,#13752);
#13754=PLANE('',#13753);
#13755=ORIENTED_EDGE('',*,*,#7494,.T.);
#13757=ORIENTED_EDGE('',*,*,#13756,.F.);
#13759=ORIENTED_EDGE('',*,*,#13758,.F.);
#13760=ORIENTED_EDGE('',*,*,#13742,.T.);
#13761=EDGE_LOOP('',(#13755,#13757,#13759,#13760));
#13762=FACE_OUTER_BOUND('',#13761,.F.);
#13763=ADVANCED_FACE('',(#13762),#13754,.T.);
#13764=CARTESIAN_POINT('',(-4.829787254333E0,7.184454771717E0,0.E0));
#13765=DIRECTION('',(5.466221810895E-1,8.373793591563E-1,0.E0));
#13766=DIRECTION('',(8.373793591563E-1,-5.466221810895E-1,0.E0));
#13767=AXIS2_PLACEMENT_3D('',#13764,#13765,#13766);
#13768=PLANE('',#13767);
#13769=ORIENTED_EDGE('',*,*,#7492,.F.);
#13771=ORIENTED_EDGE('',*,*,#13770,.F.);
#13773=ORIENTED_EDGE('',*,*,#13772,.F.);
#13774=ORIENTED_EDGE('',*,*,#13756,.T.);
#13775=EDGE_LOOP('',(#13769,#13771,#13773,#13774));
#13776=FACE_OUTER_BOUND('',#13775,.F.);
#13777=ADVANCED_FACE('',(#13776),#13768,.T.);
#13778=CARTESIAN_POINT('',(-4.872340440750E0,7.246954771717E0,0.E0));
#13779=DIRECTION('',(8.265992787996E-1,5.627909312417E-1,0.E0));
#13780=DIRECTION('',(5.627909312417E-1,-8.265992787996E-1,0.E0));
#13781=AXIS2_PLACEMENT_3D('',#13778,#13779,#13780);
#13782=PLANE('',#13781);
#13783=ORIENTED_EDGE('',*,*,#7490,.F.);
#13785=ORIENTED_EDGE('',*,*,#13784,.F.);
#13787=ORIENTED_EDGE('',*,*,#13786,.F.);
#13788=ORIENTED_EDGE('',*,*,#13770,.T.);
#13789=EDGE_LOOP('',(#13783,#13785,#13787,#13788));
#13790=FACE_OUTER_BOUND('',#13789,.F.);
#13791=ADVANCED_FACE('',(#13790),#13782,.T.);
#13792=CARTESIAN_POINT('',(-4.893617033958E0,7.351121398648E0,0.E0));
#13793=DIRECTION('',(9.797706943097E-1,2.001234283435E-1,0.E0));
#13794=DIRECTION('',(2.001234283435E-1,-9.797706943097E-1,0.E0));
#13795=AXIS2_PLACEMENT_3D('',#13792,#13793,#13794);
#13796=PLANE('',#13795);
#13797=ORIENTED_EDGE('',*,*,#7488,.F.);
#13799=ORIENTED_EDGE('',*,*,#13798,.F.);
#13801=ORIENTED_EDGE('',*,*,#13800,.F.);
#13802=ORIENTED_EDGE('',*,*,#13784,.T.);
#13803=EDGE_LOOP('',(#13797,#13799,#13801,#13802));
#13804=FACE_OUTER_BOUND('',#13803,.F.);
#13805=ADVANCED_FACE('',(#13804),#13796,.T.);
#13806=CARTESIAN_POINT('',(-4.893617033958E0,7.434454771717E0,0.E0));
#13807=DIRECTION('',(1.E0,0.E0,0.E0));
#13808=DIRECTION('',(0.E0,-1.E0,0.E0));
#13809=AXIS2_PLACEMENT_3D('',#13806,#13807,#13808);
#13810=PLANE('',#13809);
#13811=ORIENTED_EDGE('',*,*,#7486,.T.);
#13813=ORIENTED_EDGE('',*,*,#13812,.F.);
#13815=ORIENTED_EDGE('',*,*,#13814,.F.);
#13816=ORIENTED_EDGE('',*,*,#13798,.T.);
#13817=EDGE_LOOP('',(#13811,#13813,#13815,#13816));
#13818=FACE_OUTER_BOUND('',#13817,.F.);
#13819=ADVANCED_FACE('',(#13818),#13810,.T.);
#13820=CARTESIAN_POINT('',(-4.872340440750E0,7.538621398648E0,0.E0));
#13821=DIRECTION('',(9.797706943097E-1,-2.001234283435E-1,0.E0));
#13822=DIRECTION('',(-2.001234283435E-1,-9.797706943097E-1,0.E0));
#13823=AXIS2_PLACEMENT_3D('',#13820,#13821,#13822);
#13824=PLANE('',#13823);
#13825=ORIENTED_EDGE('',*,*,#7484,.F.);
#13827=ORIENTED_EDGE('',*,*,#13826,.F.);
#13829=ORIENTED_EDGE('',*,*,#13828,.F.);
#13830=ORIENTED_EDGE('',*,*,#13812,.T.);
#13831=EDGE_LOOP('',(#13825,#13827,#13829,#13830));
#13832=FACE_OUTER_BOUND('',#13831,.F.);
#13833=ADVANCED_FACE('',(#13832),#13824,.T.);
#13834=CARTESIAN_POINT('',(-4.829787254333E0,7.601121398648E0,0.E0));
#13835=DIRECTION('',(8.265992787996E-1,-5.627909312417E-1,0.E0));
#13836=DIRECTION('',(-5.627909312417E-1,-8.265992787996E-1,0.E0));
#13837=AXIS2_PLACEMENT_3D('',#13834,#13835,#13836);
#13838=PLANE('',#13837);
#13839=ORIENTED_EDGE('',*,*,#7482,.F.);
#13841=ORIENTED_EDGE('',*,*,#13840,.F.);
#13843=ORIENTED_EDGE('',*,*,#13842,.F.);
#13844=ORIENTED_EDGE('',*,*,#13826,.T.);
#13845=EDGE_LOOP('',(#13839,#13841,#13843,#13844));
#13846=FACE_OUTER_BOUND('',#13845,.F.);
#13847=ADVANCED_FACE('',(#13846),#13838,.T.);
#13848=CARTESIAN_POINT('',(-4.765957474709E0,7.642788144787E0,0.E0));
#13849=DIRECTION('',(5.466232777014E-1,-8.373786433120E-1,0.E0));
#13850=DIRECTION('',(-8.373786433120E-1,-5.466232777014E-1,0.E0));
#13851=AXIS2_PLACEMENT_3D('',#13848,#13849,#13850);
#13852=PLANE('',#13851);
#13853=ORIENTED_EDGE('',*,*,#7480,.F.);
#13855=ORIENTED_EDGE('',*,*,#13854,.F.);
#13857=ORIENTED_EDGE('',*,*,#13856,.F.);
#13858=ORIENTED_EDGE('',*,*,#13840,.T.);
#13859=EDGE_LOOP('',(#13853,#13855,#13857,#13858));
#13860=FACE_OUTER_BOUND('',#13859,.F.);
#13861=ADVANCED_FACE('',(#13860),#13852,.T.);
#13862=CARTESIAN_POINT('',(-4.765957474709E0,7.746954771717E0,0.E0));
#13863=DIRECTION('',(1.E0,0.E0,0.E0));
#13864=DIRECTION('',(0.E0,-1.E0,0.E0));
#13865=AXIS2_PLACEMENT_3D('',#13862,#13863,#13864);
#13866=PLANE('',#13865);
#13867=ORIENTED_EDGE('',*,*,#7478,.T.);
#13869=ORIENTED_EDGE('',*,*,#13868,.F.);
#13871=ORIENTED_EDGE('',*,*,#13870,.F.);
#13872=ORIENTED_EDGE('',*,*,#13854,.T.);
#13873=EDGE_LOOP('',(#13867,#13869,#13871,#13872));
#13874=FACE_OUTER_BOUND('',#13873,.F.);
#13875=ADVANCED_FACE('',(#13874),#13866,.T.);
#13876=CARTESIAN_POINT('',(-4.851063847542E0,7.726121458252E0,0.E0));
#13877=DIRECTION('',(-2.377711385310E-1,9.713212062349E-1,0.E0));
#13878=DIRECTION('',(9.713212062349E-1,2.377711385310E-1,0.E0));
#13879=AXIS2_PLACEMENT_3D('',#13876,#13877,#13878);
#13880=PLANE('',#13879);
#13881=ORIENTED_EDGE('',*,*,#7476,.F.);
#13883=ORIENTED_EDGE('',*,*,#13882,.F.);
#13885=ORIENTED_EDGE('',*,*,#13884,.F.);
#13886=ORIENTED_EDGE('',*,*,#13868,.T.);
#13887=EDGE_LOOP('',(#13881,#13883,#13885,#13886));
#13888=FACE_OUTER_BOUND('',#13887,.F.);
#13889=ADVANCED_FACE('',(#13888),#13880,.T.);
#13890=CARTESIAN_POINT('',(-4.936170220375E0,7.642788144787E0,0.E0));
#13891=DIRECTION('',(-6.996247500295E-1,7.145104681851E-1,0.E0));
#13892=DIRECTION('',(7.145104681851E-1,6.996247500295E-1,0.E0));
#13893=AXIS2_PLACEMENT_3D('',#13890,#13891,#13892);
#13894=PLANE('',#13893);
#13895=ORIENTED_EDGE('',*,*,#7474,.F.);
#13897=ORIENTED_EDGE('',*,*,#13896,.F.);
#13899=ORIENTED_EDGE('',*,*,#13898,.F.);
#13900=ORIENTED_EDGE('',*,*,#13882,.T.);
#13901=EDGE_LOOP('',(#13895,#13897,#13899,#13900));
#13902=FACE_OUTER_BOUND('',#13901,.F.);
#13903=ADVANCED_FACE('',(#13902),#13894,.T.);
#13904=CARTESIAN_POINT('',(-4.978723406792E0,7.559454771717E0,0.E0));
#13905=DIRECTION('',(-8.906053746977E-1,4.547769415434E-1,0.E0));
#13906=DIRECTION('',(4.547769415434E-1,8.906053746977E-1,0.E0));
#13907=AXIS2_PLACEMENT_3D('',#13904,#13905,#13906);
#13908=PLANE('',#13907);
#13909=ORIENTED_EDGE('',*,*,#7472,.F.);
#13911=ORIENTED_EDGE('',*,*,#13910,.F.);
#13913=ORIENTED_EDGE('',*,*,#13912,.F.);
#13914=ORIENTED_EDGE('',*,*,#13896,.T.);
#13915=EDGE_LOOP('',(#13909,#13911,#13913,#13914));
#13916=FACE_OUTER_BOUND('',#13915,.F.);
#13917=ADVANCED_FACE('',(#13916),#13908,.T.);
#13918=CARTESIAN_POINT('',(-5.E0,7.413621398648E0,0.E0));
#13919=DIRECTION('',(-9.895240396393E-1,1.443681923971E-1,0.E0));
#13920=DIRECTION('',(1.443681923971E-1,9.895240396393E-1,0.E0));
#13921=AXIS2_PLACEMENT_3D('',#13918,#13919,#13920);
#13922=PLANE('',#13921);
#13923=ORIENTED_EDGE('',*,*,#7470,.F.);
#13925=ORIENTED_EDGE('',*,*,#13924,.F.);
#13927=ORIENTED_EDGE('',*,*,#13926,.F.);
#13928=ORIENTED_EDGE('',*,*,#13910,.T.);
#13929=EDGE_LOOP('',(#13923,#13925,#13927,#13928));
#13930=FACE_OUTER_BOUND('',#13929,.F.);
#13931=ADVANCED_FACE('',(#13930),#13922,.T.);
#13932=CARTESIAN_POINT('',(-5.E0,7.330288144787E0,0.E0));
#13933=DIRECTION('',(-1.E0,0.E0,0.E0));
#13934=DIRECTION('',(0.E0,1.E0,0.E0));
#13935=AXIS2_PLACEMENT_3D('',#13932,#13933,#13934);
#13936=PLANE('',#13935);
#13937=ORIENTED_EDGE('',*,*,#7468,.T.);
#13939=ORIENTED_EDGE('',*,*,#13938,.F.);
#13941=ORIENTED_EDGE('',*,*,#13940,.F.);
#13942=ORIENTED_EDGE('',*,*,#13924,.T.);
#13943=EDGE_LOOP('',(#13937,#13939,#13941,#13942));
#13944=FACE_OUTER_BOUND('',#13943,.F.);
#13945=ADVANCED_FACE('',(#13944),#13936,.T.);
#13946=CARTESIAN_POINT('',(-4.978723406792E0,7.205288144787E0,0.E0));
#13947=DIRECTION('',(-9.858211730931E-1,-1.677993286083E-1,0.E0));
#13948=DIRECTION('',(-1.677993286083E-1,9.858211730931E-1,0.E0));
#13949=AXIS2_PLACEMENT_3D('',#13946,#13947,#13948);
#13950=PLANE('',#13949);
#13951=ORIENTED_EDGE('',*,*,#7466,.F.);
#13953=ORIENTED_EDGE('',*,*,#13952,.F.);
#13955=ORIENTED_EDGE('',*,*,#13954,.F.);
#13956=ORIENTED_EDGE('',*,*,#13938,.T.);
#13957=EDGE_LOOP('',(#13951,#13953,#13955,#13956));
#13958=FACE_OUTER_BOUND('',#13957,.F.);
#13959=ADVANCED_FACE('',(#13958),#13950,.T.);
#13960=CARTESIAN_POINT('',(-4.936170220375E0,7.121954771717E0,0.E0));
#13961=DIRECTION('',(-8.906053746977E-1,-4.547769415434E-1,0.E0));
#13962=DIRECTION('',(-4.547769415434E-1,8.906053746977E-1,0.E0));
#13963=AXIS2_PLACEMENT_3D('',#13960,#13961,#13962);
#13964=PLANE('',#13963);
#13965=ORIENTED_EDGE('',*,*,#7464,.F.);
#13967=ORIENTED_EDGE('',*,*,#13966,.F.);
#13969=ORIENTED_EDGE('',*,*,#13968,.F.);
#13970=ORIENTED_EDGE('',*,*,#13952,.T.);
#13971=EDGE_LOOP('',(#13965,#13967,#13969,#13970));
#13972=FACE_OUTER_BOUND('',#13971,.F.);
#13973=ADVANCED_FACE('',(#13972),#13964,.T.);
#13974=CARTESIAN_POINT('',(-4.851063847542E0,7.038621398648E0,0.E0));
#13975=DIRECTION('',(-6.996250055017E-1,-7.145102180353E-1,0.E0));
#13976=DIRECTION('',(-7.145102180353E-1,6.996250055017E-1,0.E0));
#13977=AXIS2_PLACEMENT_3D('',#13974,#13975,#13976);
#13978=PLANE('',#13977);
#13979=ORIENTED_EDGE('',*,*,#7462,.F.);
#13981=ORIENTED_EDGE('',*,*,#13980,.F.);
#13983=ORIENTED_EDGE('',*,*,#13982,.F.);
#13984=ORIENTED_EDGE('',*,*,#13966,.T.);
#13985=EDGE_LOOP('',(#13979,#13981,#13983,#13984));
#13986=FACE_OUTER_BOUND('',#13985,.F.);
#13987=ADVANCED_FACE('',(#13986),#13978,.T.);
#13988=CARTESIAN_POINT('',(-4.765957474709E0,7.017788144787E0,0.E0));
#13989=DIRECTION('',(-2.377704967206E-1,-9.713213633444E-1,0.E0));
#13990=DIRECTION('',(-9.713213633444E-1,2.377704967206E-1,0.E0));
#13991=AXIS2_PLACEMENT_3D('',#13988,#13989,#13990);
#13992=PLANE('',#13991);
#13993=ORIENTED_EDGE('',*,*,#7460,.F.);
#13995=ORIENTED_EDGE('',*,*,#13994,.F.);
#13997=ORIENTED_EDGE('',*,*,#13996,.F.);
#13998=ORIENTED_EDGE('',*,*,#13980,.T.);
#13999=EDGE_LOOP('',(#13993,#13995,#13997,#13998));
#14000=FACE_OUTER_BOUND('',#13999,.F.);
#14001=ADVANCED_FACE('',(#14000),#13992,.T.);
#14002=CARTESIAN_POINT('',(-4.723404228687E0,7.017788144787E0,0.E0));
#14003=DIRECTION('',(0.E0,-1.E0,0.E0));
#14004=DIRECTION('',(-1.E0,0.E0,0.E0));
#14005=AXIS2_PLACEMENT_3D('',#14002,#14003,#14004);
#14006=PLANE('',#14005);
#14007=ORIENTED_EDGE('',*,*,#7458,.T.);
#14009=ORIENTED_EDGE('',*,*,#14008,.F.);
#14011=ORIENTED_EDGE('',*,*,#14010,.F.);
#14012=ORIENTED_EDGE('',*,*,#13994,.T.);
#14013=EDGE_LOOP('',(#14007,#14009,#14011,#14012));
#14014=FACE_OUTER_BOUND('',#14013,.F.);
#14015=ADVANCED_FACE('',(#14014),#14006,.T.);
#14016=CARTESIAN_POINT('',(-4.638297855854E0,7.038621398648E0,0.E0));
#14017=DIRECTION('',(2.377704967206E-1,-9.713213633444E-1,0.E0));
#14018=DIRECTION('',(-9.713213633444E-1,-2.377704967206E-1,0.E0));
#14019=AXIS2_PLACEMENT_3D('',#14016,#14017,#14018);
#14020=PLANE('',#14019);
#14021=ORIENTED_EDGE('',*,*,#7456,.F.);
#14023=ORIENTED_EDGE('',*,*,#14022,.F.);
#14025=ORIENTED_EDGE('',*,*,#14024,.F.);
#14026=ORIENTED_EDGE('',*,*,#14008,.T.);
#14027=EDGE_LOOP('',(#14021,#14023,#14025,#14026));
#14028=FACE_OUTER_BOUND('',#14027,.F.);
#14029=ADVANCED_FACE('',(#14028),#14020,.T.);
#14030=CARTESIAN_POINT('',(-4.574468076229E0,7.080288144787E0,0.E0));
#14031=DIRECTION('',(5.466232777014E-1,-8.373786433120E-1,0.E0));
#14032=DIRECTION('',(-8.373786433120E-1,-5.466232777014E-1,0.E0));
#14033=AXIS2_PLACEMENT_3D('',#14030,#14031,#14032);
#14034=PLANE('',#14033);
#14035=ORIENTED_EDGE('',*,*,#7454,.F.);
#14037=ORIENTED_EDGE('',*,*,#14036,.F.);
#14039=ORIENTED_EDGE('',*,*,#14038,.F.);
#14040=ORIENTED_EDGE('',*,*,#14022,.T.);
#14041=EDGE_LOOP('',(#14035,#14037,#14039,#14040));
#14042=FACE_OUTER_BOUND('',#14041,.F.);
#14043=ADVANCED_FACE('',(#14042),#14034,.T.);
#14044=CARTESIAN_POINT('',(-4.106382980943E0,7.601121398648E0,0.E0));
#14045=DIRECTION('',(7.437660397173E-1,-6.684400333338E-1,0.E0));
#14046=DIRECTION('',(-6.684400333338E-1,-7.437660397173E-1,0.E0));
#14047=AXIS2_PLACEMENT_3D('',#14044,#14045,#14046);
#14048=PLANE('',#14047);
#14049=ORIENTED_EDGE('',*,*,#7452,.F.);
#14051=ORIENTED_EDGE('',*,*,#14050,.F.);
#14053=ORIENTED_EDGE('',*,*,#14052,.F.);
#14054=ORIENTED_EDGE('',*,*,#14036,.T.);
#14055=EDGE_LOOP('',(#14049,#14051,#14053,#14054));
#14056=FACE_OUTER_BOUND('',#14055,.F.);
#14057=ADVANCED_FACE('',(#14056),#14048,.T.);
#14058=CARTESIAN_POINT('',(-4.106382980943E0,7.017788144787E0,0.E0));
#14059=DIRECTION('',(-1.E0,0.E0,0.E0));
#14060=DIRECTION('',(0.E0,1.E0,0.E0));
#14061=AXIS2_PLACEMENT_3D('',#14058,#14059,#14060);
#14062=PLANE('',#14061);
#14063=ORIENTED_EDGE('',*,*,#7450,.T.);
#14065=ORIENTED_EDGE('',*,*,#14064,.F.);
#14067=ORIENTED_EDGE('',*,*,#14066,.F.);
#14068=ORIENTED_EDGE('',*,*,#14050,.T.);
#14069=EDGE_LOOP('',(#14063,#14065,#14067,#14068));
#14070=FACE_OUTER_BOUND('',#14069,.F.);
#14071=ADVANCED_FACE('',(#14070),#14062,.T.);
#14072=CARTESIAN_POINT('',(-4.E0,7.017788144787E0,0.E0));
#14073=DIRECTION('',(0.E0,-1.E0,0.E0));
#14074=DIRECTION('',(-1.E0,0.E0,0.E0));
#14075=AXIS2_PLACEMENT_3D('',#14072,#14073,#14074);
#14076=PLANE('',#14075);
#14077=ORIENTED_EDGE('',*,*,#7448,.T.);
#14079=ORIENTED_EDGE('',*,*,#14078,.F.);
#14081=ORIENTED_EDGE('',*,*,#14080,.F.);
#14082=ORIENTED_EDGE('',*,*,#14064,.T.);
#14083=EDGE_LOOP('',(#14077,#14079,#14081,#14082));
#14084=FACE_OUTER_BOUND('',#14083,.F.);
#14085=ADVANCED_FACE('',(#14084),#14076,.T.);
#14086=CARTESIAN_POINT('',(-4.E0,7.767788085183E0,0.E0));
#14087=DIRECTION('',(1.E0,0.E0,0.E0));
#14088=DIRECTION('',(0.E0,-1.E0,0.E0));
#14089=AXIS2_PLACEMENT_3D('',#14086,#14087,#14088);
#14090=PLANE('',#14089);
#14091=ORIENTED_EDGE('',*,*,#7446,.T.);
#14092=ORIENTED_EDGE('',*,*,#13717,.F.);
#14094=ORIENTED_EDGE('',*,*,#14093,.F.);
#14095=ORIENTED_EDGE('',*,*,#14078,.T.);
#14096=EDGE_LOOP('',(#14091,#14092,#14094,#14095));
#14097=FACE_OUTER_BOUND('',#14096,.F.);
#14098=ADVANCED_FACE('',(#14097),#14090,.T.);
#14099=CARTESIAN_POINT('',(0.E0,0.E0,-5.E-2));
#14100=DIRECTION('',(0.E0,0.E0,-1.E0));
#14101=DIRECTION('',(-1.E0,0.E0,0.E0));
#14102=AXIS2_PLACEMENT_3D('',#14099,#14100,#14101);
#14103=PLANE('',#14102);
#14104=ORIENTED_EDGE('',*,*,#13715,.T.);
#14105=ORIENTED_EDGE('',*,*,#13730,.T.);
#14106=ORIENTED_EDGE('',*,*,#13744,.T.);
#14107=ORIENTED_EDGE('',*,*,#13758,.T.);
#14108=ORIENTED_EDGE('',*,*,#13772,.T.);
#14109=ORIENTED_EDGE('',*,*,#13786,.T.);
#14110=ORIENTED_EDGE('',*,*,#13800,.T.);
#14111=ORIENTED_EDGE('',*,*,#13814,.T.);
#14112=ORIENTED_EDGE('',*,*,#13828,.T.);
#14113=ORIENTED_EDGE('',*,*,#13842,.T.);
#14114=ORIENTED_EDGE('',*,*,#13856,.T.);
#14115=ORIENTED_EDGE('',*,*,#13870,.T.);
#14116=ORIENTED_EDGE('',*,*,#13884,.T.);
#14117=ORIENTED_EDGE('',*,*,#13898,.T.);
#14118=ORIENTED_EDGE('',*,*,#13912,.T.);
#14119=ORIENTED_EDGE('',*,*,#13926,.T.);
#14120=ORIENTED_EDGE('',*,*,#13940,.T.);
#14121=ORIENTED_EDGE('',*,*,#13954,.T.);
#14122=ORIENTED_EDGE('',*,*,#13968,.T.);
#14123=ORIENTED_EDGE('',*,*,#13982,.T.);
#14124=ORIENTED_EDGE('',*,*,#13996,.T.);
#14125=ORIENTED_EDGE('',*,*,#14010,.T.);
#14126=ORIENTED_EDGE('',*,*,#14024,.T.);
#14127=ORIENTED_EDGE('',*,*,#14038,.T.);
#14128=ORIENTED_EDGE('',*,*,#14052,.T.);
#14129=ORIENTED_EDGE('',*,*,#14066,.T.);
#14130=ORIENTED_EDGE('',*,*,#14080,.T.);
#14131=ORIENTED_EDGE('',*,*,#14093,.T.);
#14132=EDGE_LOOP('',(#14104,#14105,#14106,#14107,#14108,#14109,#14110,#14111,
#14112,#14113,#14114,#14115,#14116,#14117,#14118,#14119,#14120,#14121,#14122,
#14123,#14124,#14125,#14126,#14127,#14128,#14129,#14130,#14131));
#14133=FACE_OUTER_BOUND('',#14132,.F.);
#14134=ADVANCED_FACE('',(#14133),#14103,.T.);
#14135=CARTESIAN_POINT('',(-4.893617033958E0,6.101121517857E0,0.E0));
#14136=DIRECTION('',(0.E0,-1.E0,0.E0));
#14137=DIRECTION('',(-1.E0,0.E0,0.E0));
#14138=AXIS2_PLACEMENT_3D('',#14135,#14136,#14137);
#14139=PLANE('',#14138);
#14140=ORIENTED_EDGE('',*,*,#7502,.T.);
#14142=ORIENTED_EDGE('',*,*,#14141,.F.);
#14144=ORIENTED_EDGE('',*,*,#14143,.F.);
#14146=ORIENTED_EDGE('',*,*,#14145,.T.);
#14147=EDGE_LOOP('',(#14140,#14142,#14144,#14146));
#14148=FACE_OUTER_BOUND('',#14147,.F.);
#14149=ADVANCED_FACE('',(#14148),#14139,.T.);
#14150=CARTESIAN_POINT('',(-4.E0,6.517788025578E0,0.E0));
#14151=DIRECTION('',(4.225899715503E-1,-9.063209784316E-1,0.E0));
#14152=DIRECTION('',(-9.063209784316E-1,-4.225899715503E-1,0.E0));
#14153=AXIS2_PLACEMENT_3D('',#14150,#14151,#14152);
#14154=PLANE('',#14153);
#14155=ORIENTED_EDGE('',*,*,#7514,.F.);
#14157=ORIENTED_EDGE('',*,*,#14156,.F.);
#14159=ORIENTED_EDGE('',*,*,#14158,.F.);
#14160=ORIENTED_EDGE('',*,*,#14141,.T.);
#14161=EDGE_LOOP('',(#14155,#14157,#14159,#14160));
#14162=FACE_OUTER_BOUND('',#14161,.F.);
#14163=ADVANCED_FACE('',(#14162),#14154,.T.);
#14164=CARTESIAN_POINT('',(-4.E0,6.642788025578E0,0.E0));
#14165=DIRECTION('',(1.E0,0.E0,0.E0));
#14166=DIRECTION('',(0.E0,-1.E0,0.E0));
#14167=AXIS2_PLACEMENT_3D('',#14164,#14165,#14166);
#14168=PLANE('',#14167);
#14169=ORIENTED_EDGE('',*,*,#7512,.T.);
#14171=ORIENTED_EDGE('',*,*,#14170,.F.);
#14173=ORIENTED_EDGE('',*,*,#14172,.F.);
#14174=ORIENTED_EDGE('',*,*,#14156,.T.);
#14175=EDGE_LOOP('',(#14169,#14171,#14173,#14174));
#14176=FACE_OUTER_BOUND('',#14175,.F.);
#14177=ADVANCED_FACE('',(#14176),#14168,.T.);
#14178=CARTESIAN_POINT('',(-4.893617033958E0,6.226121517857E0,0.E0));
#14179=DIRECTION('',(-4.225899715503E-1,9.063209784316E-1,0.E0));
#14180=DIRECTION('',(9.063209784316E-1,4.225899715503E-1,0.E0));
#14181=AXIS2_PLACEMENT_3D('',#14178,#14179,#14180);
#14182=PLANE('',#14181);
#14183=ORIENTED_EDGE('',*,*,#7510,.F.);
#14185=ORIENTED_EDGE('',*,*,#14184,.F.);
#14187=ORIENTED_EDGE('',*,*,#14186,.F.);
#14188=ORIENTED_EDGE('',*,*,#14170,.T.);
#14189=EDGE_LOOP('',(#14183,#14185,#14187,#14188));
#14190=FACE_OUTER_BOUND('',#14189,.F.);
#14191=ADVANCED_FACE('',(#14190),#14182,.T.);
#14192=CARTESIAN_POINT('',(-4.893617033958E0,6.851121398648E0,0.E0));
#14193=DIRECTION('',(1.E0,0.E0,0.E0));
#14194=DIRECTION('',(0.E0,-1.E0,0.E0));
#14195=AXIS2_PLACEMENT_3D('',#14192,#14193,#14194);
#14196=PLANE('',#14195);
#14197=ORIENTED_EDGE('',*,*,#7508,.T.);
#14199=ORIENTED_EDGE('',*,*,#14198,.F.);
#14201=ORIENTED_EDGE('',*,*,#14200,.F.);
#14202=ORIENTED_EDGE('',*,*,#14184,.T.);
#14203=EDGE_LOOP('',(#14197,#14199,#14201,#14202));
#14204=FACE_OUTER_BOUND('',#14203,.F.);
#14205=ADVANCED_FACE('',(#14204),#14196,.T.);
#14206=CARTESIAN_POINT('',(-5.E0,6.851121398648E0,0.E0));
#14207=DIRECTION('',(0.E0,1.E0,0.E0));
#14208=DIRECTION('',(1.E0,0.E0,0.E0));
#14209=AXIS2_PLACEMENT_3D('',#14206,#14207,#14208);
#14210=PLANE('',#14209);
#14211=ORIENTED_EDGE('',*,*,#7506,.T.);
#14213=ORIENTED_EDGE('',*,*,#14212,.F.);
#14215=ORIENTED_EDGE('',*,*,#14214,.F.);
#14216=ORIENTED_EDGE('',*,*,#14198,.T.);
#14217=EDGE_LOOP('',(#14211,#14213,#14215,#14216));
#14218=FACE_OUTER_BOUND('',#14217,.F.);
#14219=ADVANCED_FACE('',(#14218),#14210,.T.);
#14220=CARTESIAN_POINT('',(-5.E0,6.101121517857E0,0.E0));
#14221=DIRECTION('',(-1.E0,0.E0,0.E0));
#14222=DIRECTION('',(0.E0,1.E0,0.E0));
#14223=AXIS2_PLACEMENT_3D('',#14220,#14221,#14222);
#14224=PLANE('',#14223);
#14225=ORIENTED_EDGE('',*,*,#7504,.T.);
#14226=ORIENTED_EDGE('',*,*,#14145,.F.);
#14228=ORIENTED_EDGE('',*,*,#14227,.F.);
#14229=ORIENTED_EDGE('',*,*,#14212,.T.);
#14230=EDGE_LOOP('',(#14225,#14226,#14228,#14229));
#14231=FACE_OUTER_BOUND('',#14230,.F.);
#14232=ADVANCED_FACE('',(#14231),#14224,.T.);
#14233=CARTESIAN_POINT('',(0.E0,0.E0,-5.E-2));
#14234=DIRECTION('',(0.E0,0.E0,-1.E0));
#14235=DIRECTION('',(-1.E0,0.E0,0.E0));
#14236=AXIS2_PLACEMENT_3D('',#14233,#14234,#14235);
#14237=PLANE('',#14236);
#14238=ORIENTED_EDGE('',*,*,#14143,.T.);
#14239=ORIENTED_EDGE('',*,*,#14158,.T.);
#14240=ORIENTED_EDGE('',*,*,#14172,.T.);
#14241=ORIENTED_EDGE('',*,*,#14186,.T.);
#14242=ORIENTED_EDGE('',*,*,#14200,.T.);
#14243=ORIENTED_EDGE('',*,*,#14214,.T.);
#14244=ORIENTED_EDGE('',*,*,#14227,.T.);
#14245=EDGE_LOOP('',(#14238,#14239,#14240,#14241,#14242,#14243,#14244));
#14246=FACE_OUTER_BOUND('',#14245,.F.);
#14247=ADVANCED_FACE('',(#14246),#14237,.T.);
#14248=CARTESIAN_POINT('',(-4.361702114344E0,5.642788025578E0,0.E0));
#14249=DIRECTION('',(0.E0,-1.E0,0.E0));
#14250=DIRECTION('',(-1.E0,0.E0,0.E0));
#14251=AXIS2_PLACEMENT_3D('',#14248,#14249,#14250);
#14252=PLANE('',#14251);
#14253=ORIENTED_EDGE('',*,*,#7518,.T.);
#14255=ORIENTED_EDGE('',*,*,#14254,.F.);
#14257=ORIENTED_EDGE('',*,*,#14256,.F.);
#14259=ORIENTED_EDGE('',*,*,#14258,.T.);
#14260=EDGE_LOOP('',(#14253,#14255,#14257,#14259));
#14261=FACE_OUTER_BOUND('',#14260,.F.);
#14262=ADVANCED_FACE('',(#14261),#14252,.T.);
#14263=CARTESIAN_POINT('',(-4.361702114344E0,5.934454771717E0,0.E0));
#14264=DIRECTION('',(1.E0,0.E0,0.E0));
#14265=DIRECTION('',(0.E0,-1.E0,0.E0));
#14266=AXIS2_PLACEMENT_3D('',#14263,#14264,#14265);
#14267=PLANE('',#14266);
#14268=ORIENTED_EDGE('',*,*,#7524,.T.);
#14270=ORIENTED_EDGE('',*,*,#14269,.F.);
#14272=ORIENTED_EDGE('',*,*,#14271,.F.);
#14273=ORIENTED_EDGE('',*,*,#14254,.T.);
#14274=EDGE_LOOP('',(#14268,#14270,#14272,#14273));
#14275=FACE_OUTER_BOUND('',#14274,.F.);
#14276=ADVANCED_FACE('',(#14275),#14267,.T.);
#14277=CARTESIAN_POINT('',(-4.468085110188E0,5.934454771717E0,0.E0));
#14278=DIRECTION('',(0.E0,1.E0,0.E0));
#14279=DIRECTION('',(1.E0,0.E0,0.E0));
#14280=AXIS2_PLACEMENT_3D('',#14277,#14278,#14279);
#14281=PLANE('',#14280);
#14282=ORIENTED_EDGE('',*,*,#7522,.T.);
#14284=ORIENTED_EDGE('',*,*,#14283,.F.);
#14286=ORIENTED_EDGE('',*,*,#14285,.F.);
#14287=ORIENTED_EDGE('',*,*,#14269,.T.);
#14288=EDGE_LOOP('',(#14282,#14284,#14286,#14287));
#14289=FACE_OUTER_BOUND('',#14288,.F.);
#14290=ADVANCED_FACE('',(#14289),#14281,.T.);
#14291=CARTESIAN_POINT('',(-4.468085110188E0,5.642788025578E0,0.E0));
#14292=DIRECTION('',(-1.E0,0.E0,0.E0));
#14293=DIRECTION('',(0.E0,1.E0,0.E0));
#14294=AXIS2_PLACEMENT_3D('',#14291,#14292,#14293);
#14295=PLANE('',#14294);
#14296=ORIENTED_EDGE('',*,*,#7520,.T.);
#14297=ORIENTED_EDGE('',*,*,#14258,.F.);
#14299=ORIENTED_EDGE('',*,*,#14298,.F.);
#14300=ORIENTED_EDGE('',*,*,#14283,.T.);
#14301=EDGE_LOOP('',(#14296,#14297,#14299,#14300));
#14302=FACE_OUTER_BOUND('',#14301,.F.);
#14303=ADVANCED_FACE('',(#14302),#14295,.T.);
#14304=CARTESIAN_POINT('',(0.E0,0.E0,-5.E-2));
#14305=DIRECTION('',(0.E0,0.E0,-1.E0));
#14306=DIRECTION('',(-1.E0,0.E0,0.E0));
#14307=AXIS2_PLACEMENT_3D('',#14304,#14305,#14306);
#14308=PLANE('',#14307);
#14309=ORIENTED_EDGE('',*,*,#14256,.T.);
#14310=ORIENTED_EDGE('',*,*,#14271,.T.);
#14311=ORIENTED_EDGE('',*,*,#14285,.T.);
#14312=ORIENTED_EDGE('',*,*,#14298,.T.);
#14313=EDGE_LOOP('',(#14309,#14310,#14311,#14312));
#14314=FACE_OUTER_BOUND('',#14313,.F.);
#14315=ADVANCED_FACE('',(#14314),#14308,.T.);
#14316=CARTESIAN_POINT('',(-4.E0,5.226121517857E0,0.E0));
#14317=DIRECTION('',(0.E0,-1.E0,0.E0));
#14318=DIRECTION('',(-1.E0,0.E0,0.E0));
#14319=AXIS2_PLACEMENT_3D('',#14316,#14317,#14318);
#14320=PLANE('',#14319);
#14321=ORIENTED_EDGE('',*,*,#7528,.T.);
#14323=ORIENTED_EDGE('',*,*,#14322,.F.);
#14325=ORIENTED_EDGE('',*,*,#14324,.F.);
#14327=ORIENTED_EDGE('',*,*,#14326,.T.);
#14328=EDGE_LOOP('',(#14321,#14323,#14325,#14327));
#14329=FACE_OUTER_BOUND('',#14328,.F.);
#14330=ADVANCED_FACE('',(#14329),#14320,.T.);
#14331=CARTESIAN_POINT('',(-4.E0,5.351121517857E0,0.E0));
#14332=DIRECTION('',(1.E0,0.E0,0.E0));
#14333=DIRECTION('',(0.E0,-1.E0,0.E0));
#14334=AXIS2_PLACEMENT_3D('',#14331,#14332,#14333);
#14335=PLANE('',#14334);
#14336=ORIENTED_EDGE('',*,*,#7540,.T.);
#14338=ORIENTED_EDGE('',*,*,#14337,.F.);
#14340=ORIENTED_EDGE('',*,*,#14339,.F.);
#14341=ORIENTED_EDGE('',*,*,#14322,.T.);
#14342=EDGE_LOOP('',(#14336,#14338,#14340,#14341));
#14343=FACE_OUTER_BOUND('',#14342,.F.);
#14344=ADVANCED_FACE('',(#14343),#14335,.T.);
#14345=CARTESIAN_POINT('',(-4.829787254333E0,5.351121517857E0,0.E0));
#14346=DIRECTION('',(0.E0,1.E0,0.E0));
#14347=DIRECTION('',(1.E0,0.E0,0.E0));
#14348=AXIS2_PLACEMENT_3D('',#14345,#14346,#14347);
#14349=PLANE('',#14348);
#14350=ORIENTED_EDGE('',*,*,#7538,.T.);
#14352=ORIENTED_EDGE('',*,*,#14351,.F.);
#14354=ORIENTED_EDGE('',*,*,#14353,.F.);
#14355=ORIENTED_EDGE('',*,*,#14337,.T.);
#14356=EDGE_LOOP('',(#14350,#14352,#14354,#14355));
#14357=FACE_OUTER_BOUND('',#14356,.F.);
#14358=ADVANCED_FACE('',(#14357),#14349,.T.);
#14359=CARTESIAN_POINT('',(-4.680851042271E0,5.476121517857E0,0.E0));
#14360=DIRECTION('',(6.428711427642E-1,-7.659743427825E-1,0.E0));
#14361=DIRECTION('',(-7.659743427825E-1,-6.428711427642E-1,0.E0));
#14362=AXIS2_PLACEMENT_3D('',#14359,#14360,#14361);
#14363=PLANE('',#14362);
#14364=ORIENTED_EDGE('',*,*,#7536,.F.);
#14366=ORIENTED_EDGE('',*,*,#14365,.F.);
#14368=ORIENTED_EDGE('',*,*,#14367,.F.);
#14369=ORIENTED_EDGE('',*,*,#14351,.T.);
#14370=EDGE_LOOP('',(#14364,#14366,#14368,#14369));
#14371=FACE_OUTER_BOUND('',#14370,.F.);
#14372=ADVANCED_FACE('',(#14371),#14363,.T.);
#14373=CARTESIAN_POINT('',(-4.851063847542E0,5.476121517857E0,0.E0));
#14374=DIRECTION('',(0.E0,1.E0,0.E0));
#14375=DIRECTION('',(1.E0,0.E0,0.E0));
#14376=AXIS2_PLACEMENT_3D('',#14373,#14374,#14375);
#14377=PLANE('',#14376);
#14378=ORIENTED_EDGE('',*,*,#7534,.T.);
#14380=ORIENTED_EDGE('',*,*,#14379,.F.);
#14382=ORIENTED_EDGE('',*,*,#14381,.F.);
#14383=ORIENTED_EDGE('',*,*,#14365,.T.);
#14384=EDGE_LOOP('',(#14378,#14380,#14382,#14383));
#14385=FACE_OUTER_BOUND('',#14384,.F.);
#14386=ADVANCED_FACE('',(#14385),#14377,.T.);
#14387=CARTESIAN_POINT('',(-5.E0,5.351121517857E0,0.E0));
#14388=DIRECTION('',(-6.428712937139E-1,7.659742160926E-1,0.E0));
#14389=DIRECTION('',(7.659742160926E-1,6.428712937139E-1,0.E0));
#14390=AXIS2_PLACEMENT_3D('',#14387,#14388,#14389);
#14391=PLANE('',#14390);
#14392=ORIENTED_EDGE('',*,*,#7532,.F.);
#14394=ORIENTED_EDGE('',*,*,#14393,.F.);
#14396=ORIENTED_EDGE('',*,*,#14395,.F.);
#14397=ORIENTED_EDGE('',*,*,#14379,.T.);
#14398=EDGE_LOOP('',(#14392,#14394,#14396,#14397));
#14399=FACE_OUTER_BOUND('',#14398,.F.);
#14400=ADVANCED_FACE('',(#14399),#14391,.T.);
#14401=CARTESIAN_POINT('',(-5.E0,5.226121517857E0,0.E0));
#14402=DIRECTION('',(-1.E0,0.E0,0.E0));
#14403=DIRECTION('',(0.E0,1.E0,0.E0));
#14404=AXIS2_PLACEMENT_3D('',#14401,#14402,#14403);
#14405=PLANE('',#14404);
#14406=ORIENTED_EDGE('',*,*,#7530,.T.);
#14407=ORIENTED_EDGE('',*,*,#14326,.F.);
#14409=ORIENTED_EDGE('',*,*,#14408,.F.);
#14410=ORIENTED_EDGE('',*,*,#14393,.T.);
#14411=EDGE_LOOP('',(#14406,#14407,#14409,#14410));
#14412=FACE_OUTER_BOUND('',#14411,.F.);
#14413=ADVANCED_FACE('',(#14412),#14405,.T.);
#14414=CARTESIAN_POINT('',(0.E0,0.E0,-5.E-2));
#14415=DIRECTION('',(0.E0,0.E0,-1.E0));
#14416=DIRECTION('',(-1.E0,0.E0,0.E0));
#14417=AXIS2_PLACEMENT_3D('',#14414,#14415,#14416);
#14418=PLANE('',#14417);
#14419=ORIENTED_EDGE('',*,*,#14324,.T.);
#14420=ORIENTED_EDGE('',*,*,#14339,.T.);
#14421=ORIENTED_EDGE('',*,*,#14353,.T.);
#14422=ORIENTED_EDGE('',*,*,#14367,.T.);
#14423=ORIENTED_EDGE('',*,*,#14381,.T.);
#14424=ORIENTED_EDGE('',*,*,#14395,.T.);
#14425=ORIENTED_EDGE('',*,*,#14408,.T.);
#14426=EDGE_LOOP('',(#14419,#14420,#14421,#14422,#14423,#14424,#14425));
#14427=FACE_OUTER_BOUND('',#14426,.F.);
#14428=ADVANCED_FACE('',(#14427),#14418,.T.);
#14429=CLOSED_SHELL('',(#7544,#7567,#7637,#7652,#7686,#7706,#7721,#7741,#7754,
#7766,#7810,#7837,#7864,#7878,#7904,#7921,#7942,#7963,#7975,#7989,#8003,#8017,
#8039,#8065,#8092,#8105,#8121,#8137,#8152,#8174,#8186,#8204,#8228,#8241,#8257,
#8271,#8283,#8320,#8335,#8350,#8365,#8380,#8394,#8410,#8424,#8438,#8452,#8465,
#8495,#8510,#8524,#8547,#8624,#8644,#8659,#8776,#8794,#8807,#8825,#8839,#8857,
#8870,#8888,#8902,#8920,#8933,#8951,#8965,#8983,#8996,#9014,#9028,#9046,#9059,
#9077,#9091,#9106,#9119,#9155,#9168,#9204,#9217,#9253,#9266,#9302,#9315,#9351,
#9364,#9400,#9419,#9433,#9448,#9485,#9497,#9509,#9523,#9545,#9560,#9676,#9694,
#9715,#9731,#9762,#9775,#9790,#9803,#9819,#9832,#9846,#9860,#9874,#9886,#9902,
#9915,#9942,#9957,#9971,#9993,#10006,#10020,#10032,#10044,#10061,#10079,#10094,
#10108,#10121,#10137,#10151,#10168,#10181,#10194,#10207,#10219,#10232,#10244,
#10257,#10271,#10285,#10300,#10314,#10348,#10363,#10377,#10390,#10419,#10434,
#10447,#10462,#10475,#10489,#10503,#10518,#10532,#10564,#10582,#10603,#10619,
#10651,#10671,#10685,#10698,#10788,#10802,#10815,#10830,#10843,#10859,#10871,
#10887,#10900,#10912,#10927,#10941,#10955,#10967,#10981,#10995,#11007,#11019,
#11038,#11052,#11065,#11077,#11108,#11122,#11136,#11170,#11183,#11198,#11211,
#11227,#11240,#11254,#11268,#11284,#11297,#11309,#11322,#11336,#11350,#11364,
#11376,#11390,#11423,#11440,#11457,#11475,#11491,#11523,#11537,#11551,#11565,
#11596,#11610,#11624,#11657,#11670,#11685,#11698,#11714,#11727,#11741,#11755,
#11769,#11781,#11794,#11807,#11820,#11835,#11848,#11863,#11876,#11888,#11901,
#11914,#11927,#11940,#11953,#11969,#11982,#11994,#12007,#12022,#12035,#12047,
#12059,#12074,#12087,#12102,#12115,#12128,#12143,#12156,#12168,#12181,#12194,
#12211,#12227,#12238,#12251,#12266,#12279,#12291,#12304,#12317,#12329,#12342,
#12355,#12367,#12380,#12392,#12408,#12424,#12440,#12451,#12467,#12483,#12494,
#12509,#12523,#12540,#12554,#12568,#12582,#12596,#12610,#12624,#12641,#12655,
#12669,#12683,#12697,#12711,#12725,#12738,#12775,#12790,#12805,#12818,#12831,
#12843,#12858,#12872,#12886,#12900,#12914,#12928,#12942,#12956,#12970,#12984,
#12998,#13012,#13026,#13040,#13054,#13068,#13082,#13096,#13110,#13124,#13138,
#13152,#13166,#13180,#13194,#13208,#13222,#13236,#13250,#13264,#13278,#13292,
#13306,#13320,#13334,#13348,#13362,#13376,#13390,#13404,#13418,#13432,#13446,
#13460,#13474,#13488,#13502,#13516,#13530,#13544,#13558,#13572,#13586,#13600,
#13614,#13628,#13641,#13706,#13721,#13735,#13749,#13763,#13777,#13791,#13805,
#13819,#13833,#13847,#13861,#13875,#13889,#13903,#13917,#13931,#13945,#13959,
#13973,#13987,#14001,#14015,#14029,#14043,#14057,#14071,#14085,#14098,#14134,
#14149,#14163,#14177,#14191,#14205,#14219,#14232,#14247,#14262,#14276,#14290,
#14303,#14315,#14330,#14344,#14358,#14372,#14386,#14400,#14413,#14428));
#14430=MANIFOLD_SOLID_BREP('',#14429);
#14432=DIMENSIONAL_EXPONENTS(0.E0,0.E0,0.E0,0.E0,0.E0,0.E0,0.E0);
#14434=PLANE_ANGLE_MEASURE_WITH_UNIT(PLANE_ANGLE_MEASURE(1.745329251994E-2),
#14433);
#14435=(CONVERSION_BASED_UNIT('DEGREE',#14434)NAMED_UNIT(*)PLANE_ANGLE_UNIT());
#14437=UNCERTAINTY_MEASURE_WITH_UNIT(LENGTH_MEASURE(2.640578466305E-3),#14431,
'closure',
'Maximum model space distance between geometric entities at asserted connectivities');
#14438=(GEOMETRIC_REPRESENTATION_CONTEXT(3)GLOBAL_UNCERTAINTY_ASSIGNED_CONTEXT((
#14437))GLOBAL_UNIT_ASSIGNED_CONTEXT((#14431,#14435,#14436))REPRESENTATION_CONTEXT('ID1','3'));
#14439=CARTESIAN_POINT('',(0.E0,0.E0,0.E0));
#14440=DIRECTION('',(0.E0,0.E0,1.E0));
#14441=DIRECTION('',(1.E0,0.E0,0.E0));
#14444=APPLICATION_CONTEXT(
'CONFIGURATION CONTROLLED 3D DESIGNS OF MECHANICAL PARTS AND ASSEMBLIES');
#14445=APPLICATION_PROTOCOL_DEFINITION('international standard',
'config_control_design',1994,#14444);
#14446=DESIGN_CONTEXT('',#14444,'design');
#14447=MECHANICAL_CONTEXT('',#14444,'mechanical');
#14448=PRODUCT('5521-1-6P_68','5521-1-6P_68','NOT SPECIFIED',(#14447));
#14449=PRODUCT_DEFINITION_FORMATION_WITH_SPECIFIED_SOURCE('1','LAST_VERSION',
#14448,.MADE.);
#14458=CARTESIAN_POINT('',(0.E0,0.E0,0.E0));
#14459=DIRECTION('',(0.E0,0.E0,1.E0));
#14460=DIRECTION('',(1.E0,0.E0,0.E0));
#14461=AXIS2_PLACEMENT_3D('',#14458,#14459,#14460);
#14462=ITEM_DEFINED_TRANSFORMATION('','',#14442,#14461);
#14463=(REPRESENTATION_RELATIONSHIP('','',#14443,#14455)REPRESENTATION_RELATIONSHIP_WITH_TRANSFORMATION(#14462)SHAPE_REPRESENTATION_RELATIONSHIP());
#14464=CONTEXT_DEPENDENT_SHAPE_REPRESENTATION(#14463,#14457);
#14465=DIRECTION('',(0.E0,-3.961035693613E-1,9.182058387634E-1));
#14466=VECTOR('',#14465,8.154319652797E0);
#14467=CARTESIAN_POINT('',(-5.1E-1,6.238812657085E0,6.088961790469E-1));
#14468=LINE('',#14467,#14466);
#14469=CARTESIAN_POINT('',(-5.1E-1,1.814E0,7.897E0));
#14470=DIRECTION('',(0.E0,0.E0,-1.E0));
#14471=DIRECTION('',(0.E0,1.E0,0.E0));
#14472=AXIS2_PLACEMENT_3D('',#14469,#14470,#14471);
#14474=CARTESIAN_POINT('',(-5.1E-1,3.220044879814E0,8.187343916342E0));
#14475=DIRECTION('',(0.E0,3.961035693613E-1,-9.182058387634E-1));
#14476=DIRECTION('',(0.E0,9.182058387634E-1,3.961035693613E-1));
#14477=AXIS2_PLACEMENT_3D('',#14474,#14475,#14476);
#14479=CARTESIAN_POINT('',(-5.1E-1,2.547E0,7.897E0));
#14480=DIRECTION('',(1.E0,0.E0,0.E0));
#14481=DIRECTION('',(0.E0,9.182058387634E-1,3.961035693613E-1));
#14482=AXIS2_PLACEMENT_3D('',#14479,#14480,#14481);
#14484=DIRECTION('',(0.E0,0.E0,-1.E0));
#14485=VECTOR('',#14484,2.147E0);
#14486=CARTESIAN_POINT('',(-5.1E-1,2.044E0,7.897E0));
#14487=LINE('',#14486,#14485);
#14488=CARTESIAN_POINT('',(-5.1E-1,1.414E0,5.35E0));
#14489=DIRECTION('',(0.E0,-1.E0,0.E0));
#14490=DIRECTION('',(0.E0,0.E0,-1.E0));
#14491=AXIS2_PLACEMENT_3D('',#14488,#14489,#14490);
#14493=CARTESIAN_POINT('',(-5.1E-1,1.814E0,5.75E0));
#14494=DIRECTION('',(0.E0,0.E0,1.E0));
#14495=DIRECTION('',(0.E0,-1.E0,0.E0));
#14496=AXIS2_PLACEMENT_3D('',#14493,#14494,#14495);
#14498=CARTESIAN_POINT('',(-5.1E-1,1.414E0,5.75E0));
#14499=DIRECTION('',(-1.E0,0.E0,0.E0));
#14500=DIRECTION('',(0.E0,1.E0,0.E0));
#14501=AXIS2_PLACEMENT_3D('',#14498,#14499,#14500);
#14503=DIRECTION('',(0.E0,-1.E0,0.E0));
#14504=VECTOR('',#14503,4.814E0);
#14505=CARTESIAN_POINT('',(-5.1E-1,1.414E0,5.12E0));
#14506=LINE('',#14505,#14504);
#14507=CARTESIAN_POINT('',(-5.1E-1,-3.4E0,5.35E0));
#14508=DIRECTION('',(0.E0,1.E0,0.E0));
#14509=DIRECTION('',(0.E0,0.E0,-1.E0));
#14510=AXIS2_PLACEMENT_3D('',#14507,#14508,#14509);
#14512=CARTESIAN_POINT('',(-5.1E-1,-3.4E0,5.35E0));
#14513=DIRECTION('',(0.E0,1.E0,0.E0));
#14514=DIRECTION('',(0.E0,0.E0,1.E0));
#14515=AXIS2_PLACEMENT_3D('',#14512,#14513,#14514);
#14517=DIRECTION('',(0.E0,-1.E0,0.E0));
#14518=VECTOR('',#14517,4.814E0);
#14519=CARTESIAN_POINT('',(-5.1E-1,1.414E0,5.58E0));
#14520=LINE('',#14519,#14518);
#14521=CARTESIAN_POINT('',(-5.1E-1,1.414E0,5.35E0));
#14522=DIRECTION('',(0.E0,-1.E0,0.E0));
#14523=DIRECTION('',(0.E0,0.E0,1.E0));
#14524=AXIS2_PLACEMENT_3D('',#14521,#14522,#14523);
#14526=CARTESIAN_POINT('',(-5.1E-1,1.814E0,5.75E0));
#14527=DIRECTION('',(0.E0,0.E0,1.E0));
#14528=DIRECTION('',(0.E0,1.E0,0.E0));
#14529=AXIS2_PLACEMENT_3D('',#14526,#14527,#14528);
#14531=CARTESIAN_POINT('',(-5.1E-1,1.414E0,5.75E0));
#14532=DIRECTION('',(-1.E0,0.E0,0.E0));
#14533=DIRECTION('',(0.E0,1.E0,0.E0));
#14534=AXIS2_PLACEMENT_3D('',#14531,#14532,#14533);
#14536=DIRECTION('',(0.E0,0.E0,-1.E0));
#14537=VECTOR('',#14536,2.147E0);
#14538=CARTESIAN_POINT('',(-5.1E-1,1.584E0,7.897E0));
#14539=LINE('',#14538,#14537);
#14540=CARTESIAN_POINT('',(-5.1E-1,1.814E0,7.897E0));
#14541=DIRECTION('',(0.E0,0.E0,-1.E0));
#14542=DIRECTION('',(0.E0,-1.E0,0.E0));
#14543=AXIS2_PLACEMENT_3D('',#14540,#14541,#14542);
#14545=CARTESIAN_POINT('',(-5.1E-1,3.220044879814E0,8.187343916342E0));
#14546=DIRECTION('',(0.E0,3.961035693613E-1,-9.182058387634E-1));
#14547=DIRECTION('',(0.E0,-9.182058387634E-1,-3.961035693613E-1));
#14548=AXIS2_PLACEMENT_3D('',#14545,#14546,#14547);
#14550=CARTESIAN_POINT('',(-5.1E-1,2.547E0,7.897E0));
#14551=DIRECTION('',(1.E0,0.E0,0.E0));
#14552=DIRECTION('',(0.E0,9.182058387634E-1,3.961035693613E-1));
#14553=AXIS2_PLACEMENT_3D('',#14550,#14551,#14552);
#14555=DIRECTION('',(0.E0,-3.961035693613E-1,9.182058387634E-1));
#14556=VECTOR('',#14555,8.154319652797E0);
#14557=CARTESIAN_POINT('',(-5.1E-1,6.661187342916E0,7.911038209531E-1));
#14558=LINE('',#14557,#14556);
#14559=CARTESIAN_POINT('',(-5.1E-1,6.45E0,7.000000000001E-1));
#14560=DIRECTION('',(0.E0,-3.961035693613E-1,9.182058387634E-1));
#14561=DIRECTION('',(0.E0,9.182058387634E-1,3.961035693613E-1));
#14562=AXIS2_PLACEMENT_3D('',#14559,#14560,#14561);
#14564=CARTESIAN_POINT('',(-5.1E-1,6.45E0,7.000000000001E-1));
#14565=DIRECTION('',(0.E0,-3.961035693613E-1,9.182058387634E-1));
#14566=DIRECTION('',(0.E0,-9.182058387634E-1,-3.961035693613E-1));
#14567=AXIS2_PLACEMENT_3D('',#14564,#14565,#14566);
#14569=CARTESIAN_POINT('',(-5.1E-1,3.431232222729E0,8.278447737295E0));
#14570=CARTESIAN_POINT('',(-5.1E-1,3.008857536898E0,8.096240095389E0));
#14571=VERTEX_POINT('',#14569);
#14572=VERTEX_POINT('',#14570);
#14573=CARTESIAN_POINT('',(-5.1E-1,6.661187342916E0,7.911038209531E-1));
#14574=VERTEX_POINT('',#14573);
#14575=CARTESIAN_POINT('',(-5.1E-1,6.238812657085E0,6.088961790470E-1));
#14576=VERTEX_POINT('',#14575);
#14577=CARTESIAN_POINT('',(-5.1E-1,2.044E0,7.897E0));
#14578=CARTESIAN_POINT('',(-5.1E-1,1.584E0,7.897E0));
#14579=VERTEX_POINT('',#14577);
#14580=VERTEX_POINT('',#14578);
#14581=CARTESIAN_POINT('',(-5.1E-1,1.584E0,5.75E0));
#14582=CARTESIAN_POINT('',(-5.1E-1,2.044E0,5.75E0));
#14583=VERTEX_POINT('',#14581);
#14584=VERTEX_POINT('',#14582);
#14585=CARTESIAN_POINT('',(-5.1E-1,1.414E0,5.12E0));
#14586=CARTESIAN_POINT('',(-5.1E-1,1.414E0,5.58E0));
#14587=VERTEX_POINT('',#14585);
#14588=VERTEX_POINT('',#14586);
#14589=CARTESIAN_POINT('',(-5.1E-1,-3.4E0,5.58E0));
#14590=CARTESIAN_POINT('',(-5.1E-1,-3.4E0,5.12E0));
#14591=VERTEX_POINT('',#14589);
#14592=VERTEX_POINT('',#14590);
#14593=CARTESIAN_POINT('',(-5.1E-1,3.220044879814E0,8.187343916342E0));
#14594=DIRECTION('',(0.E0,3.961035693613E-1,-9.182058387634E-1));
#14595=DIRECTION('',(0.E0,-9.182058387634E-1,-3.961035693613E-1));
#14596=AXIS2_PLACEMENT_3D('',#14593,#14594,#14595);
#14597=CYLINDRICAL_SURFACE('',#14596,2.3E-1);
#14599=ORIENTED_EDGE('',*,*,#14598,.F.);
#14601=ORIENTED_EDGE('',*,*,#14600,.F.);
#14603=ORIENTED_EDGE('',*,*,#14602,.F.);
#14605=ORIENTED_EDGE('',*,*,#14604,.T.);
#14606=EDGE_LOOP('',(#14599,#14601,#14603,#14605));
#14607=FACE_OUTER_BOUND('',#14606,.F.);
#14608=ADVANCED_FACE('',(#14607),#14597,.T.);
#14609=CARTESIAN_POINT('',(-5.1E-1,2.547E0,7.897E0));
#14610=DIRECTION('',(-1.E0,0.E0,0.E0));
#14611=DIRECTION('',(0.E0,1.E0,0.E0));
#14612=AXIS2_PLACEMENT_3D('',#14609,#14610,#14611);
#14613=TOROIDAL_SURFACE('',#14612,7.33E-1,2.3E-1);
#14615=ORIENTED_EDGE('',*,*,#14614,.T.);
#14617=ORIENTED_EDGE('',*,*,#14616,.F.);
#14618=ORIENTED_EDGE('',*,*,#14598,.T.);
#14620=ORIENTED_EDGE('',*,*,#14619,.T.);
#14621=EDGE_LOOP('',(#14615,#14617,#14618,#14620));
#14622=FACE_OUTER_BOUND('',#14621,.F.);
#14623=ADVANCED_FACE('',(#14622),#14613,.T.);
#14624=CARTESIAN_POINT('',(-5.1E-1,1.814E0,5.75E0));
#14625=DIRECTION('',(0.E0,0.E0,1.E0));
#14626=DIRECTION('',(0.E0,1.E0,0.E0));
#14627=AXIS2_PLACEMENT_3D('',#14624,#14625,#14626);
#14628=CYLINDRICAL_SURFACE('',#14627,2.3E-1);
#14630=ORIENTED_EDGE('',*,*,#14629,.F.);
#14632=ORIENTED_EDGE('',*,*,#14631,.F.);
#14633=ORIENTED_EDGE('',*,*,#14614,.F.);
#14635=ORIENTED_EDGE('',*,*,#14634,.T.);
#14636=EDGE_LOOP('',(#14630,#14632,#14633,#14635));
#14637=FACE_OUTER_BOUND('',#14636,.F.);
#14638=ADVANCED_FACE('',(#14637),#14628,.T.);
#14639=CARTESIAN_POINT('',(-5.1E-1,1.414E0,5.75E0));
#14640=DIRECTION('',(1.E0,0.E0,0.E0));
#14641=DIRECTION('',(0.E0,0.E0,1.E0));
#14642=AXIS2_PLACEMENT_3D('',#14639,#14640,#14641);
#14643=TOROIDAL_SURFACE('',#14642,4.E-1,2.3E-1);
#14645=ORIENTED_EDGE('',*,*,#14644,.T.);
#14647=ORIENTED_EDGE('',*,*,#14646,.F.);
#14648=ORIENTED_EDGE('',*,*,#14629,.T.);
#14650=ORIENTED_EDGE('',*,*,#14649,.T.);
#14651=EDGE_LOOP('',(#14645,#14647,#14648,#14650));
#14652=FACE_OUTER_BOUND('',#14651,.F.);
#14653=ADVANCED_FACE('',(#14652),#14643,.T.);
#14654=CARTESIAN_POINT('',(-5.1E-1,-3.4E0,5.35E0));
#14655=DIRECTION('',(0.E0,1.E0,0.E0));
#14656=DIRECTION('',(0.E0,0.E0,-1.E0));
#14657=AXIS2_PLACEMENT_3D('',#14654,#14655,#14656);
#14658=CYLINDRICAL_SURFACE('',#14657,2.3E-1);
#14660=ORIENTED_EDGE('',*,*,#14659,.F.);
#14662=ORIENTED_EDGE('',*,*,#14661,.F.);
#14663=ORIENTED_EDGE('',*,*,#14644,.F.);
#14665=ORIENTED_EDGE('',*,*,#14664,.T.);
#14666=EDGE_LOOP('',(#14660,#14662,#14663,#14665));
#14667=FACE_OUTER_BOUND('',#14666,.F.);
#14668=ADVANCED_FACE('',(#14667),#14658,.T.);
#14669=CARTESIAN_POINT('',(-5.1E-1,-3.4E0,5.35E0));
#14670=DIRECTION('',(0.E0,1.E0,0.E0));
#14671=DIRECTION('',(0.E0,0.E0,-1.E0));
#14672=AXIS2_PLACEMENT_3D('',#14669,#14670,#14671);
#14673=PLANE('',#14672);
#14675=ORIENTED_EDGE('',*,*,#14674,.T.);
#14676=ORIENTED_EDGE('',*,*,#14659,.T.);
#14677=EDGE_LOOP('',(#14675,#14676));
#14678=FACE_OUTER_BOUND('',#14677,.F.);
#14679=ADVANCED_FACE('',(#14678),#14673,.F.);
#14680=CARTESIAN_POINT('',(-5.1E-1,-3.4E0,5.35E0));
#14681=DIRECTION('',(0.E0,1.E0,0.E0));
#14682=DIRECTION('',(0.E0,0.E0,-1.E0));
#14683=AXIS2_PLACEMENT_3D('',#14680,#14681,#14682);
#14684=CYLINDRICAL_SURFACE('',#14683,2.3E-1);
#14685=ORIENTED_EDGE('',*,*,#14674,.F.);
#14686=ORIENTED_EDGE('',*,*,#14664,.F.);
#14688=ORIENTED_EDGE('',*,*,#14687,.F.);
#14689=ORIENTED_EDGE('',*,*,#14661,.T.);
#14690=EDGE_LOOP('',(#14685,#14686,#14688,#14689));
#14691=FACE_OUTER_BOUND('',#14690,.F.);
#14692=ADVANCED_FACE('',(#14691),#14684,.T.);
#14693=CARTESIAN_POINT('',(-5.1E-1,1.414E0,5.75E0));
#14694=DIRECTION('',(1.E0,0.E0,0.E0));
#14695=DIRECTION('',(0.E0,0.E0,1.E0));
#14696=AXIS2_PLACEMENT_3D('',#14693,#14694,#14695);
#14697=TOROIDAL_SURFACE('',#14696,4.E-1,2.3E-1);
#14698=ORIENTED_EDGE('',*,*,#14687,.T.);
#14699=ORIENTED_EDGE('',*,*,#14649,.F.);
#14701=ORIENTED_EDGE('',*,*,#14700,.T.);
#14702=ORIENTED_EDGE('',*,*,#14646,.T.);
#14703=EDGE_LOOP('',(#14698,#14699,#14701,#14702));
#14704=FACE_OUTER_BOUND('',#14703,.F.);
#14705=ADVANCED_FACE('',(#14704),#14697,.T.);
#14706=CARTESIAN_POINT('',(-5.1E-1,1.814E0,5.75E0));
#14707=DIRECTION('',(0.E0,0.E0,1.E0));
#14708=DIRECTION('',(0.E0,1.E0,0.E0));
#14709=AXIS2_PLACEMENT_3D('',#14706,#14707,#14708);
#14710=CYLINDRICAL_SURFACE('',#14709,2.3E-1);
#14711=ORIENTED_EDGE('',*,*,#14700,.F.);
#14712=ORIENTED_EDGE('',*,*,#14634,.F.);
#14714=ORIENTED_EDGE('',*,*,#14713,.F.);
#14715=ORIENTED_EDGE('',*,*,#14631,.T.);
#14716=EDGE_LOOP('',(#14711,#14712,#14714,#14715));
#14717=FACE_OUTER_BOUND('',#14716,.F.);
#14718=ADVANCED_FACE('',(#14717),#14710,.T.);
#14719=CARTESIAN_POINT('',(-5.1E-1,2.547E0,7.897E0));
#14720=DIRECTION('',(-1.E0,0.E0,0.E0));
#14721=DIRECTION('',(0.E0,1.E0,0.E0));
#14722=AXIS2_PLACEMENT_3D('',#14719,#14720,#14721);
#14723=TOROIDAL_SURFACE('',#14722,7.33E-1,2.3E-1);
#14724=ORIENTED_EDGE('',*,*,#14713,.T.);
#14725=ORIENTED_EDGE('',*,*,#14619,.F.);
#14727=ORIENTED_EDGE('',*,*,#14726,.T.);
#14728=ORIENTED_EDGE('',*,*,#14616,.T.);
#14729=EDGE_LOOP('',(#14724,#14725,#14727,#14728));
#14730=FACE_OUTER_BOUND('',#14729,.F.);
#14731=ADVANCED_FACE('',(#14730),#14723,.T.);
#14732=CARTESIAN_POINT('',(-5.1E-1,3.220044879814E0,8.187343916342E0));
#14733=DIRECTION('',(0.E0,3.961035693613E-1,-9.182058387634E-1));
#14734=DIRECTION('',(0.E0,-9.182058387634E-1,-3.961035693613E-1));
#14735=AXIS2_PLACEMENT_3D('',#14732,#14733,#14734);
#14736=CYLINDRICAL_SURFACE('',#14735,2.3E-1);
#14737=ORIENTED_EDGE('',*,*,#14726,.F.);
#14738=ORIENTED_EDGE('',*,*,#14604,.F.);
#14740=ORIENTED_EDGE('',*,*,#14739,.F.);
#14741=ORIENTED_EDGE('',*,*,#14600,.T.);
#14742=EDGE_LOOP('',(#14737,#14738,#14740,#14741));
#14743=FACE_OUTER_BOUND('',#14742,.F.);
#14744=ADVANCED_FACE('',(#14743),#14736,.T.);
#14745=CARTESIAN_POINT('',(-5.1E-1,6.45E0,7.E-1));
#14746=DIRECTION('',(0.E0,3.961035693613E-1,-9.182058387634E-1));
#14747=DIRECTION('',(0.E0,-9.182058387634E-1,-3.961035693613E-1));
#14748=AXIS2_PLACEMENT_3D('',#14745,#14746,#14747);
#14749=PLANE('',#14748);
#14750=ORIENTED_EDGE('',*,*,#14739,.T.);
#14751=ORIENTED_EDGE('',*,*,#14602,.T.);
#14752=EDGE_LOOP('',(#14750,#14751));
#14753=FACE_OUTER_BOUND('',#14752,.F.);
#14754=ADVANCED_FACE('',(#14753),#14749,.T.);
#14755=CLOSED_SHELL('',(#14608,#14623,#14638,#14653,#14668,#14679,#14692,#14705,
#14718,#14731,#14744,#14754));
#14756=MANIFOLD_SOLID_BREP('',#14755);
#14758=DIMENSIONAL_EXPONENTS(0.E0,0.E0,0.E0,0.E0,0.E0,0.E0,0.E0);
#14760=PLANE_ANGLE_MEASURE_WITH_UNIT(PLANE_ANGLE_MEASURE(1.745329251994E-2),
#14759);
#14761=(CONVERSION_BASED_UNIT('DEGREE',#14760)NAMED_UNIT(*)PLANE_ANGLE_UNIT());
#14763=UNCERTAINTY_MEASURE_WITH_UNIT(LENGTH_MEASURE(1.301950021211E-3),#14757,
'closure',
'Maximum model space distance between geometric entities at asserted connectivities');
#14764=(GEOMETRIC_REPRESENTATION_CONTEXT(3)GLOBAL_UNCERTAINTY_ASSIGNED_CONTEXT((
#14763))GLOBAL_UNIT_ASSIGNED_CONTEXT((#14757,#14761,#14762))REPRESENTATION_CONTEXT('ID2','3'));
#14765=CARTESIAN_POINT('',(0.E0,0.E0,0.E0));
#14766=DIRECTION('',(0.E0,0.E0,1.E0));
#14767=DIRECTION('',(1.E0,0.E0,0.E0));
#14770=MECHANICAL_CONTEXT('',#14444,'mechanical');
#14771=PRODUCT('AA_2_1','AA_2_1','NOT SPECIFIED',(#14770));
#14772=PRODUCT_DEFINITION_FORMATION_WITH_SPECIFIED_SOURCE('1','LAST_VERSION',
#14771,.MADE.);
#14781=CARTESIAN_POINT('',(0.E0,0.E0,0.E0));
#14782=DIRECTION('',(0.E0,0.E0,1.E0));
#14783=DIRECTION('',(1.E0,0.E0,0.E0));
#14784=AXIS2_PLACEMENT_3D('',#14781,#14782,#14783);
#14785=ITEM_DEFINED_TRANSFORMATION('','',#14768,#14784);
#14786=CARTESIAN_POINT('',(0.E0,0.E0,0.E0));
#14787=DIRECTION('',(0.E0,0.E0,1.E0));
#14788=DIRECTION('',(1.E0,0.E0,0.E0));
#14790=(REPRESENTATION_RELATIONSHIP('','',#14769,#14778)REPRESENTATION_RELATIONSHIP_WITH_TRANSFORMATION(#14785)SHAPE_REPRESENTATION_RELATIONSHIP());
#14791=CONTEXT_DEPENDENT_SHAPE_REPRESENTATION(#14790,#14780);
#14792=DIRECTION('',(0.E0,1.E0,0.E0));
#14793=VECTOR('',#14792,4.814E0);
#14794=CARTESIAN_POINT('',(5.1E-1,-3.4E0,3.04E0));
#14795=LINE('',#14794,#14793);
#14796=CARTESIAN_POINT('',(5.1E-1,1.814E0,3.21E0));
#14797=DIRECTION('',(0.E0,0.E0,1.E0));
#14798=DIRECTION('',(0.E0,-1.E0,0.E0));
#14799=AXIS2_PLACEMENT_3D('',#14796,#14797,#14798);
#14801=CARTESIAN_POINT('',(5.1E-1,1.414E0,2.81E0));
#14802=DIRECTION('',(0.E0,-1.E0,0.E0));
#14803=DIRECTION('',(0.E0,0.E0,-1.E0));
#14804=AXIS2_PLACEMENT_3D('',#14801,#14802,#14803);
#14806=CARTESIAN_POINT('',(5.1E-1,1.414E0,3.21E0));
#14807=DIRECTION('',(1.E0,0.E0,0.E0));
#14808=DIRECTION('',(0.E0,0.E0,-1.E0));
#14809=AXIS2_PLACEMENT_3D('',#14806,#14807,#14808);
#14811=DIRECTION('',(0.E0,0.E0,1.E0));
#14812=VECTOR('',#14811,4.687E0);
#14813=CARTESIAN_POINT('',(5.1E-1,1.584E0,3.21E0));
#14814=LINE('',#14813,#14812);
#14815=CARTESIAN_POINT('',(5.1E-1,3.220044879814E0,8.187343916342E0));
#14816=DIRECTION('',(0.E0,3.961035693613E-1,-9.182058387634E-1));
#14817=DIRECTION('',(0.E0,9.182058387634E-1,3.961035693613E-1));
#14818=AXIS2_PLACEMENT_3D('',#14815,#14816,#14817);
#14820=CARTESIAN_POINT('',(5.1E-1,1.814E0,7.897E0));
#14821=DIRECTION('',(0.E0,0.E0,-1.E0));
#14822=DIRECTION('',(0.E0,1.E0,0.E0));
#14823=AXIS2_PLACEMENT_3D('',#14820,#14821,#14822);
#14825=CARTESIAN_POINT('',(5.1E-1,2.547E0,7.897E0));
#14826=DIRECTION('',(-1.E0,0.E0,0.E0));
#14827=DIRECTION('',(0.E0,-1.E0,0.E0));
#14828=AXIS2_PLACEMENT_3D('',#14825,#14826,#14827);
#14830=DIRECTION('',(0.E0,3.961035693613E-1,-9.182058387634E-1));
#14831=VECTOR('',#14830,8.154319652797E0);
#14832=CARTESIAN_POINT('',(5.1E-1,3.431232222729E0,8.278447737295E0));
#14833=LINE('',#14832,#14831);
#14834=CARTESIAN_POINT('',(5.1E-1,6.45E0,7.E-1));
#14835=DIRECTION('',(0.E0,-3.961035693613E-1,9.182058387634E-1));
#14836=DIRECTION('',(0.E0,9.182058387634E-1,3.961035693613E-1));
#14837=AXIS2_PLACEMENT_3D('',#14834,#14835,#14836);
#14839=CARTESIAN_POINT('',(5.1E-1,6.45E0,7.E-1));
#14840=DIRECTION('',(0.E0,-3.961035693613E-1,9.182058387634E-1));
#14841=DIRECTION('',(0.E0,-9.182058387634E-1,-3.961035693613E-1));
#14842=AXIS2_PLACEMENT_3D('',#14839,#14840,#14841);
#14844=DIRECTION('',(0.E0,3.961035693613E-1,-9.182058387634E-1));
#14845=VECTOR('',#14844,8.154319652797E0);
#14846=CARTESIAN_POINT('',(5.1E-1,3.008857536898E0,8.096240095389E0));
#14847=LINE('',#14846,#14845);
#14848=CARTESIAN_POINT('',(5.1E-1,3.220044879814E0,8.187343916342E0));
#14849=DIRECTION('',(0.E0,3.961035693613E-1,-9.182058387634E-1));
#14850=DIRECTION('',(0.E0,-9.182058387634E-1,-3.961035693613E-1));
#14851=AXIS2_PLACEMENT_3D('',#14848,#14849,#14850);
#14853=CARTESIAN_POINT('',(5.1E-1,1.814E0,7.897E0));
#14854=DIRECTION('',(0.E0,0.E0,-1.E0));
#14855=DIRECTION('',(0.E0,-1.E0,0.E0));
#14856=AXIS2_PLACEMENT_3D('',#14853,#14854,#14855);
#14858=CARTESIAN_POINT('',(5.1E-1,2.547E0,7.897E0));
#14859=DIRECTION('',(-1.E0,0.E0,0.E0));
#14860=DIRECTION('',(0.E0,-1.E0,0.E0));
#14861=AXIS2_PLACEMENT_3D('',#14858,#14859,#14860);
#14863=DIRECTION('',(0.E0,0.E0,1.E0));
#14864=VECTOR('',#14863,4.687E0);
#14865=CARTESIAN_POINT('',(5.1E-1,2.044E0,3.21E0));
#14866=LINE('',#14865,#14864);
#14867=CARTESIAN_POINT('',(5.1E-1,1.814E0,3.21E0));
#14868=DIRECTION('',(0.E0,0.E0,1.E0));
#14869=DIRECTION('',(0.E0,1.E0,0.E0));
#14870=AXIS2_PLACEMENT_3D('',#14867,#14868,#14869);
#14872=CARTESIAN_POINT('',(5.1E-1,1.414E0,2.81E0));
#14873=DIRECTION('',(0.E0,-1.E0,0.E0));
#14874=DIRECTION('',(0.E0,0.E0,1.E0));
#14875=AXIS2_PLACEMENT_3D('',#14872,#14873,#14874);
#14877=CARTESIAN_POINT('',(5.1E-1,1.414E0,3.21E0));
#14878=DIRECTION('',(1.E0,0.E0,0.E0));
#14879=DIRECTION('',(0.E0,0.E0,-1.E0));
#14880=AXIS2_PLACEMENT_3D('',#14877,#14878,#14879);
#14882=DIRECTION('',(0.E0,1.E0,0.E0));
#14883=VECTOR('',#14882,4.814E0);
#14884=CARTESIAN_POINT('',(5.1E-1,-3.4E0,2.58E0));
#14885=LINE('',#14884,#14883);
#14886=CARTESIAN_POINT('',(5.1E-1,-3.4E0,2.81E0));
#14887=DIRECTION('',(0.E0,1.E0,0.E0));
#14888=DIRECTION('',(0.E0,0.E0,-1.E0));
#14889=AXIS2_PLACEMENT_3D('',#14886,#14887,#14888);
#14891=CARTESIAN_POINT('',(5.1E-1,-3.4E0,2.81E0));
#14892=DIRECTION('',(0.E0,1.E0,0.E0));
#14893=DIRECTION('',(0.E0,0.E0,1.E0));
#14894=AXIS2_PLACEMENT_3D('',#14891,#14892,#14893);
#14896=CARTESIAN_POINT('',(5.1E-1,1.414E0,2.58E0));
#14897=CARTESIAN_POINT('',(5.1E-1,1.414E0,3.04E0));
#14898=VERTEX_POINT('',#14896);
#14899=VERTEX_POINT('',#14897);
#14900=CARTESIAN_POINT('',(5.1E-1,-3.4E0,2.58E0));
#14901=VERTEX_POINT('',#14900);
#14902=CARTESIAN_POINT('',(5.1E-1,-3.4E0,3.04E0));
#14903=VERTEX_POINT('',#14902);
#14904=CARTESIAN_POINT('',(5.1E-1,1.584E0,3.21E0));
#14905=CARTESIAN_POINT('',(5.1E-1,2.044E0,3.21E0));
#14906=VERTEX_POINT('',#14904);
#14907=VERTEX_POINT('',#14905);
#14908=CARTESIAN_POINT('',(5.1E-1,2.044E0,7.897E0));
#14909=CARTESIAN_POINT('',(5.1E-1,1.584E0,7.897E0));
#14910=VERTEX_POINT('',#14908);
#14911=VERTEX_POINT('',#14909);
#14912=CARTESIAN_POINT('',(5.1E-1,3.431232222729E0,8.278447737295E0));
#14913=CARTESIAN_POINT('',(5.1E-1,3.008857536898E0,8.096240095389E0));
#14914=VERTEX_POINT('',#14912);
#14915=VERTEX_POINT('',#14913);
#14916=CARTESIAN_POINT('',(5.1E-1,6.238812657084E0,6.088961790469E-1));
#14917=CARTESIAN_POINT('',(5.1E-1,6.661187342916E0,7.911038209531E-1));
#14918=VERTEX_POINT('',#14916);
#14919=VERTEX_POINT('',#14917);
#14920=CARTESIAN_POINT('',(5.1E-1,1.414E0,2.81E0));
#14921=DIRECTION('',(0.E0,-1.E0,0.E0));
#14922=DIRECTION('',(0.E0,0.E0,1.E0));
#14923=AXIS2_PLACEMENT_3D('',#14920,#14921,#14922);
#14924=CYLINDRICAL_SURFACE('',#14923,2.3E-1);
#14926=ORIENTED_EDGE('',*,*,#14925,.F.);
#14928=ORIENTED_EDGE('',*,*,#14927,.F.);
#14930=ORIENTED_EDGE('',*,*,#14929,.F.);
#14932=ORIENTED_EDGE('',*,*,#14931,.T.);
#14933=EDGE_LOOP('',(#14926,#14928,#14930,#14932));
#14934=FACE_OUTER_BOUND('',#14933,.F.);
#14935=ADVANCED_FACE('',(#14934),#14924,.T.);
#14936=CARTESIAN_POINT('',(5.1E-1,1.414E0,3.21E0));
#14937=DIRECTION('',(-1.E0,0.E0,0.E0));
#14938=DIRECTION('',(0.E0,-1.E0,0.E0));
#14939=AXIS2_PLACEMENT_3D('',#14936,#14937,#14938);
#14940=TOROIDAL_SURFACE('',#14939,4.E-1,2.3E-1);
#14942=ORIENTED_EDGE('',*,*,#14941,.T.);
#14944=ORIENTED_EDGE('',*,*,#14943,.F.);
#14945=ORIENTED_EDGE('',*,*,#14925,.T.);
#14947=ORIENTED_EDGE('',*,*,#14946,.T.);
#14948=EDGE_LOOP('',(#14942,#14944,#14945,#14947));
#14949=FACE_OUTER_BOUND('',#14948,.F.);
#14950=ADVANCED_FACE('',(#14949),#14940,.T.);
#14951=CARTESIAN_POINT('',(5.1E-1,1.814E0,7.897E0));
#14952=DIRECTION('',(0.E0,0.E0,-1.E0));
#14953=DIRECTION('',(0.E0,-1.E0,0.E0));
#14954=AXIS2_PLACEMENT_3D('',#14951,#14952,#14953);
#14955=CYLINDRICAL_SURFACE('',#14954,2.3E-1);
#14957=ORIENTED_EDGE('',*,*,#14956,.F.);
#14959=ORIENTED_EDGE('',*,*,#14958,.F.);
#14960=ORIENTED_EDGE('',*,*,#14941,.F.);
#14962=ORIENTED_EDGE('',*,*,#14961,.T.);
#14963=EDGE_LOOP('',(#14957,#14959,#14960,#14962));
#14964=FACE_OUTER_BOUND('',#14963,.F.);
#14965=ADVANCED_FACE('',(#14964),#14955,.T.);
#14966=CARTESIAN_POINT('',(5.1E-1,2.547E0,7.897E0));
#14967=DIRECTION('',(1.E0,0.E0,0.E0));
#14968=DIRECTION('',(0.E0,-9.182058387634E-1,-3.961035693613E-1));
#14969=AXIS2_PLACEMENT_3D('',#14966,#14967,#14968);
#14970=TOROIDAL_SURFACE('',#14969,7.33E-1,2.3E-1);
#14972=ORIENTED_EDGE('',*,*,#14971,.T.);
#14974=ORIENTED_EDGE('',*,*,#14973,.F.);
#14975=ORIENTED_EDGE('',*,*,#14956,.T.);
#14977=ORIENTED_EDGE('',*,*,#14976,.T.);
#14978=EDGE_LOOP('',(#14972,#14974,#14975,#14977));
#14979=FACE_OUTER_BOUND('',#14978,.F.);
#14980=ADVANCED_FACE('',(#14979),#14970,.T.);
#14981=CARTESIAN_POINT('',(5.1E-1,6.45E0,7.E-1));
#14982=DIRECTION('',(0.E0,-3.961035693613E-1,9.182058387634E-1));
#14983=DIRECTION('',(0.E0,9.182058387634E-1,3.961035693613E-1));
#14984=AXIS2_PLACEMENT_3D('',#14981,#14982,#14983);
#14985=CYLINDRICAL_SURFACE('',#14984,2.3E-1);
#14987=ORIENTED_EDGE('',*,*,#14986,.F.);
#14989=ORIENTED_EDGE('',*,*,#14988,.F.);
#14990=ORIENTED_EDGE('',*,*,#14971,.F.);
#14992=ORIENTED_EDGE('',*,*,#14991,.T.);
#14993=EDGE_LOOP('',(#14987,#14989,#14990,#14992));
#14994=FACE_OUTER_BOUND('',#14993,.F.);
#14995=ADVANCED_FACE('',(#14994),#14985,.T.);
#14996=CARTESIAN_POINT('',(5.1E-1,6.45E0,7.E-1));
#14997=DIRECTION('',(0.E0,-3.961035693613E-1,9.182058387634E-1));
#14998=DIRECTION('',(0.E0,9.182058387634E-1,3.961035693613E-1));
#14999=AXIS2_PLACEMENT_3D('',#14996,#14997,#14998);
#15000=PLANE('',#14999);
#15002=ORIENTED_EDGE('',*,*,#15001,.T.);
#15003=ORIENTED_EDGE('',*,*,#14986,.T.);
#15004=EDGE_LOOP('',(#15002,#15003));
#15005=FACE_OUTER_BOUND('',#15004,.F.);
#15006=ADVANCED_FACE('',(#15005),#15000,.F.);
#15007=CARTESIAN_POINT('',(5.1E-1,6.45E0,7.E-1));
#15008=DIRECTION('',(0.E0,-3.961035693613E-1,9.182058387634E-1));
#15009=DIRECTION('',(0.E0,9.182058387634E-1,3.961035693613E-1));
#15010=AXIS2_PLACEMENT_3D('',#15007,#15008,#15009);
#15011=CYLINDRICAL_SURFACE('',#15010,2.3E-1);
#15012=ORIENTED_EDGE('',*,*,#15001,.F.);
#15013=ORIENTED_EDGE('',*,*,#14991,.F.);
#15015=ORIENTED_EDGE('',*,*,#15014,.F.);
#15016=ORIENTED_EDGE('',*,*,#14988,.T.);
#15017=EDGE_LOOP('',(#15012,#15013,#15015,#15016));
#15018=FACE_OUTER_BOUND('',#15017,.F.);
#15019=ADVANCED_FACE('',(#15018),#15011,.T.);
#15020=CARTESIAN_POINT('',(5.1E-1,2.547E0,7.897E0));
#15021=DIRECTION('',(1.E0,0.E0,0.E0));
#15022=DIRECTION('',(0.E0,-9.182058387634E-1,-3.961035693613E-1));
#15023=AXIS2_PLACEMENT_3D('',#15020,#15021,#15022);
#15024=TOROIDAL_SURFACE('',#15023,7.33E-1,2.3E-1);
#15025=ORIENTED_EDGE('',*,*,#15014,.T.);
#15026=ORIENTED_EDGE('',*,*,#14976,.F.);
#15028=ORIENTED_EDGE('',*,*,#15027,.T.);
#15029=ORIENTED_EDGE('',*,*,#14973,.T.);
#15030=EDGE_LOOP('',(#15025,#15026,#15028,#15029));
#15031=FACE_OUTER_BOUND('',#15030,.F.);
#15032=ADVANCED_FACE('',(#15031),#15024,.T.);
#15033=CARTESIAN_POINT('',(5.1E-1,1.814E0,7.897E0));
#15034=DIRECTION('',(0.E0,0.E0,-1.E0));
#15035=DIRECTION('',(0.E0,-1.E0,0.E0));
#15036=AXIS2_PLACEMENT_3D('',#15033,#15034,#15035);
#15037=CYLINDRICAL_SURFACE('',#15036,2.3E-1);
#15038=ORIENTED_EDGE('',*,*,#15027,.F.);
#15039=ORIENTED_EDGE('',*,*,#14961,.F.);
#15041=ORIENTED_EDGE('',*,*,#15040,.F.);
#15042=ORIENTED_EDGE('',*,*,#14958,.T.);
#15043=EDGE_LOOP('',(#15038,#15039,#15041,#15042));
#15044=FACE_OUTER_BOUND('',#15043,.F.);
#15045=ADVANCED_FACE('',(#15044),#15037,.T.);
#15046=CARTESIAN_POINT('',(5.1E-1,1.414E0,3.21E0));
#15047=DIRECTION('',(-1.E0,0.E0,0.E0));
#15048=DIRECTION('',(0.E0,-1.E0,0.E0));
#15049=AXIS2_PLACEMENT_3D('',#15046,#15047,#15048);
#15050=TOROIDAL_SURFACE('',#15049,4.E-1,2.3E-1);
#15051=ORIENTED_EDGE('',*,*,#15040,.T.);
#15052=ORIENTED_EDGE('',*,*,#14946,.F.);
#15054=ORIENTED_EDGE('',*,*,#15053,.T.);
#15055=ORIENTED_EDGE('',*,*,#14943,.T.);
#15056=EDGE_LOOP('',(#15051,#15052,#15054,#15055));
#15057=FACE_OUTER_BOUND('',#15056,.F.);
#15058=ADVANCED_FACE('',(#15057),#15050,.T.);
#15059=CARTESIAN_POINT('',(5.1E-1,1.414E0,2.81E0));
#15060=DIRECTION('',(0.E0,-1.E0,0.E0));
#15061=DIRECTION('',(0.E0,0.E0,1.E0));
#15062=AXIS2_PLACEMENT_3D('',#15059,#15060,#15061);
#15063=CYLINDRICAL_SURFACE('',#15062,2.3E-1);
#15064=ORIENTED_EDGE('',*,*,#15053,.F.);
#15065=ORIENTED_EDGE('',*,*,#14931,.F.);
#15067=ORIENTED_EDGE('',*,*,#15066,.F.);
#15068=ORIENTED_EDGE('',*,*,#14927,.T.);
#15069=EDGE_LOOP('',(#15064,#15065,#15067,#15068));
#15070=FACE_OUTER_BOUND('',#15069,.F.);
#15071=ADVANCED_FACE('',(#15070),#15063,.T.);
#15072=CARTESIAN_POINT('',(5.1E-1,-3.4E0,2.81E0));
#15073=DIRECTION('',(0.E0,-1.E0,0.E0));
#15074=DIRECTION('',(0.E0,0.E0,1.E0));
#15075=AXIS2_PLACEMENT_3D('',#15072,#15073,#15074);
#15076=PLANE('',#15075);
#15077=ORIENTED_EDGE('',*,*,#15066,.T.);
#15078=ORIENTED_EDGE('',*,*,#14929,.T.);
#15079=EDGE_LOOP('',(#15077,#15078));
#15080=FACE_OUTER_BOUND('',#15079,.F.);
#15081=ADVANCED_FACE('',(#15080),#15076,.T.);
#15082=CLOSED_SHELL('',(#14935,#14950,#14965,#14980,#14995,#15006,#15019,#15032,
#15045,#15058,#15071,#15081));
#15083=MANIFOLD_SOLID_BREP('',#15082);
#15085=DIMENSIONAL_EXPONENTS(0.E0,0.E0,0.E0,0.E0,0.E0,0.E0,0.E0);
#15087=PLANE_ANGLE_MEASURE_WITH_UNIT(PLANE_ANGLE_MEASURE(1.745329251994E-2),
#15086);
#15088=(CONVERSION_BASED_UNIT('DEGREE',#15087)NAMED_UNIT(*)PLANE_ANGLE_UNIT());
#15090=UNCERTAINTY_MEASURE_WITH_UNIT(LENGTH_MEASURE(1.301950021211E-3),#15084,
'closure',
'Maximum model space distance between geometric entities at asserted connectivities');
#15091=(GEOMETRIC_REPRESENTATION_CONTEXT(3)GLOBAL_UNCERTAINTY_ASSIGNED_CONTEXT((
#15090))GLOBAL_UNIT_ASSIGNED_CONTEXT((#15084,#15088,#15089))REPRESENTATION_CONTEXT('ID3','3'));
#15092=CARTESIAN_POINT('',(0.E0,0.E0,0.E0));
#15093=DIRECTION('',(0.E0,0.E0,1.E0));
#15094=DIRECTION('',(1.E0,0.E0,0.E0));
#15097=DESIGN_CONTEXT('',#14444,'design');
#15098=MECHANICAL_CONTEXT('',#14444,'mechanical');
#15099=PRODUCT('AA_2_2','AA_2_2','NOT SPECIFIED',(#15098));
#15100=PRODUCT_DEFINITION_FORMATION_WITH_SPECIFIED_SOURCE('1','LAST_VERSION',
#15099,.MADE.);
#15106=CARTESIAN_POINT('',(0.E0,0.E0,0.E0));
#15107=DIRECTION('',(0.E0,0.E0,1.E0));
#15108=DIRECTION('',(1.E0,0.E0,0.E0));
#15109=AXIS2_PLACEMENT_3D('',#15106,#15107,#15108);
#15110=ITEM_DEFINED_TRANSFORMATION('','',#15095,#15109);
#15111=CARTESIAN_POINT('',(0.E0,0.E0,0.E0));
#15112=DIRECTION('',(0.E0,0.E0,1.E0));
#15113=DIRECTION('',(1.E0,0.E0,0.E0));
#15115=(REPRESENTATION_RELATIONSHIP('','',#15096,#14778)REPRESENTATION_RELATIONSHIP_WITH_TRANSFORMATION(#15110)SHAPE_REPRESENTATION_RELATIONSHIP());
#15116=CONTEXT_DEPENDENT_SHAPE_REPRESENTATION(#15115,#15105);
#15118=DIMENSIONAL_EXPONENTS(0.E0,0.E0,0.E0,0.E0,0.E0,0.E0,0.E0);
#15120=PLANE_ANGLE_MEASURE_WITH_UNIT(PLANE_ANGLE_MEASURE(1.745329251994E-2),
#15119);
#15121=(CONVERSION_BASED_UNIT('DEGREE',#15120)NAMED_UNIT(*)PLANE_ANGLE_UNIT());
#15123=UNCERTAINTY_MEASURE_WITH_UNIT(LENGTH_MEASURE(1.309536393104E-3),#15117,
'closure',
'Maximum model space distance between geometric entities at asserted connectivities');
#15124=(GEOMETRIC_REPRESENTATION_CONTEXT(3)GLOBAL_UNCERTAINTY_ASSIGNED_CONTEXT((
#15123))GLOBAL_UNIT_ASSIGNED_CONTEXT((#15117,#15121,#15122))REPRESENTATION_CONTEXT('ID4','3'));
#15125=CARTESIAN_POINT('',(0.E0,0.E0,0.E0));
#15126=DIRECTION('',(0.E0,0.E0,1.E0));
#15127=DIRECTION('',(1.E0,0.E0,0.E0));
#15129=MECHANICAL_CONTEXT('',#14444,'mechanical');
#15130=PRODUCT('AA_2_ASM','AA_2_ASM','NOT SPECIFIED',(#15129));
#15131=PRODUCT_DEFINITION_FORMATION_WITH_SPECIFIED_SOURCE('1','LAST_VERSION',
#15130,.MADE.);
#15135=CARTESIAN_POINT('',(-2.043771417551E0,0.E0,-6.5E-1));
#15136=DIRECTION('',(0.E0,0.E0,1.E0));
#15137=DIRECTION('',(1.E0,0.E0,0.E0));
#15138=AXIS2_PLACEMENT_3D('',#15135,#15136,#15137);
#15139=ITEM_DEFINED_TRANSFORMATION('','',#14789,#15138);
#15140=(REPRESENTATION_RELATIONSHIP('','',#14778,#14455)REPRESENTATION_RELATIONSHIP_WITH_TRANSFORMATION(#15139)SHAPE_REPRESENTATION_RELATIONSHIP());
#15141=CONTEXT_DEPENDENT_SHAPE_REPRESENTATION(#15140,#15134);
#15144=CARTESIAN_POINT('',(-3.771417551361E-3,0.E0,-6.5E-1));
#15145=DIRECTION('',(0.E0,0.E0,1.E0));
#15146=DIRECTION('',(1.E0,0.E0,0.E0));
#15147=AXIS2_PLACEMENT_3D('',#15144,#15145,#15146);
#15148=ITEM_DEFINED_TRANSFORMATION('','',#14789,#15147);
#15149=(REPRESENTATION_RELATIONSHIP('','',#14778,#14455)REPRESENTATION_RELATIONSHIP_WITH_TRANSFORMATION(#15148)SHAPE_REPRESENTATION_RELATIONSHIP());
#15150=CONTEXT_DEPENDENT_SHAPE_REPRESENTATION(#15149,#15143);
#15153=CARTESIAN_POINT('',(2.036228582449E0,0.E0,-6.5E-1));
#15154=DIRECTION('',(0.E0,0.E0,1.E0));
#15155=DIRECTION('',(1.E0,0.E0,0.E0));
#15156=AXIS2_PLACEMENT_3D('',#15153,#15154,#15155);
#15157=ITEM_DEFINED_TRANSFORMATION('','',#14789,#15156);
#15158=(REPRESENTATION_RELATIONSHIP('','',#14778,#14455)REPRESENTATION_RELATIONSHIP_WITH_TRANSFORMATION(#15157)SHAPE_REPRESENTATION_RELATIONSHIP());
#15159=CONTEXT_DEPENDENT_SHAPE_REPRESENTATION(#15158,#15152);
#15161=DIMENSIONAL_EXPONENTS(0.E0,0.E0,0.E0,0.E0,0.E0,0.E0,0.E0);
#15163=PLANE_ANGLE_MEASURE_WITH_UNIT(PLANE_ANGLE_MEASURE(1.745329251994E-2),
#15162);
#15164=(CONVERSION_BASED_UNIT('DEGREE',#15163)NAMED_UNIT(*)PLANE_ANGLE_UNIT());
#15166=UNCERTAINTY_MEASURE_WITH_UNIT(LENGTH_MEASURE(2.640578466305E-3),#15160,
'closure',
'Maximum model space distance between geometric entities at asserted connectivities');
#15167=(GEOMETRIC_REPRESENTATION_CONTEXT(3)GLOBAL_UNCERTAINTY_ASSIGNED_CONTEXT((
#15166))GLOBAL_UNIT_ASSIGNED_CONTEXT((#15160,#15164,#15165))REPRESENTATION_CONTEXT('ID5','3'));
#15168=CARTESIAN_POINT('',(0.E0,0.E0,0.E0));
#15169=DIRECTION('',(0.E0,0.E0,1.E0));
#15170=DIRECTION('',(1.E0,0.E0,0.E0));
#15172=DESIGN_CONTEXT('',#14444,'design');
#15173=MECHANICAL_CONTEXT('',#14444,'mechanical');
#15174=PRODUCT('11098-12GXX1_ASM','11098-12GXX1_ASM','NOT SPECIFIED',(#15173));
#15175=PRODUCT_DEFINITION_FORMATION_WITH_SPECIFIED_SOURCE('1','LAST_VERSION',
#15174,.MADE.);
#15177=PRODUCT_CATEGORY('part','');
#15178=PRODUCT_RELATED_PRODUCT_CATEGORY('assembly','',(#15130,#15174));
#15179=PRODUCT_CATEGORY_RELATIONSHIP('','',#15177,#15178);
#15180=PRODUCT_CATEGORY('part','');
#15181=PRODUCT_RELATED_PRODUCT_CATEGORY('detail','',(#14448,#14771,#15099));
#15182=PRODUCT_CATEGORY_RELATIONSHIP('','',#15180,#15181);
#15183=SECURITY_CLASSIFICATION_LEVEL('unclassified');
#15184=SECURITY_CLASSIFICATION('','',#15183);
#15185=CC_DESIGN_SECURITY_CLASSIFICATION(#15184,(#14449,#14772,#15100,#15131,
#15175,#14456,#14779,#15104,#15133,#15142,#15151));
#15186=APPROVAL_STATUS('approved');
#15187=APPROVAL(#15186,'');
#15188=CC_DESIGN_APPROVAL(#15187,(#15184,#14449,#14772,#15100,#15131,#15175,
#14450,#14773,#15101,#15132,#15176));
#15189=CALENDAR_DATE(122,26,7);
#15190=COORDINATED_UNIVERSAL_TIME_OFFSET(8,0,.AHEAD.);
#15191=LOCAL_TIME(15,17,5.7E1,#15190);
#15192=DATE_AND_TIME(#15189,#15191);
#15193=APPROVAL_DATE_TIME(#15192,#15187);
#15194=DATE_TIME_ROLE('creation_date');
#15195=CC_DESIGN_DATE_AND_TIME_ASSIGNMENT(#15192,#15194,(#14450,#14773,#15101,
#15132,#15176));
#15196=DATE_TIME_ROLE('classification_date');
#15197=CC_DESIGN_DATE_AND_TIME_ASSIGNMENT(#15192,#15196,(#15184));
#15198=PERSON('UNSPECIFIED','UNSPECIFIED',$,$,$,$);
#15199=ORGANIZATION('UNSPECIFIED','UNSPECIFIED','UNSPECIFIED');
#15200=PERSON_AND_ORGANIZATION(#15198,#15199);
#15201=APPROVAL_ROLE('approver');
#15202=APPROVAL_PERSON_ORGANIZATION(#15200,#15187,#15201);
#15203=PERSON_AND_ORGANIZATION_ROLE('creator');
#15204=CC_DESIGN_PERSON_AND_ORGANIZATION_ASSIGNMENT(#15200,#15203,(#14449,
#14772,#15100,#15131,#15175,#14450,#14773,#15101,#15132,#15176));
#15205=PERSON_AND_ORGANIZATION_ROLE('design_supplier');
#15206=CC_DESIGN_PERSON_AND_ORGANIZATION_ASSIGNMENT(#15200,#15205,(#14449,
#14772,#15100,#15131,#15175));
#15207=PERSON_AND_ORGANIZATION_ROLE('classification_officer');
#15208=CC_DESIGN_PERSON_AND_ORGANIZATION_ASSIGNMENT(#15200,#15207,(#15184));
#15209=PERSON_AND_ORGANIZATION_ROLE('design_owner');
#15210=CC_DESIGN_PERSON_AND_ORGANIZATION_ASSIGNMENT(#15200,#15209,(#15130,
#15174,#14448,#14771,#15099));
#9=CIRCLE('',#8,8.E-1);
#14=CIRCLE('',#13,8.E-1);
#143=CIRCLE('',#142,1.406318059462E-1);
#148=CIRCLE('',#147,1.406318059462E-1);
#165=CIRCLE('',#164,1.406318059462E-1);
#170=CIRCLE('',#169,1.406318059462E-1);
#551=CIRCLE('',#550,3.499996628100E-1);
#560=CIRCLE('',#559,5.03E-1);
#565=CIRCLE('',#564,5.03E-1);
#626=CIRCLE('',#625,1.05E0);
#631=CIRCLE('',#630,5.E-1);
#644=CIRCLE('',#643,5.E-1);
#653=CIRCLE('',#652,1.05E0);
#658=CIRCLE('',#657,1.05E0);
#687=CIRCLE('',#686,1.05E0);
#717=B_SPLINE_CURVE_WITH_KNOTS('',3,(#704,#705,#706,#707,#708,#709,#710,#711,
#712,#713,#714,#715,#716),.UNSPECIFIED.,.F.,.F.,(4,1,1,1,1,1,1,1,1,1,4),(0.E0,
1.E-1,2.E-1,3.E-1,4.E-1,5.E-1,6.E-1,7.E-1,8.E-1,9.E-1,1.E0),.UNSPECIFIED.);
#742=CIRCLE('',#741,1.05E0);
#747=CIRCLE('',#746,1.05E0);
#752=CIRCLE('',#751,1.25E0);
#757=CIRCLE('',#756,1.25E0);
#775=B_SPLINE_CURVE_WITH_KNOTS('',3,(#762,#763,#764,#765,#766,#767,#768,#769,
#770,#771,#772,#773,#774),.UNSPECIFIED.,.F.,.F.,(4,1,1,1,1,1,1,1,1,1,4),(0.E0,
1.E-1,2.E-1,3.E-1,4.E-1,5.E-1,6.E-1,7.E-1,8.E-1,9.E-1,1.E0),.UNSPECIFIED.);
#804=CIRCLE('',#803,1.05E0);
#809=CIRCLE('',#808,1.05E0);
#832=B_SPLINE_CURVE_WITH_KNOTS('',3,(#810,#811,#812,#813,#814,#815,#816,#817,
#818,#819,#820,#821,#822,#823,#824,#825,#826,#827,#828,#829,#830,#831),
.UNSPECIFIED.,.F.,.F.,(4,1,1,1,1,1,1,1,1,1,1,1,1,1,1,1,1,1,1,4),(0.E0,
5.263157894737E-2,1.052631578947E-1,1.578947368421E-1,2.105263157895E-1,
2.631578947368E-1,3.157894736842E-1,3.684210526316E-1,4.210526315789E-1,
4.736842105263E-1,5.263157894737E-1,5.789473684211E-1,6.315789473684E-1,
6.842105263158E-1,7.368421052632E-1,7.894736842105E-1,8.421052631579E-1,
8.947368421053E-1,9.473684210526E-1,1.E0),.UNSPECIFIED.);
#854=B_SPLINE_CURVE_WITH_KNOTS('',3,(#833,#834,#835,#836,#837,#838,#839,#840,
#841,#842,#843,#844,#845,#846,#847,#848,#849,#850,#851,#852,#853),.UNSPECIFIED.,
.F.,.F.,(4,1,1,1,1,1,1,1,1,1,1,1,1,1,1,1,1,1,4),(0.E0,5.555555555556E-2,
1.111111111111E-1,1.666666666667E-1,2.222222222222E-1,2.777777777778E-1,
3.333333333333E-1,3.888888888889E-1,4.444444444444E-1,5.E-1,5.555555555556E-1,
6.111111111111E-1,6.666666666667E-1,7.222222222222E-1,7.777777777778E-1,
8.333333333333E-1,8.888888888889E-1,9.444444444444E-1,1.E0),.UNSPECIFIED.);
#896=B_SPLINE_CURVE_WITH_KNOTS('',3,(#883,#884,#885,#886,#887,#888,#889,#890,
#891,#892,#893,#894,#895),.UNSPECIFIED.,.F.,.F.,(4,1,1,1,1,1,1,1,1,1,4),(0.E0,
1.E-1,2.E-1,3.E-1,4.E-1,5.E-1,6.E-1,7.E-1,8.E-1,9.E-1,1.E0),.UNSPECIFIED.);
#925=CIRCLE('',#924,1.E0);
#930=CIRCLE('',#929,1.E0);
#935=CIRCLE('',#934,1.25E0);
#940=CIRCLE('',#939,1.25E0);
#947=B_SPLINE_CURVE_WITH_KNOTS('',3,(#941,#942,#943,#944,#945,#946),
.UNSPECIFIED.,.F.,.F.,(4,1,1,4),(0.E0,3.333333333333E-1,6.666666666667E-1,1.E0),
.UNSPECIFIED.);
#954=B_SPLINE_CURVE_WITH_KNOTS('',3,(#948,#949,#950,#951,#952,#953),
.UNSPECIFIED.,.F.,.F.,(4,1,1,4),(0.E0,3.333333333333E-1,6.666666666667E-1,1.E0),
.UNSPECIFIED.);
#967=CIRCLE('',#966,1.05E0);
#972=CIRCLE('',#971,1.05E0);
#977=CIRCLE('',#976,1.25E0);
#982=CIRCLE('',#981,1.25E0);
#1012=B_SPLINE_CURVE_WITH_KNOTS('',3,(#999,#1000,#1001,#1002,#1003,#1004,#1005,
#1006,#1007,#1008,#1009,#1010,#1011),.UNSPECIFIED.,.F.,.F.,(4,1,1,1,1,1,1,1,1,1,
4),(0.E0,1.E-1,2.E-1,3.E-1,4.E-1,5.E-1,6.E-1,7.E-1,8.E-1,9.E-1,1.E0),
.UNSPECIFIED.);
#1035=B_SPLINE_CURVE_WITH_KNOTS('',3,(#1013,#1014,#1015,#1016,#1017,#1018,#1019,
#1020,#1021,#1022,#1023,#1024,#1025,#1026,#1027,#1028,#1029,#1030,#1031,#1032,
#1033,#1034),.UNSPECIFIED.,.F.,.F.,(4,1,1,1,1,1,1,1,1,1,1,1,1,1,1,1,1,1,1,4),(
0.E0,5.263157894737E-2,1.052631578947E-1,1.578947368421E-1,2.105263157895E-1,
2.631578947368E-1,3.157894736842E-1,3.684210526316E-1,4.210526315789E-1,
4.736842105263E-1,5.263157894737E-1,5.789473684211E-1,6.315789473684E-1,
6.842105263158E-1,7.368421052632E-1,7.894736842105E-1,8.421052631579E-1,
8.947368421053E-1,9.473684210526E-1,1.E0),.UNSPECIFIED.);
#1057=B_SPLINE_CURVE_WITH_KNOTS('',3,(#1036,#1037,#1038,#1039,#1040,#1041,#1042,
#1043,#1044,#1045,#1046,#1047,#1048,#1049,#1050,#1051,#1052,#1053,#1054,#1055,
#1056),.UNSPECIFIED.,.F.,.F.,(4,1,1,1,1,1,1,1,1,1,1,1,1,1,1,1,1,1,4),(0.E0,
5.555555555556E-2,1.111111111111E-1,1.666666666667E-1,2.222222222222E-1,
2.777777777778E-1,3.333333333333E-1,3.888888888889E-1,4.444444444444E-1,5.E-1,
5.555555555556E-1,6.111111111111E-1,6.666666666667E-1,7.222222222222E-1,
7.777777777778E-1,8.333333333333E-1,8.888888888889E-1,9.444444444444E-1,1.E0),
.UNSPECIFIED.);
#1062=CIRCLE('',#1061,1.05E0);
#1067=CIRCLE('',#1066,1.05E0);
#1076=CIRCLE('',#1075,1.25E0);
#1081=CIRCLE('',#1080,1.25E0);
#1090=CIRCLE('',#1089,1.05E0);
#1095=CIRCLE('',#1094,1.05E0);
#1104=CIRCLE('',#1103,1.E0);
#1109=CIRCLE('',#1108,1.E0);
#1116=B_SPLINE_CURVE_WITH_KNOTS('',3,(#1110,#1111,#1112,#1113,#1114,#1115),
.UNSPECIFIED.,.F.,.F.,(4,1,1,4),(0.E0,3.333333333333E-1,6.666666666667E-1,1.E0),
.UNSPECIFIED.);
#1121=CIRCLE('',#1120,1.25E0);
#1126=CIRCLE('',#1125,1.25E0);
#1133=B_SPLINE_CURVE_WITH_KNOTS('',3,(#1127,#1128,#1129,#1130,#1131,#1132),
.UNSPECIFIED.,.F.,.F.,(4,1,1,4),(0.E0,3.333333333333E-1,6.666666666667E-1,1.E0),
.UNSPECIFIED.);
#1162=CIRCLE('',#1161,8.E-1);
#1171=CIRCLE('',#1170,8.E-1);
#1198=B_SPLINE_CURVE_WITH_KNOTS('',3,(#1188,#1189,#1190,#1191,#1192,#1193,#1194,
#1195,#1196,#1197),.UNSPECIFIED.,.F.,.F.,(4,1,1,1,1,1,1,4),(0.E0,
1.428571428571E-1,2.857142857143E-1,4.285714285714E-1,5.714285714286E-1,
7.142857142857E-1,8.571428571429E-1,1.E0),.UNSPECIFIED.);
#1223=B_SPLINE_CURVE_WITH_KNOTS('',3,(#1215,#1216,#1217,#1218,#1219,#1220,#1221,
#1222),.UNSPECIFIED.,.F.,.F.,(4,1,1,1,1,4),(0.E0,2.E-1,4.E-1,6.E-1,8.E-1,1.E0),
.UNSPECIFIED.);
#1240=B_SPLINE_CURVE_WITH_KNOTS('',3,(#1232,#1233,#1234,#1235,#1236,#1237,#1238,
#1239),.UNSPECIFIED.,.F.,.F.,(4,1,1,1,1,4),(0.E0,2.E-1,4.E-1,6.E-1,8.E-1,1.E0),
.UNSPECIFIED.);
#1259=B_SPLINE_CURVE_WITH_KNOTS('',3,(#1249,#1250,#1251,#1252,#1253,#1254,#1255,
#1256,#1257,#1258),.UNSPECIFIED.,.F.,.F.,(4,1,1,1,1,1,1,4),(0.E0,
1.428571428571E-1,2.857142857143E-1,4.285714285714E-1,5.714285714286E-1,
7.142857142857E-1,8.571428571429E-1,1.E0),.UNSPECIFIED.);
#1278=B_SPLINE_CURVE_WITH_KNOTS('',3,(#1268,#1269,#1270,#1271,#1272,#1273,#1274,
#1275,#1276,#1277),.UNSPECIFIED.,.F.,.F.,(4,1,1,1,1,1,1,4),(0.E0,
1.428571428571E-1,2.857142857143E-1,4.285714285714E-1,5.714285714286E-1,
7.142857142857E-1,8.571428571429E-1,1.E0),.UNSPECIFIED.);
#1297=B_SPLINE_CURVE_WITH_KNOTS('',3,(#1287,#1288,#1289,#1290,#1291,#1292,#1293,
#1294,#1295,#1296),.UNSPECIFIED.,.F.,.F.,(4,1,1,1,1,1,1,4),(0.E0,
1.428571428571E-1,2.857142857143E-1,4.285714285714E-1,5.714285714286E-1,
7.142857142857E-1,8.571428571429E-1,1.E0),.UNSPECIFIED.);
#1316=B_SPLINE_CURVE_WITH_KNOTS('',3,(#1306,#1307,#1308,#1309,#1310,#1311,#1312,
#1313,#1314,#1315),.UNSPECIFIED.,.F.,.F.,(4,1,1,1,1,1,1,4),(0.E0,
1.428571428571E-1,2.857142857143E-1,4.285714285714E-1,5.714285714286E-1,
7.142857142857E-1,8.571428571429E-1,1.E0),.UNSPECIFIED.);
#1333=CIRCLE('',#1332,2.E-1);
#1354=CIRCLE('',#1353,5.E-1);
#1371=CIRCLE('',#1370,2.E-1);
#1392=CIRCLE('',#1391,2.35E-1);
#1397=CIRCLE('',#1396,2.35E-1);
#1402=CIRCLE('',#1401,2.35E-1);
#1407=CIRCLE('',#1406,2.35E-1);
#1412=CIRCLE('',#1411,2.35E-1);
#1417=CIRCLE('',#1416,2.325E-1);
#1454=CIRCLE('',#1453,2.325E-1);
#1459=CIRCLE('',#1458,6.500519187203E-2);
#1484=CIRCLE('',#1483,2.35E-1);
#1493=CIRCLE('',#1492,2.325E-1);
#1538=CIRCLE('',#1537,2.325E-1);
#1547=CIRCLE('',#1546,2.35E-1);
#1556=CIRCLE('',#1555,2.35E-1);
#1565=CIRCLE('',#1564,2.35E-1);
#1574=CIRCLE('',#1573,2.35E-1);
#1587=CIRCLE('',#1586,6.500338938864E-2);
#1600=CIRCLE('',#1599,6.500519187203E-2);
#1629=CIRCLE('',#1628,6.500338938864E-2);
#1642=CIRCLE('',#1641,6.500519187200E-2);
#1671=CIRCLE('',#1670,6.500338938861E-2);
#1684=CIRCLE('',#1683,6.500519187200E-2);
#1713=CIRCLE('',#1712,6.500338938861E-2);
#1730=CIRCLE('',#1729,6.500338652187E-2);
#1755=CIRCLE('',#1754,6.500518717617E-2);
#1772=CIRCLE('',#1771,6.750320457247E-2);
#1793=CIRCLE('',#1792,6.750499736668E-2);
#1806=CIRCLE('',#1805,2.325000000001E-1);
#1811=CIRCLE('',#1810,2.325E-1);
#1824=CIRCLE('',#1823,2.35E-1);
#1829=CIRCLE('',#1828,2.35E-1);
#1842=CIRCLE('',#1841,2.349999999999E-1);
#1847=CIRCLE('',#1846,2.35E-1);
#1860=CIRCLE('',#1859,2.35E-1);
#1865=CIRCLE('',#1864,2.35E-1);
#1878=CIRCLE('',#1877,2.35E-1);
#1883=CIRCLE('',#1882,2.35E-1);
#1896=CIRCLE('',#1895,2.35E-1);
#1901=CIRCLE('',#1900,2.35E-1);
#1914=CIRCLE('',#1913,6.750320749597E-2);
#1927=CIRCLE('',#1926,6.750500213481E-2);
#1936=CIRCLE('',#1935,2.325E-1);
#1941=CIRCLE('',#1940,2.325E-1);
#2002=CIRCLE('',#2001,1.5E-1);
#2007=CIRCLE('',#2006,1.5E-1);
#2024=CIRCLE('',#2023,2.35E-1);
#2029=CIRCLE('',#2028,2.35E-1);
#2042=CIRCLE('',#2041,1.5E-1);
#2047=CIRCLE('',#2046,1.5E-1);
#2060=CIRCLE('',#2059,1.5E-1);
#2065=CIRCLE('',#2064,1.5E-1);
#2082=CIRCLE('',#2081,2.35E-1);
#2087=CIRCLE('',#2086,2.35E-1);
#2100=CIRCLE('',#2099,1.5E-1);
#2105=CIRCLE('',#2104,1.5E-1);
#2118=CIRCLE('',#2117,1.5E-1);
#2123=CIRCLE('',#2122,1.5E-1);
#2140=CIRCLE('',#2139,2.35E-1);
#2145=CIRCLE('',#2144,2.35E-1);
#2158=CIRCLE('',#2157,1.5E-1);
#2167=CIRCLE('',#2166,1.5E-1);
#2193=B_SPLINE_CURVE_WITH_KNOTS('',3,(#2172,#2173,#2174,#2175,#2176,#2177,#2178,
#2179,#2180,#2181,#2182,#2183,#2184,#2185,#2186,#2187,#2188,#2189,#2190,#2191,
#2192),.UNSPECIFIED.,.F.,.F.,(4,1,1,1,1,1,1,1,1,1,1,1,1,1,1,1,1,1,4),(0.E0,
5.555555555556E-2,1.111111111111E-1,1.666666666667E-1,2.222222222222E-1,
2.777777777778E-1,3.333333333333E-1,3.888888888889E-1,4.444444444444E-1,5.E-1,
5.555555555556E-1,6.111111111111E-1,6.666666666667E-1,7.222222222222E-1,
7.777777777778E-1,8.333333333333E-1,8.888888888889E-1,9.444444444444E-1,1.E0),
.UNSPECIFIED.);
#2210=CIRCLE('',#2209,2.35E-1);
#2231=CIRCLE('',#2230,5.03E-1);
#2236=CIRCLE('',#2235,5.03E-1);
#2249=CIRCLE('',#2248,3.499996628100E-1);
#2289=B_SPLINE_CURVE_WITH_KNOTS('',3,(#2282,#2283,#2284,#2285,#2286,#2287,
#2288),.UNSPECIFIED.,.F.,.F.,(4,1,1,1,4),(0.E0,5.E-1,7.5E-1,8.75E-1,1.E0),
.UNSPECIFIED.);
#2297=B_SPLINE_CURVE_WITH_KNOTS('',3,(#2290,#2291,#2292,#2293,#2294,#2295,
#2296),.UNSPECIFIED.,.F.,.F.,(4,1,1,1,4),(0.E0,1.25E-1,2.5E-1,5.E-1,1.E0),
.UNSPECIFIED.);
#2310=CIRCLE('',#2309,5.E-1);
#2315=CIRCLE('',#2314,1.5E-1);
#2320=CIRCLE('',#2319,1.5E-1);
#2357=CIRCLE('',#2356,5.E-1);
#2362=CIRCLE('',#2361,5.E-1);
#2375=CIRCLE('',#2374,2.E-1);
#2388=CIRCLE('',#2387,5.E-1);
#2417=CIRCLE('',#2416,2.E-1);
#2448=B_SPLINE_CURVE_WITH_KNOTS('',3,(#2438,#2439,#2440,#2441,#2442,#2443,#2444,
#2445,#2446,#2447),.UNSPECIFIED.,.F.,.F.,(4,1,1,1,1,1,1,4),(0.E0,
1.428571428571E-1,2.857142857143E-1,4.285714285714E-1,5.714285714286E-1,
7.142857142857E-1,8.571428571429E-1,1.E0),.UNSPECIFIED.);
#2463=B_SPLINE_CURVE_WITH_KNOTS('',3,(#2453,#2454,#2455,#2456,#2457,#2458,#2459,
#2460,#2461,#2462),.UNSPECIFIED.,.F.,.F.,(4,1,1,1,1,1,1,4),(0.E0,
1.428571428571E-1,2.857142857143E-1,4.285714285714E-1,5.714285714286E-1,
7.142857142857E-1,8.571428571429E-1,1.E0),.UNSPECIFIED.);
#2482=B_SPLINE_CURVE_WITH_KNOTS('',3,(#2472,#2473,#2474,#2475,#2476,#2477,#2478,
#2479,#2480,#2481),.UNSPECIFIED.,.F.,.F.,(4,1,1,1,1,1,1,4),(0.E0,
1.428571428571E-1,2.857142857143E-1,4.285714285714E-1,5.714285714286E-1,
7.142857142857E-1,8.571428571429E-1,1.E0),.UNSPECIFIED.);
#2511=B_SPLINE_CURVE_WITH_KNOTS('',3,(#2507,#2508,#2509,#2510),.UNSPECIFIED.,
.F.,.F.,(4,4),(0.E0,1.E0),.UNSPECIFIED.);
#2520=B_SPLINE_CURVE_WITH_KNOTS('',3,(#2516,#2517,#2518,#2519),.UNSPECIFIED.,
.F.,.F.,(4,4),(0.E0,1.E0),.UNSPECIFIED.);
#2629=CIRCLE('',#2628,5.E-1);
#2634=CIRCLE('',#2633,1.5E-1);
#2639=CIRCLE('',#2638,1.5E-1);
#2652=CIRCLE('',#2651,5.E-1);
#2657=CIRCLE('',#2656,1.5E-1);
#2662=CIRCLE('',#2661,1.5E-1);
#2683=CIRCLE('',#2682,3.499996628100E-1);
#2692=CIRCLE('',#2691,5.03E-1);
#2697=CIRCLE('',#2696,5.03E-1);
#2730=CIRCLE('',#2729,5.03E-1);
#2735=CIRCLE('',#2734,5.03E-1);
#2748=CIRCLE('',#2747,3.499996628100E-1);
#2776=B_SPLINE_CURVE_WITH_KNOTS('',3,(#2769,#2770,#2771,#2772,#2773,#2774,
#2775),.UNSPECIFIED.,.F.,.F.,(4,1,1,1,4),(0.E0,5.E-1,7.5E-1,8.75E-1,1.E0),
.UNSPECIFIED.);
#2784=B_SPLINE_CURVE_WITH_KNOTS('',3,(#2777,#2778,#2779,#2780,#2781,#2782,
#2783),.UNSPECIFIED.,.F.,.F.,(4,1,1,1,4),(0.E0,1.25E-1,2.5E-1,5.E-1,1.E0),
.UNSPECIFIED.);
#2797=CIRCLE('',#2796,5.E-1);
#2802=CIRCLE('',#2801,1.5E-1);
#2807=CIRCLE('',#2806,1.5E-1);
#2820=CIRCLE('',#2819,5.E-1);
#2825=CIRCLE('',#2824,1.5E-1);
#2830=CIRCLE('',#2829,1.5E-1);
#2847=CIRCLE('',#2846,3.499996628100E-1);
#2856=CIRCLE('',#2855,5.03E-1);
#2861=CIRCLE('',#2860,5.03E-1);
#2891=B_SPLINE_CURVE_WITH_KNOTS('',3,(#2870,#2871,#2872,#2873,#2874,#2875,#2876,
#2877,#2878,#2879,#2880,#2881,#2882,#2883,#2884,#2885,#2886,#2887,#2888,#2889,
#2890),.UNSPECIFIED.,.F.,.F.,(4,1,1,1,1,1,1,1,1,1,1,1,1,1,1,1,1,1,4),(0.E0,
5.555555555556E-2,1.111111111111E-1,1.666666666667E-1,2.222222222222E-1,
2.777777777778E-1,3.333333333333E-1,3.888888888889E-1,4.444444444444E-1,5.E-1,
5.555555555556E-1,6.111111111111E-1,6.666666666667E-1,7.222222222222E-1,
7.777777777778E-1,8.333333333333E-1,8.888888888889E-1,9.444444444444E-1,1.E0),
.UNSPECIFIED.);
#2908=CIRCLE('',#2907,2.35E-1);
#2933=CIRCLE('',#2932,5.03E-1);
#2938=CIRCLE('',#2937,5.03E-1);
#2951=CIRCLE('',#2950,3.499996628100E-1);
#3004=CIRCLE('',#3003,2.35E-1);
#3009=CIRCLE('',#3008,2.35E-1);
#3022=CIRCLE('',#3021,2.35E-1);
#3027=CIRCLE('',#3026,2.35E-1);
#3048=CIRCLE('',#3047,2.35E-1);
#3053=CIRCLE('',#3052,2.35E-1);
#3066=CIRCLE('',#3065,2.35E-1);
#3071=CIRCLE('',#3070,2.35E-1);
#3084=CIRCLE('',#3083,2.35E-1);
#3089=CIRCLE('',#3088,2.35E-1);
#3102=CIRCLE('',#3101,2.35E-1);
#3107=CIRCLE('',#3106,2.35E-1);
#3228=CIRCLE('',#3227,2.35E-1);
#3257=CIRCLE('',#3256,2.35E-1);
#3326=CIRCLE('',#3325,5.03E-1);
#3331=CIRCLE('',#3330,5.03E-1);
#3344=CIRCLE('',#3343,3.499996628100E-1);
#3369=CIRCLE('',#3368,3.499996628100E-1);
#3378=CIRCLE('',#3377,5.03E-1);
#3383=CIRCLE('',#3382,5.03E-1);
#3415=B_SPLINE_CURVE_WITH_KNOTS('',3,(#3408,#3409,#3410,#3411,#3412,#3413,
#3414),.UNSPECIFIED.,.F.,.F.,(4,1,1,1,4),(0.E0,1.25E-1,2.5E-1,5.E-1,1.E0),
.UNSPECIFIED.);
#3423=B_SPLINE_CURVE_WITH_KNOTS('',3,(#3416,#3417,#3418,#3419,#3420,#3421,
#3422),.UNSPECIFIED.,.F.,.F.,(4,1,1,1,4),(0.E0,5.E-1,7.5E-1,8.75E-1,1.E0),
.UNSPECIFIED.);
#3436=CIRCLE('',#3435,5.E-1);
#3441=CIRCLE('',#3440,1.5E-1);
#3446=CIRCLE('',#3445,1.5E-1);
#3463=CIRCLE('',#3462,5.E-1);
#3468=CIRCLE('',#3467,5.E-1);
#3497=CIRCLE('',#3496,5.E-1);
#3502=CIRCLE('',#3501,1.5E-1);
#3507=CIRCLE('',#3506,1.5E-1);
#3552=CIRCLE('',#3551,5.03E-1);
#3557=CIRCLE('',#3556,5.03E-1);
#3570=CIRCLE('',#3569,3.499996628100E-1);
#3587=CIRCLE('',#3586,2.35E-1);
#3617=B_SPLINE_CURVE_WITH_KNOTS('',3,(#3596,#3597,#3598,#3599,#3600,#3601,#3602,
#3603,#3604,#3605,#3606,#3607,#3608,#3609,#3610,#3611,#3612,#3613,#3614,#3615,
#3616),.UNSPECIFIED.,.F.,.F.,(4,1,1,1,1,1,1,1,1,1,1,1,1,1,1,1,1,1,4),(0.E0,
5.555555555556E-2,1.111111111111E-1,1.666666666667E-1,2.222222222222E-1,
2.777777777778E-1,3.333333333333E-1,3.888888888889E-1,4.444444444444E-1,5.E-1,
5.555555555556E-1,6.111111111111E-1,6.666666666667E-1,7.222222222222E-1,
7.777777777778E-1,8.333333333333E-1,8.888888888889E-1,9.444444444444E-1,1.E0),
.UNSPECIFIED.);
#3646=CIRCLE('',#3645,2.35E-1);
#3655=CIRCLE('',#3654,3.499996628100E-1);
#3664=CIRCLE('',#3663,5.03E-1);
#3669=CIRCLE('',#3668,5.03E-1);
#3714=CIRCLE('',#3713,5.03E-1);
#3719=CIRCLE('',#3718,5.03E-1);
#3732=CIRCLE('',#3731,3.499996628100E-1);
#3757=CIRCLE('',#3756,3.499996628100E-1);
#3766=CIRCLE('',#3765,5.03E-1);
#3771=CIRCLE('',#3770,5.03E-1);
#3803=B_SPLINE_CURVE_WITH_KNOTS('',3,(#3796,#3797,#3798,#3799,#3800,#3801,
#3802),.UNSPECIFIED.,.F.,.F.,(4,1,1,1,4),(0.E0,5.E-1,7.5E-1,8.75E-1,1.E0),
.UNSPECIFIED.);
#3811=B_SPLINE_CURVE_WITH_KNOTS('',3,(#3804,#3805,#3806,#3807,#3808,#3809,
#3810),.UNSPECIFIED.,.F.,.F.,(4,1,1,1,4),(0.E0,1.25E-1,2.5E-1,5.E-1,1.E0),
.UNSPECIFIED.);
#3824=CIRCLE('',#3823,5.E-1);
#3829=CIRCLE('',#3828,1.5E-1);
#3834=CIRCLE('',#3833,1.5E-1);
#3867=CIRCLE('',#3866,5.E-1);
#3872=CIRCLE('',#3871,1.5E-1);
#3877=CIRCLE('',#3876,1.5E-1);
#3893=B_SPLINE_CURVE_WITH_KNOTS('',3,(#3886,#3887,#3888,#3889,#3890,#3891,
#3892),.UNSPECIFIED.,.F.,.F.,(4,1,1,1,4),(0.E0,5.E-1,7.5E-1,8.75E-1,1.E0),
.UNSPECIFIED.);
#3901=B_SPLINE_CURVE_WITH_KNOTS('',3,(#3894,#3895,#3896,#3897,#3898,#3899,
#3900),.UNSPECIFIED.,.F.,.F.,(4,1,1,1,4),(0.E0,1.25E-1,2.5E-1,5.E-1,1.E0),
.UNSPECIFIED.);
#3938=CIRCLE('',#3937,5.E-1);
#3943=CIRCLE('',#3942,1.5E-1);
#3948=CIRCLE('',#3947,1.5E-1);
#3961=CIRCLE('',#3960,5.E-1);
#3966=CIRCLE('',#3965,1.5E-1);
#3971=CIRCLE('',#3970,1.5E-1);
#3987=B_SPLINE_CURVE_WITH_KNOTS('',3,(#3980,#3981,#3982,#3983,#3984,#3985,
#3986),.UNSPECIFIED.,.F.,.F.,(4,1,1,1,4),(0.E0,5.E-1,7.5E-1,8.75E-1,1.E0),
.UNSPECIFIED.);
#3995=B_SPLINE_CURVE_WITH_KNOTS('',3,(#3988,#3989,#3990,#3991,#3992,#3993,
#3994),.UNSPECIFIED.,.F.,.F.,(4,1,1,1,4),(0.E0,1.25E-1,2.5E-1,5.E-1,1.E0),
.UNSPECIFIED.);
#4008=CIRCLE('',#4007,5.E-1);
#4013=CIRCLE('',#4012,1.5E-1);
#4018=CIRCLE('',#4017,1.5E-1);
#4239=CIRCLE('',#4238,1.25E0);
#4244=CIRCLE('',#4243,1.25E0);
#4253=CIRCLE('',#4252,1.05E0);
#4258=CIRCLE('',#4257,1.05E0);
#4273=B_SPLINE_CURVE_WITH_KNOTS('',3,(#4267,#4268,#4269,#4270,#4271,#4272),
.UNSPECIFIED.,.F.,.F.,(4,1,1,4),(0.E0,3.333333333333E-1,6.666666666667E-1,1.E0),
.UNSPECIFIED.);
#4278=CIRCLE('',#4277,1.25E0);
#4283=CIRCLE('',#4282,1.25E0);
#4290=B_SPLINE_CURVE_WITH_KNOTS('',3,(#4284,#4285,#4286,#4287,#4288,#4289),
.UNSPECIFIED.,.F.,.F.,(4,1,1,4),(0.E0,3.333333333333E-1,6.666666666667E-1,1.E0),
.UNSPECIFIED.);
#4295=CIRCLE('',#4294,1.E0);
#4300=CIRCLE('',#4299,1.E0);
#4313=CIRCLE('',#4312,1.25E0);
#4318=CIRCLE('',#4317,1.25E0);
#4325=B_SPLINE_CURVE_WITH_KNOTS('',3,(#4319,#4320,#4321,#4322,#4323,#4324),
.UNSPECIFIED.,.F.,.F.,(4,1,1,4),(0.E0,3.333333333333E-1,6.666666666667E-1,1.E0),
.UNSPECIFIED.);
#4332=B_SPLINE_CURVE_WITH_KNOTS('',3,(#4326,#4327,#4328,#4329,#4330,#4331),
.UNSPECIFIED.,.F.,.F.,(4,1,1,4),(0.E0,3.333333333333E-1,6.666666666667E-1,1.E0),
.UNSPECIFIED.);
#4341=CIRCLE('',#4340,1.E0);
#4346=CIRCLE('',#4345,1.E0);
#4455=CIRCLE('',#4454,1.406318059462E-1);
#4460=CIRCLE('',#4459,1.406318059462E-1);
#4489=CIRCLE('',#4488,1.406318059462E-1);
#4494=CIRCLE('',#4493,1.406318059462E-1);
#7196=EDGE_CURVE('',#5541,#5542,#4,.T.);
#7198=EDGE_CURVE('',#5544,#5542,#666,.T.);
#7200=EDGE_CURVE('',#5546,#5544,#878,.T.);
#7202=EDGE_CURVE('',#5546,#5548,#9,.T.);
#7204=EDGE_CURVE('',#5550,#5548,#866,.T.);
#7206=EDGE_CURVE('',#5550,#5552,#14,.T.);
#7208=EDGE_CURVE('',#5554,#5552,#795,.T.);
#7210=EDGE_CURVE('',#5556,#5554,#682,.T.);
#7212=EDGE_CURVE('',#5556,#5558,#18,.T.);
#7214=EDGE_CURVE('',#5541,#5558,#522,.T.);
#7218=EDGE_CURVE('',#5561,#5562,#2580,.T.);
#7220=EDGE_CURVE('',#5564,#5561,#2506,.T.);
#7222=EDGE_CURVE('',#5564,#5566,#22,.T.);
#7224=EDGE_CURVE('',#5566,#5562,#26,.T.);
#7228=EDGE_CURVE('',#5569,#5570,#30,.T.);
#7230=EDGE_CURVE('',#5570,#5572,#34,.T.);
#7232=EDGE_CURVE('',#5572,#5574,#38,.T.);
#7234=EDGE_CURVE('',#5574,#5569,#42,.T.);
#7238=EDGE_CURVE('',#5577,#5578,#46,.T.);
#7240=EDGE_CURVE('',#5578,#5580,#50,.T.);
#7242=EDGE_CURVE('',#5580,#5582,#54,.T.);
#7244=EDGE_CURVE('',#5582,#5577,#58,.T.);
#7248=EDGE_CURVE('',#5585,#5586,#62,.T.);
#7250=EDGE_CURVE('',#5586,#5588,#66,.T.);
#7252=EDGE_CURVE('',#5588,#5590,#70,.T.);
#7254=EDGE_CURVE('',#5590,#5585,#74,.T.);
#7258=EDGE_CURVE('',#5593,#5594,#78,.T.);
#7260=EDGE_CURVE('',#5594,#5596,#82,.T.);
#7262=EDGE_CURVE('',#5596,#5598,#86,.T.);
#7264=EDGE_CURVE('',#5598,#5593,#90,.T.);
#7268=EDGE_CURVE('',#5601,#5602,#94,.T.);
#7270=EDGE_CURVE('',#5602,#5604,#98,.T.);
#7272=EDGE_CURVE('',#5604,#5606,#102,.T.);
#7274=EDGE_CURVE('',#5606,#5601,#106,.T.);
#7278=EDGE_CURVE('',#5609,#5610,#110,.T.);
#7280=EDGE_CURVE('',#5610,#5612,#114,.T.);
#7282=EDGE_CURVE('',#5612,#5614,#118,.T.);
#7284=EDGE_CURVE('',#5614,#5609,#122,.T.);
#7288=EDGE_CURVE('',#5617,#5618,#126,.T.);
#7290=EDGE_CURVE('',#5620,#5618,#4438,.T.);
#7292=EDGE_CURVE('',#5620,#5622,#130,.T.);
#7294=EDGE_CURVE('',#5624,#5622,#4426,.T.);
#7296=EDGE_CURVE('',#5624,#5626,#134,.T.);
#7298=EDGE_CURVE('',#5628,#5626,#4414,.T.);
#7300=EDGE_CURVE('',#5628,#5630,#138,.T.);
#7302=EDGE_CURVE('',#5632,#5630,#4406,.T.);
#7304=EDGE_CURVE('',#5632,#5634,#143,.T.);
#7306=EDGE_CURVE('',#5634,#5636,#148,.T.);
#7308=EDGE_CURVE('',#5636,#5638,#152,.T.);
#7310=EDGE_CURVE('',#5640,#5638,#4386,.T.);
#7312=EDGE_CURVE('',#5640,#5642,#156,.T.);
#7314=EDGE_CURVE('',#5644,#5642,#4374,.T.);
#7316=EDGE_CURVE('',#5644,#5646,#160,.T.);
#7318=EDGE_CURVE('',#5648,#5646,#4366,.T.);
#7320=EDGE_CURVE('',#5648,#5650,#165,.T.);
#7322=EDGE_CURVE('',#5650,#5652,#170,.T.);
#7324=EDGE_CURVE('',#5652,#5617,#174,.T.);
#7328=EDGE_CURVE('',#5655,#5656,#178,.T.);
#7330=EDGE_CURVE('',#5656,#5658,#182,.T.);
#7332=EDGE_CURVE('',#5660,#5658,#4842,.T.);
#7334=EDGE_CURVE('',#5660,#5662,#186,.T.);
#7336=EDGE_CURVE('',#5662,#5664,#190,.T.);
#7338=EDGE_CURVE('',#5664,#5666,#194,.T.);
#7340=EDGE_CURVE('',#5666,#5668,#198,.T.);
#7342=EDGE_CURVE('',#5668,#5670,#202,.T.);
#7344=EDGE_CURVE('',#5670,#5672,#206,.T.);
#7346=EDGE_CURVE('',#5674,#5672,#4810,.T.);
#7348=EDGE_CURVE('',#5674,#5676,#210,.T.);
#7350=EDGE_CURVE('',#5676,#5678,#214,.T.);
#7352=EDGE_CURVE('',#5678,#5680,#218,.T.);
#7354=EDGE_CURVE('',#5680,#5682,#222,.T.);
#7356=EDGE_CURVE('',#5684,#5682,#4786,.T.);
#7358=EDGE_CURVE('',#5684,#5686,#226,.T.);
#7360=EDGE_CURVE('',#5686,#5688,#230,.T.);
#7362=EDGE_CURVE('',#5688,#5690,#234,.T.);
#7364=EDGE_CURVE('',#5690,#5692,#238,.T.);
#7366=EDGE_CURVE('',#5694,#5692,#4762,.T.);
#7368=EDGE_CURVE('',#5694,#5696,#242,.T.);
#7370=EDGE_CURVE('',#5696,#5698,#246,.T.);
#7372=EDGE_CURVE('',#5698,#5700,#250,.T.);
#7374=EDGE_CURVE('',#5702,#5700,#4742,.T.);
#7376=EDGE_CURVE('',#5702,#5704,#254,.T.);
#7378=EDGE_CURVE('',#5704,#5706,#258,.T.);
#7380=EDGE_CURVE('',#5706,#5708,#262,.T.);
#7382=EDGE_CURVE('',#5710,#5708,#4722,.T.);
#7384=EDGE_CURVE('',#5710,#5712,#266,.T.);
#7386=EDGE_CURVE('',#5712,#5714,#270,.T.);
#7388=EDGE_CURVE('',#5714,#5716,#274,.T.);
#7390=EDGE_CURVE('',#5718,#5716,#4702,.T.);
#7392=EDGE_CURVE('',#5720,#5718,#4694,.T.);
#7394=EDGE_CURVE('',#5722,#5720,#4686,.T.);
#7396=EDGE_CURVE('',#5722,#5724,#278,.T.);
#7398=EDGE_CURVE('',#5724,#5726,#282,.T.);
#7400=EDGE_CURVE('',#5726,#5728,#286,.T.);
#7402=EDGE_CURVE('',#5730,#5728,#4666,.T.);
#7404=EDGE_CURVE('',#5730,#5732,#290,.T.);
#7406=EDGE_CURVE('',#5732,#5734,#294,.T.);
#7408=EDGE_CURVE('',#5734,#5736,#298,.T.);
#7410=EDGE_CURVE('',#5736,#5738,#302,.T.);
#7412=EDGE_CURVE('',#5740,#5738,#4642,.T.);
#7414=EDGE_CURVE('',#5740,#5742,#306,.T.);
#7416=EDGE_CURVE('',#5742,#5744,#310,.T.);
#7418=EDGE_CURVE('',#5744,#5746,#314,.T.);
#7420=EDGE_CURVE('',#5746,#5748,#318,.T.);
#7422=EDGE_CURVE('',#5750,#5748,#4618,.T.);
#7424=EDGE_CURVE('',#5750,#5752,#322,.T.);
#7426=EDGE_CURVE('',#5752,#5754,#326,.T.);
#7428=EDGE_CURVE('',#5754,#5756,#330,.T.);
#7430=EDGE_CURVE('',#5756,#5758,#334,.T.);
#7432=EDGE_CURVE('',#5758,#5760,#338,.T.);
#7434=EDGE_CURVE('',#5762,#5760,#4590,.T.);
#7436=EDGE_CURVE('',#5762,#5764,#342,.T.);
#7438=EDGE_CURVE('',#5764,#5766,#346,.T.);
#7440=EDGE_CURVE('',#5766,#5655,#350,.T.);
#7444=EDGE_CURVE('',#5769,#5770,#5082,.T.);
#7446=EDGE_CURVE('',#5772,#5769,#5222,.T.);
#7448=EDGE_CURVE('',#5774,#5772,#5214,.T.);
#7450=EDGE_CURVE('',#5776,#5774,#5206,.T.);
#7452=EDGE_CURVE('',#5776,#5778,#354,.T.);
#7454=EDGE_CURVE('',#5778,#5780,#358,.T.);
#7456=EDGE_CURVE('',#5780,#5782,#362,.T.);
#7458=EDGE_CURVE('',#5784,#5782,#5186,.T.);
#7460=EDGE_CURVE('',#5784,#5786,#366,.T.);
#7462=EDGE_CURVE('',#5786,#5788,#370,.T.);
#7464=EDGE_CURVE('',#5788,#5790,#374,.T.);
#7466=EDGE_CURVE('',#5790,#5792,#378,.T.);
#7468=EDGE_CURVE('',#5794,#5792,#5162,.T.);
#7470=EDGE_CURVE('',#5794,#5796,#382,.T.);
#7472=EDGE_CURVE('',#5796,#5798,#386,.T.);
#7474=EDGE_CURVE('',#5798,#5800,#390,.T.);
#7476=EDGE_CURVE('',#5800,#5802,#394,.T.);
#7478=EDGE_CURVE('',#5804,#5802,#5138,.T.);
#7480=EDGE_CURVE('',#5804,#5806,#398,.T.);
#7482=EDGE_CURVE('',#5806,#5808,#402,.T.);
#7484=EDGE_CURVE('',#5808,#5810,#406,.T.);
#7486=EDGE_CURVE('',#5812,#5810,#5118,.T.);
#7488=EDGE_CURVE('',#5812,#5814,#410,.T.);
#7490=EDGE_CURVE('',#5814,#5816,#414,.T.);
#7492=EDGE_CURVE('',#5816,#5818,#418,.T.);
#7494=EDGE_CURVE('',#5820,#5818,#5098,.T.);
#7496=EDGE_CURVE('',#5820,#5822,#422,.T.);
#7498=EDGE_CURVE('',#5822,#5770,#426,.T.);
#7502=EDGE_CURVE('',#5825,#5826,#5342,.T.);
#7504=EDGE_CURVE('',#5828,#5825,#5382,.T.);
#7506=EDGE_CURVE('',#5830,#5828,#5374,.T.);
#7508=EDGE_CURVE('',#5832,#5830,#5366,.T.);
#7510=EDGE_CURVE('',#5832,#5834,#430,.T.);
#7512=EDGE_CURVE('',#5836,#5834,#5354,.T.);
#7514=EDGE_CURVE('',#5836,#5826,#434,.T.);
#7518=EDGE_CURVE('',#5839,#5840,#5418,.T.);
#7520=EDGE_CURVE('',#5842,#5839,#5442,.T.);
#7522=EDGE_CURVE('',#5844,#5842,#5434,.T.);
#7524=EDGE_CURVE('',#5840,#5844,#5426,.T.);
#7528=EDGE_CURVE('',#5847,#5848,#5466,.T.);
#7530=EDGE_CURVE('',#5850,#5847,#5506,.T.);
#7532=EDGE_CURVE('',#5850,#5852,#438,.T.);
#7534=EDGE_CURVE('',#5854,#5852,#5494,.T.);
#7536=EDGE_CURVE('',#5854,#5856,#442,.T.);
#7538=EDGE_CURVE('',#5858,#5856,#5482,.T.);
#7540=EDGE_CURVE('',#5848,#5858,#5474,.T.);
#7550=EDGE_CURVE('',#5541,#6139,#446,.T.);
#7552=EDGE_CURVE('',#6141,#6139,#3293,.T.);
#7554=EDGE_CURVE('',#6141,#6029,#450,.T.);
#7556=EDGE_CURVE('',#6039,#6029,#3281,.T.);
#7558=EDGE_CURVE('',#6039,#6095,#454,.T.);
#7560=EDGE_CURVE('',#6095,#6143,#458,.T.);
#7562=EDGE_CURVE('',#5542,#6143,#670,.T.);
#7573=EDGE_CURVE('',#6164,#6165,#462,.T.);
#7575=EDGE_CURVE('',#6165,#5973,#466,.T.);
#7577=EDGE_CURVE('',#5971,#5973,#3167,.T.);
#7579=EDGE_CURVE('',#5971,#6167,#470,.T.);
#7581=EDGE_CURVE('',#6167,#6169,#474,.T.);
#7583=EDGE_CURVE('',#6169,#5993,#478,.T.);
#7585=EDGE_CURVE('',#5991,#5993,#3191,.T.);
#7587=EDGE_CURVE('',#6171,#5991,#2869,.T.);
#7589=EDGE_CURVE('',#6171,#6173,#482,.T.);
#7591=EDGE_CURVE('',#6173,#5987,#486,.T.);
#7593=EDGE_CURVE('',#5985,#5987,#2979,.T.);
#7595=EDGE_CURVE('',#5985,#6175,#490,.T.);
#7597=EDGE_CURVE('',#6175,#6177,#494,.T.);
#7599=EDGE_CURVE('',#6177,#6019,#498,.T.);
#7601=EDGE_CURVE('',#6017,#6019,#4086,.T.);
#7603=EDGE_CURVE('',#6179,#6017,#3677,.T.);
#7605=EDGE_CURVE('',#6179,#6181,#502,.T.);
#7607=EDGE_CURVE('',#6181,#6013,#506,.T.);
#7609=EDGE_CURVE('',#6011,#6013,#4138,.T.);
#7611=EDGE_CURVE('',#6011,#6183,#510,.T.);
#7613=EDGE_CURVE('',#6183,#6185,#514,.T.);
#7615=EDGE_CURVE('',#6185,#6033,#518,.T.);
#7617=EDGE_CURVE('',#6031,#6033,#3269,.T.);
#7619=EDGE_CURVE('',#6187,#6031,#3309,.T.);
#7621=EDGE_CURVE('',#6139,#6187,#3297,.T.);
#7625=EDGE_CURVE('',#5935,#5558,#605,.T.);
#7627=EDGE_CURVE('',#5935,#6189,#526,.T.);
#7629=EDGE_CURVE('',#6189,#6049,#530,.T.);
#7631=EDGE_CURVE('',#6047,#6049,#585,.T.);
#7633=EDGE_CURVE('',#6164,#6047,#542,.T.);
#7643=EDGE_CURVE('',#6191,#6164,#538,.T.);
#7645=EDGE_CURVE('',#6191,#6193,#534,.T.);
#7647=EDGE_CURVE('',#6165,#6193,#2222,.T.);
#7660=EDGE_CURVE('',#6045,#6047,#581,.T.);
#7662=EDGE_CURVE('',#6057,#6045,#3244,.T.);
#7664=EDGE_CURVE('',#6057,#6071,#546,.T.);
#7666=EDGE_CURVE('',#6195,#6071,#2171,.T.);
#7668=EDGE_CURVE('',#6197,#6195,#2344,.T.);
#7670=EDGE_CURVE('',#6197,#6199,#551,.T.);
#7672=EDGE_CURVE('',#6201,#6199,#2301,.T.);
#7674=EDGE_CURVE('',#6201,#6203,#555,.T.);
#7676=EDGE_CURVE('',#6205,#6203,#2277,.T.);
#7678=EDGE_CURVE('',#6205,#6207,#560,.T.);
#7680=EDGE_CURVE('',#6207,#6209,#565,.T.);
#7682=EDGE_CURVE('',#6191,#6209,#2265,.T.);
#7692=EDGE_CURVE('',#6041,#5931,#569,.T.);
#7694=EDGE_CURVE('',#5930,#5931,#597,.T.);
#7696=EDGE_CURVE('',#5930,#6043,#573,.T.);
#7698=EDGE_CURVE('',#6043,#6045,#577,.T.);
#7702=EDGE_CURVE('',#6041,#6049,#617,.T.);
#7712=EDGE_CURVE('',#5933,#5931,#589,.T.);
#7715=EDGE_CURVE('',#6938,#6041,#613,.T.);
#7717=EDGE_CURVE('',#6938,#5933,#593,.T.);
#7729=EDGE_CURVE('',#5933,#5935,#601,.T.);
#7733=EDGE_CURVE('',#5937,#5556,#678,.T.);
#7735=EDGE_CURVE('',#5937,#5939,#609,.T.);
#7737=EDGE_CURVE('',#5930,#5939,#3035,.T.);
#7749=EDGE_CURVE('',#6189,#6938,#621,.T.);
#7772=EDGE_CURVE('',#6594,#6595,#626,.T.);
#7774=EDGE_CURVE('',#6597,#6595,#799,.T.);
#7776=EDGE_CURVE('',#6591,#6597,#1153,.T.);
#7778=EDGE_CURVE('',#6591,#5957,#631,.T.);
#7780=EDGE_CURVE('',#5957,#5955,#635,.T.);
#7782=EDGE_CURVE('',#6137,#5955,#2616,.T.);
#7784=EDGE_CURVE('',#6137,#6155,#639,.T.);
#7786=EDGE_CURVE('',#6155,#6599,#644,.T.);
#7788=EDGE_CURVE('',#6601,#6599,#1179,.T.);
#7790=EDGE_CURVE('',#6601,#6603,#648,.T.);
#7792=EDGE_CURVE('',#6603,#6605,#653,.T.);
#7794=EDGE_CURVE('',#6605,#6607,#658,.T.);
#7796=EDGE_CURVE('',#6607,#5544,#662,.T.);
#7800=EDGE_CURVE('',#6143,#5937,#674,.T.);
#7804=EDGE_CURVE('',#6609,#5554,#791,.T.);
#7806=EDGE_CURVE('',#6609,#6594,#687,.T.);
#7816=EDGE_CURVE('',#6612,#6613,#691,.T.);
#7818=EDGE_CURVE('',#6615,#6613,#4258,.T.);
#7820=EDGE_CURVE('',#6615,#6617,#695,.T.);
#7822=EDGE_CURVE('',#6619,#6617,#804,.T.);
#7824=EDGE_CURVE('',#6619,#6595,#699,.T.);
#7827=EDGE_CURVE('',#6621,#6594,#783,.T.);
#7829=EDGE_CURVE('',#6623,#6621,#742,.T.);
#7831=EDGE_CURVE('',#6623,#6625,#703,.T.);
#7833=EDGE_CURVE('',#6625,#6612,#717,.T.);
#7843=EDGE_CURVE('',#6627,#6612,#725,.T.);
#7845=EDGE_CURVE('',#6629,#6627,#761,.T.);
#7847=EDGE_CURVE('',#6631,#6629,#4248,.T.);
#7849=EDGE_CURVE('',#6633,#6631,#4262,.T.);
#7851=EDGE_CURVE('',#6634,#6633,#4273,.T.);
#7853=EDGE_CURVE('',#6634,#6636,#721,.T.);
#7855=EDGE_CURVE('',#6637,#6636,#4290,.T.);
#7857=EDGE_CURVE('',#6639,#6637,#4266,.T.);
#7859=EDGE_CURVE('',#6613,#6639,#4234,.T.);
#7872=EDGE_CURVE('',#6625,#6641,#729,.T.);
#7874=EDGE_CURVE('',#6627,#6641,#775,.T.);
#7886=EDGE_CURVE('',#6623,#6643,#733,.T.);
#7888=EDGE_CURVE('',#6645,#6643,#4308,.T.);
#7890=EDGE_CURVE('',#6646,#6645,#4332,.T.);
#7892=EDGE_CURVE('',#6648,#6646,#4336,.T.);
#7894=EDGE_CURVE('',#6649,#6648,#4325,.T.);
#7896=EDGE_CURVE('',#6651,#6649,#4304,.T.);
#7898=EDGE_CURVE('',#6651,#6653,#737,.T.);
#7900=EDGE_CURVE('',#6641,#6653,#779,.T.);
#7912=EDGE_CURVE('',#6621,#6653,#747,.T.);
#7915=EDGE_CURVE('',#6651,#6657,#752,.T.);
#7917=EDGE_CURVE('',#6657,#6643,#757,.T.);
#7933=EDGE_CURVE('',#6609,#6667,#787,.T.);
#7935=EDGE_CURVE('',#6617,#6667,#809,.T.);
#7938=EDGE_CURVE('',#6629,#6615,#4253,.T.);
#7949=EDGE_CURVE('',#6668,#6619,#854,.T.);
#7951=EDGE_CURVE('',#6667,#6668,#832,.T.);
#7956=EDGE_CURVE('',#6670,#5552,#862,.T.);
#7958=EDGE_CURVE('',#6597,#6670,#1157,.T.);
#7982=EDGE_CURVE('',#5550,#6672,#858,.T.);
#7984=EDGE_CURVE('',#6670,#6672,#1162,.T.);
#7996=EDGE_CURVE('',#6674,#5548,#874,.T.);
#7998=EDGE_CURVE('',#6672,#6674,#1166,.T.);
#8010=EDGE_CURVE('',#5546,#6676,#870,.T.);
#8012=EDGE_CURVE('',#6674,#6676,#1171,.T.);
#8023=EDGE_CURVE('',#6603,#6678,#908,.T.);
#8026=EDGE_CURVE('',#6676,#6601,#1175,.T.);
#8031=EDGE_CURVE('',#6680,#6607,#994,.T.);
#8033=EDGE_CURVE('',#6681,#6680,#1057,.T.);
#8035=EDGE_CURVE('',#6678,#6681,#1035,.T.);
#8045=EDGE_CURVE('',#6684,#6685,#882,.T.);
#8047=EDGE_CURVE('',#6685,#6686,#896,.T.);
#8049=EDGE_CURVE('',#6686,#6688,#900,.T.);
#8051=EDGE_CURVE('',#6690,#6688,#1095,.T.);
#8053=EDGE_CURVE('',#6690,#6605,#904,.T.);
#8057=EDGE_CURVE('',#6692,#6678,#1067,.T.);
#8059=EDGE_CURVE('',#6694,#6692,#990,.T.);
#8061=EDGE_CURVE('',#6684,#6694,#967,.T.);
#8071=EDGE_CURVE('',#6697,#6698,#920,.T.);
#8073=EDGE_CURVE('',#6699,#6697,#947,.T.);
#8075=EDGE_CURVE('',#6701,#6699,#958,.T.);
#8077=EDGE_CURVE('',#6701,#6703,#912,.T.);
#8079=EDGE_CURVE('',#6705,#6703,#986,.T.);
#8081=EDGE_CURVE('',#6685,#6705,#1145,.T.);
#8084=EDGE_CURVE('',#6684,#6707,#916,.T.);
#8086=EDGE_CURVE('',#6709,#6707,#962,.T.);
#8088=EDGE_CURVE('',#6698,#6709,#954,.T.);
#8099=EDGE_CURVE('',#6698,#6711,#925,.T.);
#8101=EDGE_CURVE('',#6711,#6697,#930,.T.);
#8111=EDGE_CURVE('',#6709,#6719,#935,.T.);
#8113=EDGE_CURVE('',#6719,#6699,#940,.T.);
#8127=EDGE_CURVE('',#6726,#6707,#982,.T.);
#8129=EDGE_CURVE('',#6701,#6726,#977,.T.);
#8145=EDGE_CURVE('',#6694,#6703,#972,.T.);
#8161=EDGE_CURVE('',#6680,#6692,#1062,.T.);
#8166=EDGE_CURVE('',#6734,#6690,#1090,.T.);
#8168=EDGE_CURVE('',#6734,#6736,#998,.T.);
#8170=EDGE_CURVE('',#6736,#6705,#1012,.T.);
#8192=EDGE_CURVE('',#6688,#6732,#1071,.T.);
#8194=EDGE_CURVE('',#6732,#6730,#1076,.T.);
#8196=EDGE_CURVE('',#6730,#6728,#1081,.T.);
#8198=EDGE_CURVE('',#6728,#6734,#1085,.T.);
#8210=EDGE_CURVE('',#6714,#6715,#1099,.T.);
#8212=EDGE_CURVE('',#6724,#6715,#1133,.T.);
#8214=EDGE_CURVE('',#6732,#6724,#1141,.T.);
#8218=EDGE_CURVE('',#6736,#6686,#1149,.T.);
#8222=EDGE_CURVE('',#6720,#6728,#1137,.T.);
#8224=EDGE_CURVE('',#6714,#6720,#1116,.T.);
#8235=EDGE_CURVE('',#6714,#6717,#1104,.T.);
#8237=EDGE_CURVE('',#6717,#6715,#1109,.T.);
#8250=EDGE_CURVE('',#6720,#6723,#1121,.T.);
#8252=EDGE_CURVE('',#6723,#6724,#1126,.T.);
#8289=EDGE_CURVE('',#5901,#5897,#1187,.T.);
#8291=EDGE_CURVE('',#6589,#5901,#2471,.T.);
#8293=EDGE_CURVE('',#6587,#6589,#2437,.T.);
#8295=EDGE_CURVE('',#6591,#6587,#2452,.T.);
#8304=EDGE_CURVE('',#6738,#6599,#1328,.T.);
#8306=EDGE_CURVE('',#6740,#6738,#1305,.T.);
#8308=EDGE_CURVE('',#6742,#6740,#1286,.T.);
#8310=EDGE_CURVE('',#6744,#6742,#1267,.T.);
#8312=EDGE_CURVE('',#5896,#6744,#1248,.T.);
#8314=EDGE_CURVE('',#5894,#5896,#1231,.T.);
#8316=EDGE_CURVE('',#5897,#5894,#1214,.T.);
#8326=EDGE_CURVE('',#5898,#5900,#1183,.T.);
#8328=EDGE_CURVE('',#5901,#5900,#2482,.T.);
#8331=EDGE_CURVE('',#5897,#5898,#1198,.T.);
#8342=EDGE_CURVE('',#5903,#5898,#1206,.T.);
#8344=EDGE_CURVE('',#5905,#5903,#2502,.T.);
#8346=EDGE_CURVE('',#5905,#5900,#1202,.T.);
#8357=EDGE_CURVE('',#5893,#5898,#1227,.T.);
#8359=EDGE_CURVE('',#5893,#5886,#1210,.T.);
#8361=EDGE_CURVE('',#5903,#5886,#2490,.T.);
#8373=EDGE_CURVE('',#5894,#5890,#1223,.T.);
#8375=EDGE_CURVE('',#5893,#5890,#2520,.T.);
#8388=EDGE_CURVE('',#5896,#5889,#1240,.T.);
#8390=EDGE_CURVE('',#5889,#5890,#1244,.T.);
#8401=EDGE_CURVE('',#6744,#6746,#1259,.T.);
#8403=EDGE_CURVE('',#6746,#5891,#1263,.T.);
#8405=EDGE_CURVE('',#5889,#5891,#2511,.T.);
#8417=EDGE_CURVE('',#6742,#6582,#1278,.T.);
#8419=EDGE_CURVE('',#6582,#6746,#1282,.T.);
#8431=EDGE_CURVE('',#6740,#6584,#1297,.T.);
#8433=EDGE_CURVE('',#6584,#6582,#1301,.T.);
#8445=EDGE_CURVE('',#6738,#6153,#1316,.T.);
#8447=EDGE_CURVE('',#6153,#6584,#1320,.T.);
#8459=EDGE_CURVE('',#6155,#6153,#1324,.T.);
#8471=EDGE_CURVE('',#6146,#6147,#1358,.T.);
#8473=EDGE_CURVE('',#6146,#6149,#1333,.T.);
#8475=EDGE_CURVE('',#6149,#6151,#1337,.T.);
#8477=EDGE_CURVE('',#6151,#6153,#1341,.T.);
#8481=EDGE_CURVE('',#6137,#6081,#1345,.T.);
#8483=EDGE_CURVE('',#6081,#6083,#1349,.T.);
#8485=EDGE_CURVE('',#6157,#6083,#1977,.T.);
#8487=EDGE_CURVE('',#6157,#6159,#1354,.T.);
#8489=EDGE_CURVE('',#6161,#6159,#1501,.T.);
#8491=EDGE_CURVE('',#6147,#6161,#1445,.T.);
#8501=EDGE_CURVE('',#6146,#6580,#1362,.T.);
#8504=EDGE_CURVE('',#6530,#6147,#1441,.T.);
#8506=EDGE_CURVE('',#6580,#6530,#1375,.T.);
#8517=EDGE_CURVE('',#6579,#6580,#1371,.T.);
#8519=EDGE_CURVE('',#6579,#6149,#1366,.T.);
#8532=EDGE_CURVE('',#5876,#6530,#1437,.T.);
#8534=EDGE_CURVE('',#5876,#5913,#1379,.T.);
#8536=EDGE_CURVE('',#5913,#5911,#1383,.T.);
#8538=EDGE_CURVE('',#5911,#6582,#1387,.T.);
#8541=EDGE_CURVE('',#6586,#6584,#4222,.T.);
#8543=EDGE_CURVE('',#6579,#6586,#4226,.T.);
#8553=EDGE_CURVE('',#6488,#6490,#1463,.T.);
#8555=EDGE_CURVE('',#6488,#6480,#1392,.T.);
#8557=EDGE_CURVE('',#6478,#6480,#1582,.T.);
#8559=EDGE_CURVE('',#6492,#6478,#1595,.T.);
#8561=EDGE_CURVE('',#6494,#6492,#1604,.T.);
#8563=EDGE_CURVE('',#6494,#6496,#1397,.T.);
#8565=EDGE_CURVE('',#6498,#6496,#1624,.T.);
#8567=EDGE_CURVE('',#6500,#6498,#1637,.T.);
#8569=EDGE_CURVE('',#6502,#6500,#1646,.T.);
#8571=EDGE_CURVE('',#6502,#6504,#1402,.T.);
#8573=EDGE_CURVE('',#6506,#6504,#1666,.T.);
#8575=EDGE_CURVE('',#6508,#6506,#1679,.T.);
#8577=EDGE_CURVE('',#6510,#6508,#1688,.T.);
#8579=EDGE_CURVE('',#6510,#6512,#1407,.T.);
#8581=EDGE_CURVE('',#6514,#6512,#1708,.T.);
#8583=EDGE_CURVE('',#6516,#6514,#1721,.T.);
#8585=EDGE_CURVE('',#6518,#6516,#1734,.T.);
#8587=EDGE_CURVE('',#6518,#6520,#1412,.T.);
#8589=EDGE_CURVE('',#6522,#6520,#1750,.T.);
#8591=EDGE_CURVE('',#6524,#6522,#1763,.T.);
#8593=EDGE_CURVE('',#6526,#6524,#1776,.T.);
#8595=EDGE_CURVE('',#6526,#6528,#1417,.T.);
#8597=EDGE_CURVE('',#6528,#6454,#1421,.T.);
#8599=EDGE_CURVE('',#6454,#5945,#1425,.T.);
#8601=EDGE_CURVE('',#5945,#5943,#1429,.T.);
#8603=EDGE_CURVE('',#5923,#5943,#2604,.T.);
#8605=EDGE_CURVE('',#5923,#5878,#1433,.T.);
#8607=EDGE_CURVE('',#5876,#5878,#2556,.T.);
#8612=EDGE_CURVE('',#6161,#6432,#1449,.T.);
#8614=EDGE_CURVE('',#6532,#6432,#1931,.T.);
#8616=EDGE_CURVE('',#6532,#6534,#1454,.T.);
#8618=EDGE_CURVE('',#6536,#6534,#1909,.T.);
#8620=EDGE_CURVE('',#6490,#6536,#1957,.T.);
#8630=EDGE_CURVE('',#6484,#6426,#1471,.T.);
#8632=EDGE_CURVE('',#6484,#6486,#1459,.T.);
#8634=EDGE_CURVE('',#6488,#6486,#1887,.T.);
#8637=EDGE_CURVE('',#5586,#6490,#1953,.T.);
#8640=EDGE_CURVE('',#5585,#6426,#1467,.T.);
#8651=EDGE_CURVE('',#6424,#6426,#1484,.T.);
#8653=EDGE_CURVE('',#6424,#6476,#1475,.T.);
#8655=EDGE_CURVE('',#6484,#6476,#1896,.T.);
#8665=EDGE_CURVE('',#5582,#6424,#1479,.T.);
#8670=EDGE_CURVE('',#5590,#6428,#1488,.T.);
#8672=EDGE_CURVE('',#6428,#6430,#1493,.T.);
#8674=EDGE_CURVE('',#6430,#6432,#1497,.T.);
#8678=EDGE_CURVE('',#6434,#6159,#1965,.T.);
#8680=EDGE_CURVE('',#6434,#6334,#1505,.T.);
#8682=EDGE_CURVE('',#6331,#6334,#3450,.T.);
#8684=EDGE_CURVE('',#6421,#6331,#3427,.T.);
#8686=EDGE_CURVE('',#6421,#6422,#1509,.T.);
#8688=EDGE_CURVE('',#6340,#6422,#3492,.T.);
#8690=EDGE_CURVE('',#6344,#6340,#3515,.T.);
#8692=EDGE_CURVE('',#6436,#6344,#3999,.T.);
#8694=EDGE_CURVE('',#6436,#6438,#1513,.T.);
#8696=EDGE_CURVE('',#6348,#6438,#3979,.T.);
#8698=EDGE_CURVE('',#6352,#6348,#3956,.T.);
#8700=EDGE_CURVE('',#6440,#6352,#3929,.T.);
#8702=EDGE_CURVE('',#6440,#6442,#1517,.T.);
#8704=EDGE_CURVE('',#6356,#6442,#3819,.T.);
#8706=EDGE_CURVE('',#6360,#6356,#3842,.T.);
#8708=EDGE_CURVE('',#6444,#6360,#3881,.T.);
#8710=EDGE_CURVE('',#6444,#6446,#1521,.T.);
#8712=EDGE_CURVE('',#6364,#6446,#2838,.T.);
#8714=EDGE_CURVE('',#6368,#6364,#2815,.T.);
#8716=EDGE_CURVE('',#6448,#6368,#2788,.T.);
#8718=EDGE_CURVE('',#6448,#6450,#1525,.T.);
#8720=EDGE_CURVE('',#6372,#6450,#2670,.T.);
#8722=EDGE_CURVE('',#6376,#6372,#2647,.T.);
#8724=EDGE_CURVE('',#6324,#6376,#2620,.T.);
#8726=EDGE_CURVE('',#6324,#6322,#1529,.T.);
#8728=EDGE_CURVE('',#6326,#6322,#2305,.T.);
#8730=EDGE_CURVE('',#6380,#6326,#2328,.T.);
#8732=EDGE_CURVE('',#6380,#6452,#1533,.T.);
#8734=EDGE_CURVE('',#5947,#6452,#2370,.T.);
#8736=EDGE_CURVE('',#5945,#5947,#2383,.T.);
#8739=EDGE_CURVE('',#6456,#6454,#1788,.T.);
#8741=EDGE_CURVE('',#6456,#6458,#1538,.T.);
#8743=EDGE_CURVE('',#5609,#6458,#1767,.T.);
#8746=EDGE_CURVE('',#5614,#6460,#1542,.T.);
#8748=EDGE_CURVE('',#6460,#6462,#1547,.T.);
#8750=EDGE_CURVE('',#5601,#6462,#1725,.T.);
#8753=EDGE_CURVE('',#5606,#6464,#1551,.T.);
#8755=EDGE_CURVE('',#6464,#6466,#1556,.T.);
#8757=EDGE_CURVE('',#5593,#6466,#1692,.T.);
#8760=EDGE_CURVE('',#5598,#6468,#1560,.T.);
#8762=EDGE_CURVE('',#6468,#6470,#1565,.T.);
#8764=EDGE_CURVE('',#5569,#6470,#1650,.T.);
#8767=EDGE_CURVE('',#5574,#6472,#1569,.T.);
#8769=EDGE_CURVE('',#6472,#6474,#1574,.T.);
#8771=EDGE_CURVE('',#5577,#6474,#1608,.T.);
#8785=EDGE_CURVE('',#5580,#6478,#1578,.T.);
#8788=EDGE_CURVE('',#6482,#6480,#1891,.T.);
#8790=EDGE_CURVE('',#6482,#6476,#1587,.T.);
#8800=EDGE_CURVE('',#5578,#6492,#1591,.T.);
#8813=EDGE_CURVE('',#6538,#6474,#1612,.T.);
#8815=EDGE_CURVE('',#6538,#6540,#1600,.T.);
#8817=EDGE_CURVE('',#6494,#6540,#1869,.T.);
#8833=EDGE_CURVE('',#6472,#6542,#1616,.T.);
#8835=EDGE_CURVE('',#6538,#6542,#1878,.T.);
#8848=EDGE_CURVE('',#5572,#6498,#1620,.T.);
#8851=EDGE_CURVE('',#6544,#6496,#1873,.T.);
#8853=EDGE_CURVE('',#6544,#6542,#1629,.T.);
#8864=EDGE_CURVE('',#5570,#6500,#1633,.T.);
#8876=EDGE_CURVE('',#6546,#6470,#1654,.T.);
#8878=EDGE_CURVE('',#6546,#6548,#1642,.T.);
#8880=EDGE_CURVE('',#6502,#6548,#1851,.T.);
#8896=EDGE_CURVE('',#6468,#6550,#1658,.T.);
#8898=EDGE_CURVE('',#6546,#6550,#1860,.T.);
#8911=EDGE_CURVE('',#5596,#6506,#1662,.T.);
#8914=EDGE_CURVE('',#6552,#6504,#1855,.T.);
#8916=EDGE_CURVE('',#6552,#6550,#1671,.T.);
#8926=EDGE_CURVE('',#5594,#6508,#1675,.T.);
#8939=EDGE_CURVE('',#6554,#6466,#1696,.T.);
#8941=EDGE_CURVE('',#6554,#6556,#1684,.T.);
#8943=EDGE_CURVE('',#6510,#6556,#1833,.T.);
#8959=EDGE_CURVE('',#6464,#6558,#1700,.T.);
#8961=EDGE_CURVE('',#6554,#6558,#1842,.T.);
#8974=EDGE_CURVE('',#5604,#6514,#1704,.T.);
#8977=EDGE_CURVE('',#6560,#6512,#1837,.T.);
#8979=EDGE_CURVE('',#6560,#6558,#1713,.T.);
#8989=EDGE_CURVE('',#5602,#6516,#1717,.T.);
#9003=EDGE_CURVE('',#6562,#6462,#1742,.T.);
#9005=EDGE_CURVE('',#6562,#6564,#1730,.T.);
#9007=EDGE_CURVE('',#6518,#6564,#1815,.T.);
#9021=EDGE_CURVE('',#6460,#6566,#1738,.T.);
#9023=EDGE_CURVE('',#6562,#6566,#1829,.T.);
#9036=EDGE_CURVE('',#5612,#6522,#1746,.T.);
#9039=EDGE_CURVE('',#6568,#6520,#1819,.T.);
#9041=EDGE_CURVE('',#6568,#6566,#1755,.T.);
#9052=EDGE_CURVE('',#5610,#6524,#1759,.T.);
#9066=EDGE_CURVE('',#6570,#6458,#1784,.T.);
#9068=EDGE_CURVE('',#6570,#6572,#1772,.T.);
#9070=EDGE_CURVE('',#6526,#6572,#1797,.T.);
#9084=EDGE_CURVE('',#6456,#6574,#1780,.T.);
#9086=EDGE_CURVE('',#6570,#6574,#1811,.T.);
#9099=EDGE_CURVE('',#6576,#6528,#1801,.T.);
#9101=EDGE_CURVE('',#6576,#6574,#1793,.T.);
#9114=EDGE_CURVE('',#6576,#6572,#1806,.T.);
#9163=EDGE_CURVE('',#6568,#6564,#1824,.T.);
#9211=EDGE_CURVE('',#6560,#6556,#1847,.T.);
#9260=EDGE_CURVE('',#6552,#6548,#1865,.T.);
#9309=EDGE_CURVE('',#6544,#6540,#1883,.T.);
#9358=EDGE_CURVE('',#6482,#6486,#1901,.T.);
#9406=EDGE_CURVE('',#6428,#6752,#1922,.T.);
#9410=EDGE_CURVE('',#5588,#6536,#1905,.T.);
#9413=EDGE_CURVE('',#6754,#6534,#1949,.T.);
#9415=EDGE_CURVE('',#6754,#6752,#1914,.T.);
#9425=EDGE_CURVE('',#6748,#6430,#1918,.T.);
#9429=EDGE_CURVE('',#6748,#6752,#1936,.T.);
#9440=EDGE_CURVE('',#6748,#6750,#1927,.T.);
#9442=EDGE_CURVE('',#6532,#6750,#1945,.T.);
#9481=EDGE_CURVE('',#6754,#6750,#1941,.T.);
#9515=EDGE_CURVE('',#6157,#6756,#1961,.T.);
#9517=EDGE_CURVE('',#6434,#6756,#3468,.T.);
#9529=EDGE_CURVE('',#6759,#6760,#1969,.T.);
#9531=EDGE_CURVE('',#6760,#6756,#1973,.T.);
#9535=EDGE_CURVE('',#6083,#5951,#1981,.T.);
#9537=EDGE_CURVE('',#5951,#5949,#1985,.T.);
#9539=EDGE_CURVE('',#6762,#5949,#2366,.T.);
#9541=EDGE_CURVE('',#6762,#6759,#1989,.T.);
#9551=EDGE_CURVE('',#6303,#6301,#1993,.T.);
#9553=EDGE_CURVE('',#6760,#6301,#3458,.T.);
#9556=EDGE_CURVE('',#6303,#6759,#2352,.T.);
#9566=EDGE_CURVE('',#6071,#6069,#1997,.T.);
#9568=EDGE_CURVE('',#6211,#6069,#2253,.T.);
#9570=EDGE_CURVE('',#6211,#6213,#2002,.T.);
#9572=EDGE_CURVE('',#6215,#6213,#4210,.T.);
#9574=EDGE_CURVE('',#6215,#6217,#2007,.T.);
#9576=EDGE_CURVE('',#6217,#6219,#2011,.T.);
#9578=EDGE_CURVE('',#6219,#6221,#2015,.T.);
#9580=EDGE_CURVE('',#6221,#6223,#2019,.T.);
#9582=EDGE_CURVE('',#6223,#6226,#2024,.T.);
#9584=EDGE_CURVE('',#6226,#6227,#2029,.T.);
#9586=EDGE_CURVE('',#6227,#6229,#2033,.T.);
#9588=EDGE_CURVE('',#6229,#5995,#2037,.T.);
#9590=EDGE_CURVE('',#6231,#5995,#2752,.T.);
#9592=EDGE_CURVE('',#6231,#6233,#2042,.T.);
#9594=EDGE_CURVE('',#6235,#6233,#4190,.T.);
#9596=EDGE_CURVE('',#6235,#6237,#2047,.T.);
#9598=EDGE_CURVE('',#6237,#6239,#2051,.T.);
#9600=EDGE_CURVE('',#6239,#6241,#2055,.T.);
#9602=EDGE_CURVE('',#6243,#6241,#2955,.T.);
#9604=EDGE_CURVE('',#6243,#6245,#2060,.T.);
#9606=EDGE_CURVE('',#6247,#6245,#3846,.T.);
#9608=EDGE_CURVE('',#6247,#6249,#2065,.T.);
#9610=EDGE_CURVE('',#6249,#6251,#2069,.T.);
#9612=EDGE_CURVE('',#6251,#6253,#2073,.T.);
#9614=EDGE_CURVE('',#6253,#6255,#2077,.T.);
#9616=EDGE_CURVE('',#6255,#6258,#2082,.T.);
#9618=EDGE_CURVE('',#6258,#6259,#2087,.T.);
#9620=EDGE_CURVE('',#6259,#6261,#2091,.T.);
#9622=EDGE_CURVE('',#6261,#6021,#2095,.T.);
#9624=EDGE_CURVE('',#6263,#6021,#3736,.T.);
#9626=EDGE_CURVE('',#6263,#6265,#2100,.T.);
#9628=EDGE_CURVE('',#6267,#6265,#3689,.T.);
#9630=EDGE_CURVE('',#6267,#6269,#2105,.T.);
#9632=EDGE_CURVE('',#6269,#6271,#2109,.T.);
#9634=EDGE_CURVE('',#6271,#6273,#2113,.T.);
#9636=EDGE_CURVE('',#6275,#6273,#3574,.T.);
#9638=EDGE_CURVE('',#6275,#6277,#2118,.T.);
#9640=EDGE_CURVE('',#6279,#6277,#3519,.T.);
#9642=EDGE_CURVE('',#6279,#6281,#2123,.T.);
#9644=EDGE_CURVE('',#6281,#6283,#2127,.T.);
#9646=EDGE_CURVE('',#6283,#6285,#2131,.T.);
#9648=EDGE_CURVE('',#6285,#6287,#2135,.T.);
#9650=EDGE_CURVE('',#6287,#6290,#2140,.T.);
#9652=EDGE_CURVE('',#6290,#6291,#2145,.T.);
#9654=EDGE_CURVE('',#6291,#6293,#2149,.T.);
#9656=EDGE_CURVE('',#6293,#6035,#2153,.T.);
#9658=EDGE_CURVE('',#6295,#6035,#3348,.T.);
#9660=EDGE_CURVE('',#6295,#6297,#2158,.T.);
#9662=EDGE_CURVE('',#6299,#6297,#3476,.T.);
#9664=EDGE_CURVE('',#6299,#6301,#2162,.T.);
#9667=EDGE_CURVE('',#6305,#6303,#2348,.T.);
#9669=EDGE_CURVE('',#6307,#6305,#2332,.T.);
#9671=EDGE_CURVE('',#6307,#6195,#2167,.T.);
#9682=EDGE_CURVE('',#6065,#6056,#2193,.T.);
#9684=EDGE_CURVE('',#6063,#6065,#2205,.T.);
#9686=EDGE_CURVE('',#6069,#6063,#2257,.T.);
#9690=EDGE_CURVE('',#6056,#6057,#3240,.T.);
#9700=EDGE_CURVE('',#6065,#6067,#2210,.T.);
#9703=EDGE_CURVE('',#6061,#6056,#3257,.T.);
#9705=EDGE_CURVE('',#6061,#6073,#2197,.T.);
#9707=EDGE_CURVE('',#6077,#6073,#3027,.T.);
#9709=EDGE_CURVE('',#6076,#6077,#3022,.T.);
#9711=EDGE_CURVE('',#6076,#6067,#2201,.T.);
#9721=EDGE_CURVE('',#6063,#5963,#2261,.T.);
#9725=EDGE_CURVE('',#6067,#6051,#2214,.T.);
#9727=EDGE_CURVE('',#6051,#5963,#2218,.T.);
#9738=EDGE_CURVE('',#6193,#6309,#2226,.T.);
#9740=EDGE_CURVE('',#6309,#6312,#2231,.T.);
#9742=EDGE_CURVE('',#6312,#6313,#2236,.T.);
#9744=EDGE_CURVE('',#6313,#6315,#2240,.T.);
#9746=EDGE_CURVE('',#6315,#6317,#2244,.T.);
#9748=EDGE_CURVE('',#6319,#6317,#2624,.T.);
#9750=EDGE_CURVE('',#6319,#6321,#2249,.T.);
#9752=EDGE_CURVE('',#6211,#6321,#4214,.T.);
#9757=EDGE_CURVE('',#5973,#5963,#3171,.T.);
#9771=EDGE_CURVE('',#6309,#6209,#2269,.T.);
#9786=EDGE_CURVE('',#6205,#6313,#2273,.T.);
#9799=EDGE_CURVE('',#6203,#6315,#2281,.T.);
#9810=EDGE_CURVE('',#6201,#6322,#2289,.T.);
#9813=EDGE_CURVE('',#6324,#6317,#2297,.T.);
#9826=EDGE_CURVE('',#6326,#6199,#2315,.T.);
#9838=EDGE_CURVE('',#6328,#6326,#2310,.T.);
#9842=EDGE_CURVE('',#6197,#6328,#2320,.T.);
#9853=EDGE_CURVE('',#6328,#6378,#2324,.T.);
#9855=EDGE_CURVE('',#6380,#6378,#2362,.T.);
#9866=EDGE_CURVE('',#6307,#6328,#2340,.T.);
#9869=EDGE_CURVE('',#6305,#6378,#2336,.T.);
#9895=EDGE_CURVE('',#6762,#6452,#2357,.T.);
#9909=EDGE_CURVE('',#5947,#5949,#2388,.T.);
#9921=EDGE_CURVE('',#5926,#5941,#2396,.T.);
#9923=EDGE_CURVE('',#5926,#5927,#2375,.T.);
#9925=EDGE_CURVE('',#5927,#5943,#2379,.T.);
#9931=EDGE_CURVE('',#5953,#5951,#2608,.T.);
#9933=EDGE_CURVE('',#5953,#5955,#2392,.T.);
#9936=EDGE_CURVE('',#5959,#5957,#2467,.T.);
#9938=EDGE_CURVE('',#5941,#5959,#2429,.T.);
#9948=EDGE_CURVE('',#5926,#5917,#2408,.T.);
#9951=EDGE_CURVE('',#5941,#5919,#2400,.T.);
#9953=EDGE_CURVE('',#5919,#5917,#2404,.T.);
#9965=EDGE_CURVE('',#5916,#5917,#2417,.T.);
#9967=EDGE_CURVE('',#5916,#5927,#2412,.T.);
#9979=EDGE_CURVE('',#5919,#5921,#2421,.T.);
#9981=EDGE_CURVE('',#5900,#5921,#2486,.T.);
#9984=EDGE_CURVE('',#5907,#5905,#2498,.T.);
#9986=EDGE_CURVE('',#5907,#5878,#2425,.T.);
#9989=EDGE_CURVE('',#5916,#5923,#2600,.T.);
#9999=EDGE_CURVE('',#5921,#5959,#2433,.T.);
#10013=EDGE_CURVE('',#6587,#5959,#2463,.T.);
#10016=EDGE_CURVE('',#6589,#5921,#2448,.T.);
#10051=EDGE_CURVE('',#5886,#5872,#2494,.T.);
#10053=EDGE_CURVE('',#5870,#5872,#2592,.T.);
#10055=EDGE_CURVE('',#5907,#5870,#2576,.T.);
#10067=EDGE_CURVE('',#5885,#5886,#2515,.T.);
#10069=EDGE_CURVE('',#5880,#5885,#2540,.T.);
#10071=EDGE_CURVE('',#5564,#5880,#2564,.T.);
#10074=EDGE_CURVE('',#5872,#5561,#2596,.T.);
#10087=EDGE_CURVE('',#5885,#5891,#2528,.T.);
#10100=EDGE_CURVE('',#5909,#6746,#2532,.T.);
#10102=EDGE_CURVE('',#5909,#5885,#2524,.T.);
#10116=EDGE_CURVE('',#5909,#5911,#2536,.T.);
#10130=EDGE_CURVE('',#5882,#5913,#2544,.T.);
#10132=EDGE_CURVE('',#5880,#5882,#2568,.T.);
#10144=EDGE_CURVE('',#5874,#5876,#2552,.T.);
#10146=EDGE_CURVE('',#5882,#5874,#2572,.T.);
#10158=EDGE_CURVE('',#5566,#5874,#2548,.T.);
#10162=EDGE_CURVE('',#5878,#5868,#2560,.T.);
#10164=EDGE_CURVE('',#5562,#5868,#2584,.T.);
#10189=EDGE_CURVE('',#5868,#5870,#2588,.T.);
#10225=EDGE_CURVE('',#5953,#6081,#2612,.T.);
#10251=EDGE_CURVE('',#6319,#6376,#2639,.T.);
#10263=EDGE_CURVE('',#6376,#6374,#2629,.T.);
#10265=EDGE_CURVE('',#6374,#6321,#2634,.T.);
#10277=EDGE_CURVE('',#6371,#6372,#2652,.T.);
#10279=EDGE_CURVE('',#6371,#6374,#2643,.T.);
#10292=EDGE_CURVE('',#6372,#6926,#2657,.T.);
#10294=EDGE_CURVE('',#6924,#6926,#2683,.T.);
#10296=EDGE_CURVE('',#6924,#6371,#2662,.T.);
#10306=EDGE_CURVE('',#6928,#6926,#2666,.T.);
#10310=EDGE_CURVE('',#6928,#6450,#2776,.T.);
#10320=EDGE_CURVE('',#6918,#6920,#2705,.T.);
#10322=EDGE_CURVE('',#6918,#6916,#2674,.T.);
#10324=EDGE_CURVE('',#6167,#6916,#2713,.T.);
#10327=EDGE_CURVE('',#5969,#5971,#3163,.T.);
#10329=EDGE_CURVE('',#6922,#5969,#3147,.T.);
#10331=EDGE_CURVE('',#6922,#6219,#2678,.T.);
#10334=EDGE_CURVE('',#6924,#6217,#4206,.T.);
#10338=EDGE_CURVE('',#6928,#6930,#2687,.T.);
#10340=EDGE_CURVE('',#6932,#6930,#2764,.T.);
#10342=EDGE_CURVE('',#6932,#6934,#2692,.T.);
#10344=EDGE_CURVE('',#6934,#6920,#2697,.T.);
#10354=EDGE_CURVE('',#6902,#6918,#2701,.T.);
#10357=EDGE_CURVE('',#6904,#6920,#2756,.T.);
#10359=EDGE_CURVE('',#6902,#6904,#2725,.T.);
#10369=EDGE_CURVE('',#6900,#6916,#2709,.T.);
#10373=EDGE_CURVE('',#6900,#6902,#2721,.T.);
#10384=EDGE_CURVE('',#6169,#6900,#2717,.T.);
#10399=EDGE_CURVE('',#6904,#6907,#2730,.T.);
#10401=EDGE_CURVE('',#6907,#6908,#2735,.T.);
#10403=EDGE_CURVE('',#6908,#6910,#2739,.T.);
#10405=EDGE_CURVE('',#6910,#6912,#2743,.T.);
#10407=EDGE_CURVE('',#6914,#6912,#2792,.T.);
#10409=EDGE_CURVE('',#6914,#6898,#2748,.T.);
#10411=EDGE_CURVE('',#6231,#6898,#4194,.T.);
#10414=EDGE_CURVE('',#5993,#5995,#3195,.T.);
#10430=EDGE_CURVE('',#6932,#6908,#2760,.T.);
#10443=EDGE_CURVE('',#6930,#6910,#2768,.T.);
#10456=EDGE_CURVE('',#6448,#6912,#2784,.T.);
#10469=EDGE_CURVE('',#6914,#6368,#2807,.T.);
#10481=EDGE_CURVE('',#6368,#6366,#2797,.T.);
#10483=EDGE_CURVE('',#6366,#6898,#2802,.T.);
#10495=EDGE_CURVE('',#6363,#6364,#2820,.T.);
#10497=EDGE_CURVE('',#6363,#6366,#2811,.T.);
#10510=EDGE_CURVE('',#6364,#6884,#2825,.T.);
#10512=EDGE_CURVE('',#6882,#6884,#2847,.T.);
#10514=EDGE_CURVE('',#6882,#6363,#2830,.T.);
#10524=EDGE_CURVE('',#6886,#6884,#2834,.T.);
#10528=EDGE_CURVE('',#6886,#6446,#3893,.T.);
#10538=EDGE_CURVE('',#6870,#6239,#2842,.T.);
#10541=EDGE_CURVE('',#6882,#6237,#4186,.T.);
#10545=EDGE_CURVE('',#6886,#6888,#2851,.T.);
#10547=EDGE_CURVE('',#6890,#6888,#3905,.T.);
#10549=EDGE_CURVE('',#6890,#6892,#2856,.T.);
#10551=EDGE_CURVE('',#6892,#6894,#2861,.T.);
#10553=EDGE_CURVE('',#6896,#6894,#3921,.T.);
#10555=EDGE_CURVE('',#6896,#6171,#2865,.T.);
#10558=EDGE_CURVE('',#5990,#5991,#3187,.T.);
#10560=EDGE_CURVE('',#6870,#5990,#3215,.T.);
#10570=EDGE_CURVE('',#6876,#6869,#2891,.T.);
#10572=EDGE_CURVE('',#6852,#6876,#2903,.T.);
#10574=EDGE_CURVE('',#6241,#6852,#2959,.T.);
#10578=EDGE_CURVE('',#6869,#6870,#3211,.T.);
#10588=EDGE_CURVE('',#6876,#6878,#2908,.T.);
#10591=EDGE_CURVE('',#6874,#6869,#3228,.T.);
#10593=EDGE_CURVE('',#6874,#6133,#2895,.T.);
#10595=EDGE_CURVE('',#6131,#6133,#3107,.T.);
#10597=EDGE_CURVE('',#6129,#6131,#3102,.T.);
#10599=EDGE_CURVE('',#6129,#6878,#2899,.T.);
#10609=EDGE_CURVE('',#6852,#5977,#2920,.T.);
#10613=EDGE_CURVE('',#6878,#6880,#2912,.T.);
#10615=EDGE_CURVE('',#6880,#5977,#2916,.T.);
#10626=EDGE_CURVE('',#5987,#5977,#2983,.T.);
#10629=EDGE_CURVE('',#6173,#6854,#2924,.T.);
#10631=EDGE_CURVE('',#6854,#6856,#2928,.T.);
#10633=EDGE_CURVE('',#6856,#6859,#2933,.T.);
#10635=EDGE_CURVE('',#6859,#6860,#2938,.T.);
#10637=EDGE_CURVE('',#6860,#6862,#2942,.T.);
#10639=EDGE_CURVE('',#6862,#6864,#2946,.T.);
#10641=EDGE_CURVE('',#6866,#6864,#3885,.T.);
#10643=EDGE_CURVE('',#6866,#6850,#2951,.T.);
#10645=EDGE_CURVE('',#6243,#6850,#3858,.T.);
#10657=EDGE_CURVE('',#5976,#5977,#2987,.T.);
#10659=EDGE_CURVE('',#5976,#5979,#2963,.T.);
#10661=EDGE_CURVE('',#5979,#5981,#2967,.T.);
#10663=EDGE_CURVE('',#5981,#5983,#2971,.T.);
#10665=EDGE_CURVE('',#5983,#5985,#2975,.T.);
#10678=EDGE_CURVE('',#6127,#6880,#2995,.T.);
#10680=EDGE_CURVE('',#5976,#6127,#3097,.T.);
#10693=EDGE_CURVE('',#6129,#6127,#2991,.T.);
#10704=EDGE_CURVE('',#5997,#6085,#2999,.T.);
#10706=EDGE_CURVE('',#6087,#6085,#3119,.T.);
#10708=EDGE_CURVE('',#6087,#6089,#3004,.T.);
#10710=EDGE_CURVE('',#6089,#6091,#3009,.T.);
#10712=EDGE_CURVE('',#6093,#6091,#3135,.T.);
#10714=EDGE_CURVE('',#6093,#5965,#3013,.T.);
#10716=EDGE_CURVE('',#5962,#5965,#3151,.T.);
#10718=EDGE_CURVE('',#5962,#6053,#3017,.T.);
#10720=EDGE_CURVE('',#6076,#6053,#3179,.T.);
#10724=EDGE_CURVE('',#6079,#6073,#3236,.T.);
#10726=EDGE_CURVE('',#6079,#6043,#3031,.T.);
#10730=EDGE_CURVE('',#5939,#6095,#3039,.T.);
#10733=EDGE_CURVE('',#6037,#6039,#3277,.T.);
#10735=EDGE_CURVE('',#6037,#6097,#3043,.T.);
#10737=EDGE_CURVE('',#6099,#6097,#4170,.T.);
#10739=EDGE_CURVE('',#6099,#6101,#3048,.T.);
#10741=EDGE_CURVE('',#6101,#6103,#3053,.T.);
#10743=EDGE_CURVE('',#6105,#6103,#4158,.T.);
#10745=EDGE_CURVE('',#6105,#6005,#3057,.T.);
#10747=EDGE_CURVE('',#6002,#6005,#4122,.T.);
#10749=EDGE_CURVE('',#6002,#6107,#3061,.T.);
#10751=EDGE_CURVE('',#6109,#6107,#4110,.T.);
#10753=EDGE_CURVE('',#6109,#6111,#3066,.T.);
#10755=EDGE_CURVE('',#6111,#6113,#3071,.T.);
#10757=EDGE_CURVE('',#6115,#6113,#4106,.T.);
#10759=EDGE_CURVE('',#6115,#6025,#3075,.T.);
#10761=EDGE_CURVE('',#6023,#6025,#4094,.T.);
#10763=EDGE_CURVE('',#6023,#6117,#3079,.T.);
#10765=EDGE_CURVE('',#6119,#6117,#4070,.T.);
#10767=EDGE_CURVE('',#6119,#6121,#3084,.T.);
#10769=EDGE_CURVE('',#6121,#6123,#3089,.T.);
#10771=EDGE_CURVE('',#6125,#6123,#4058,.T.);
#10773=EDGE_CURVE('',#6125,#5979,#3093,.T.);
#10780=EDGE_CURVE('',#6135,#6133,#3232,.T.);
#10782=EDGE_CURVE('',#6135,#5999,#3111,.T.);
#10784=EDGE_CURVE('',#5997,#5999,#3199,.T.);
#10795=EDGE_CURVE('',#6085,#6229,#3123,.T.);
#10798=EDGE_CURVE('',#5997,#5995,#3115,.T.);
#10809=EDGE_CURVE('',#6087,#6227,#3131,.T.);
#10823=EDGE_CURVE('',#6223,#6091,#3127,.T.);
#10837=EDGE_CURVE('',#6093,#6221,#3139,.T.);
#10850=EDGE_CURVE('',#5967,#6922,#3143,.T.);
#10852=EDGE_CURVE('',#5965,#5967,#3155,.T.);
#10865=EDGE_CURVE('',#5967,#5969,#3159,.T.);
#10877=EDGE_CURVE('',#5962,#5963,#3175,.T.);
#10894=EDGE_CURVE('',#6053,#6051,#3183,.T.);
#10923=EDGE_CURVE('',#5999,#5990,#3203,.T.);
#10933=EDGE_CURVE('',#5990,#6872,#3219,.T.);
#10937=EDGE_CURVE('',#6135,#6872,#3207,.T.);
#10950=EDGE_CURVE('',#6872,#6874,#3223,.T.);
#10973=EDGE_CURVE('',#6059,#6061,#3252,.T.);
#10975=EDGE_CURVE('',#6079,#6059,#3261,.T.);
#10989=EDGE_CURVE('',#6045,#6059,#3248,.T.);
#11025=EDGE_CURVE('',#6028,#6029,#3285,.T.);
#11027=EDGE_CURVE('',#6028,#6031,#3265,.T.);
#11030=EDGE_CURVE('',#6033,#6035,#3273,.T.);
#11032=EDGE_CURVE('',#6037,#6035,#4178,.T.);
#11046=EDGE_CURVE('',#6936,#6141,#3305,.T.);
#11048=EDGE_CURVE('',#6936,#6028,#3289,.T.);
#11060=EDGE_CURVE('',#6187,#6936,#3301,.T.);
#11083=EDGE_CURVE('',#6185,#6386,#3313,.T.);
#11085=EDGE_CURVE('',#6386,#6388,#3317,.T.);
#11087=EDGE_CURVE('',#6388,#6390,#3321,.T.);
#11089=EDGE_CURVE('',#6390,#6393,#3326,.T.);
#11091=EDGE_CURVE('',#6393,#6394,#3331,.T.);
#11093=EDGE_CURVE('',#6394,#6396,#3335,.T.);
#11095=EDGE_CURVE('',#6396,#6398,#3339,.T.);
#11097=EDGE_CURVE('',#6384,#6398,#3431,.T.);
#11099=EDGE_CURVE('',#6384,#6382,#3344,.T.);
#11101=EDGE_CURVE('',#6295,#6382,#3480,.T.);
#11114=EDGE_CURVE('',#6386,#6400,#3356,.T.);
#11118=EDGE_CURVE('',#6183,#6400,#3352,.T.);
#11129=EDGE_CURVE('',#6402,#6400,#3360,.T.);
#11131=EDGE_CURVE('',#6388,#6402,#3387,.T.);
#11142=EDGE_CURVE('',#6402,#6404,#3391,.T.);
#11147=EDGE_CURVE('',#6009,#6011,#4134,.T.);
#11149=EDGE_CURVE('',#6406,#6009,#4154,.T.);
#11151=EDGE_CURVE('',#6406,#6283,#3364,.T.);
#11154=EDGE_CURVE('',#6408,#6281,#3527,.T.);
#11156=EDGE_CURVE('',#6408,#6410,#3369,.T.);
#11158=EDGE_CURVE('',#6412,#6410,#3488,.T.);
#11160=EDGE_CURVE('',#6412,#6414,#3373,.T.);
#11162=EDGE_CURVE('',#6416,#6414,#3403,.T.);
#11164=EDGE_CURVE('',#6416,#6418,#3378,.T.);
#11166=EDGE_CURVE('',#6418,#6404,#3383,.T.);
#11178=EDGE_CURVE('',#6390,#6404,#3395,.T.);
#11194=EDGE_CURVE('',#6416,#6394,#3399,.T.);
#11207=EDGE_CURVE('',#6414,#6396,#3407,.T.);
#11218=EDGE_CURVE('',#6421,#6398,#3415,.T.);
#11223=EDGE_CURVE('',#6412,#6422,#3423,.T.);
#11234=EDGE_CURVE('',#6384,#6331,#3446,.T.);
#11246=EDGE_CURVE('',#6331,#6332,#3436,.T.);
#11248=EDGE_CURVE('',#6332,#6382,#3441,.T.);
#11262=EDGE_CURVE('',#6336,#6334,#3463,.T.);
#11264=EDGE_CURVE('',#6336,#6332,#3454,.T.);
#11277=EDGE_CURVE('',#6336,#6299,#3472,.T.);
#11290=EDGE_CURVE('',#6332,#6297,#3484,.T.);
#11316=EDGE_CURVE('',#6340,#6410,#3502,.T.);
#11328=EDGE_CURVE('',#6339,#6340,#3497,.T.);
#11332=EDGE_CURVE('',#6408,#6339,#3507,.T.);
#11343=EDGE_CURVE('',#6339,#6342,#3511,.T.);
#11345=EDGE_CURVE('',#6344,#6342,#4008,.T.);
#11356=EDGE_CURVE('',#6279,#6339,#3523,.T.);
#11359=EDGE_CURVE('',#6342,#6277,#3535,.T.);
#11382=EDGE_CURVE('',#6275,#6764,#3531,.T.);
#11384=EDGE_CURVE('',#6342,#6764,#4013,.T.);
#11396=EDGE_CURVE('',#6766,#6003,#3539,.T.);
#11398=EDGE_CURVE('',#6013,#6003,#4142,.T.);
#11401=EDGE_CURVE('',#6181,#6768,#3543,.T.);
#11403=EDGE_CURVE('',#6768,#6770,#3547,.T.);
#11405=EDGE_CURVE('',#6770,#6773,#3552,.T.);
#11407=EDGE_CURVE('',#6773,#6774,#3557,.T.);
#11409=EDGE_CURVE('',#6774,#6776,#3561,.T.);
#11411=EDGE_CURVE('',#6776,#6778,#3565,.T.);
#11413=EDGE_CURVE('',#6780,#6778,#4003,.T.);
#11415=EDGE_CURVE('',#6780,#6764,#3570,.T.);
#11419=EDGE_CURVE('',#6273,#6766,#3578,.T.);
#11430=EDGE_CURVE('',#6766,#6790,#3582,.T.);
#11432=EDGE_CURVE('',#6790,#6792,#3587,.T.);
#11434=EDGE_CURVE('',#6792,#6794,#3591,.T.);
#11436=EDGE_CURVE('',#6794,#6003,#3595,.T.);
#11446=EDGE_CURVE('',#6790,#6783,#3617,.T.);
#11451=EDGE_CURVE('',#6784,#6271,#3650,.T.);
#11453=EDGE_CURVE('',#6783,#6784,#3629,.T.);
#11465=EDGE_CURVE('',#6788,#6783,#3646,.T.);
#11467=EDGE_CURVE('',#6788,#6113,#3621,.T.);
#11471=EDGE_CURVE('',#6109,#6792,#3625,.T.);
#11482=EDGE_CURVE('',#6784,#6016,#3633,.T.);
#11484=EDGE_CURVE('',#6016,#6786,#3637,.T.);
#11486=EDGE_CURVE('',#6786,#6788,#3641,.T.);
#11499=EDGE_CURVE('',#6796,#6269,#3685,.T.);
#11501=EDGE_CURVE('',#6796,#6798,#3655,.T.);
#11503=EDGE_CURVE('',#6800,#6798,#3975,.T.);
#11505=EDGE_CURVE('',#6800,#6802,#3659,.T.);
#11507=EDGE_CURVE('',#6804,#6802,#4022,.T.);
#11509=EDGE_CURVE('',#6804,#6806,#3664,.T.);
#11511=EDGE_CURVE('',#6806,#6808,#3669,.T.);
#11513=EDGE_CURVE('',#6810,#6808,#4038,.T.);
#11515=EDGE_CURVE('',#6810,#6179,#3673,.T.);
#11518=EDGE_CURVE('',#6016,#6017,#4082,.T.);
#11529=EDGE_CURVE('',#6267,#6347,#3681,.T.);
#11531=EDGE_CURVE('',#6796,#6347,#3971,.T.);
#11545=EDGE_CURVE('',#6350,#6265,#3697,.T.);
#11547=EDGE_CURVE('',#6347,#6350,#3952,.T.);
#11557=EDGE_CURVE('',#6263,#6812,#3693,.T.);
#11559=EDGE_CURVE('',#6350,#6812,#3943,.T.);
#11571=EDGE_CURVE('',#6177,#6814,#3701,.T.);
#11573=EDGE_CURVE('',#6814,#6816,#3705,.T.);
#11575=EDGE_CURVE('',#6816,#6818,#3709,.T.);
#11577=EDGE_CURVE('',#6818,#6821,#3714,.T.);
#11579=EDGE_CURVE('',#6821,#6822,#3719,.T.);
#11581=EDGE_CURVE('',#6822,#6824,#3723,.T.);
#11583=EDGE_CURVE('',#6824,#6826,#3727,.T.);
#11585=EDGE_CURVE('',#6828,#6826,#3933,.T.);
#11587=EDGE_CURVE('',#6828,#6812,#3732,.T.);
#11591=EDGE_CURVE('',#6019,#6021,#4090,.T.);
#11602=EDGE_CURVE('',#6814,#6830,#3744,.T.);
#11606=EDGE_CURVE('',#6175,#6830,#3740,.T.);
#11617=EDGE_CURVE('',#6832,#6830,#3748,.T.);
#11619=EDGE_CURVE('',#6816,#6832,#3775,.T.);
#11630=EDGE_CURVE('',#6832,#6834,#3779,.T.);
#11636=EDGE_CURVE('',#6836,#5983,#4050,.T.);
#11638=EDGE_CURVE('',#6836,#6251,#3752,.T.);
#11641=EDGE_CURVE('',#6838,#6249,#3854,.T.);
#11643=EDGE_CURVE('',#6838,#6840,#3757,.T.);
#11645=EDGE_CURVE('',#6842,#6840,#3815,.T.);
#11647=EDGE_CURVE('',#6842,#6844,#3761,.T.);
#11649=EDGE_CURVE('',#6846,#6844,#3791,.T.);
#11651=EDGE_CURVE('',#6846,#6848,#3766,.T.);
#11653=EDGE_CURVE('',#6848,#6834,#3771,.T.);
#11665=EDGE_CURVE('',#6818,#6834,#3783,.T.);
#11681=EDGE_CURVE('',#6846,#6822,#3787,.T.);
#11694=EDGE_CURVE('',#6844,#6824,#3795,.T.);
#11705=EDGE_CURVE('',#6842,#6442,#3803,.T.);
#11708=EDGE_CURVE('',#6440,#6826,#3811,.T.);
#11721=EDGE_CURVE('',#6356,#6840,#3829,.T.);
#11733=EDGE_CURVE('',#6355,#6356,#3824,.T.);
#11737=EDGE_CURVE('',#6838,#6355,#3834,.T.);
#11748=EDGE_CURVE('',#6355,#6358,#3838,.T.);
#11750=EDGE_CURVE('',#6360,#6358,#3867,.T.);
#11761=EDGE_CURVE('',#6247,#6355,#3850,.T.);
#11764=EDGE_CURVE('',#6358,#6245,#3862,.T.);
#11788=EDGE_CURVE('',#6358,#6850,#3872,.T.);
#11803=EDGE_CURVE('',#6866,#6360,#3877,.T.);
#11816=EDGE_CURVE('',#6444,#6864,#3901,.T.);
#11831=EDGE_CURVE('',#6888,#6862,#3909,.T.);
#11842=EDGE_CURVE('',#6890,#6860,#3917,.T.);
#11856=EDGE_CURVE('',#6856,#6894,#3913,.T.);
#11870=EDGE_CURVE('',#6896,#6854,#3925,.T.);
#11895=EDGE_CURVE('',#6828,#6352,#3948,.T.);
#11907=EDGE_CURVE('',#6352,#6350,#3938,.T.);
#11920=EDGE_CURVE('',#6347,#6348,#3961,.T.);
#11934=EDGE_CURVE('',#6348,#6798,#3966,.T.);
#11949=EDGE_CURVE('',#6800,#6438,#3987,.T.);
#11962=EDGE_CURVE('',#6436,#6778,#3995,.T.);
#11965=EDGE_CURVE('',#6802,#6776,#4026,.T.);
#11976=EDGE_CURVE('',#6780,#6344,#4018,.T.);
#12001=EDGE_CURVE('',#6804,#6774,#4034,.T.);
#12015=EDGE_CURVE('',#6770,#6808,#4030,.T.);
#12029=EDGE_CURVE('',#6810,#6768,#4042,.T.);
#12054=EDGE_CURVE('',#5981,#6836,#4046,.T.);
#12069=EDGE_CURVE('',#6125,#6253,#4054,.T.);
#12083=EDGE_CURVE('',#6255,#6123,#4062,.T.);
#12098=EDGE_CURVE('',#6119,#6259,#4066,.T.);
#12111=EDGE_CURVE('',#6117,#6261,#4074,.T.);
#12124=EDGE_CURVE('',#6023,#6021,#4078,.T.);
#12139=EDGE_CURVE('',#6025,#6016,#4098,.T.);
#12152=EDGE_CURVE('',#6115,#6786,#4102,.T.);
#12177=EDGE_CURVE('',#6107,#6794,#4114,.T.);
#12190=EDGE_CURVE('',#6002,#6003,#4118,.T.);
#12202=EDGE_CURVE('',#6005,#6007,#4126,.T.);
#12204=EDGE_CURVE('',#6007,#6009,#4130,.T.);
#12218=EDGE_CURVE('',#6007,#6406,#4150,.T.);
#12222=EDGE_CURVE('',#6105,#6285,#4146,.T.);
#12247=EDGE_CURVE('',#6287,#6103,#4162,.T.);
#12262=EDGE_CURVE('',#6099,#6291,#4166,.T.);
#12275=EDGE_CURVE('',#6097,#6293,#4174,.T.);
#12297=EDGE_CURVE('',#6235,#6363,#4182,.T.);
#12312=EDGE_CURVE('',#6366,#6233,#4198,.T.);
#12335=EDGE_CURVE('',#6215,#6371,#4202,.T.);
#12350=EDGE_CURVE('',#6374,#6213,#4218,.T.);
#12375=EDGE_CURVE('',#6586,#6151,#4230,.T.);
#12399=EDGE_CURVE('',#6639,#6655,#4239,.T.);
#12401=EDGE_CURVE('',#6655,#6631,#4244,.T.);
#12414=EDGE_CURVE('',#6659,#6637,#4283,.T.);
#12416=EDGE_CURVE('',#6633,#6659,#4278,.T.);
#12430=EDGE_CURVE('',#6663,#6636,#4300,.T.);
#12432=EDGE_CURVE('',#6634,#6663,#4295,.T.);
#12460=EDGE_CURVE('',#6661,#6649,#4318,.T.);
#12462=EDGE_CURVE('',#6645,#6661,#4313,.T.);
#12476=EDGE_CURVE('',#6665,#6648,#4346,.T.);
#12478=EDGE_CURVE('',#6646,#6665,#4341,.T.);
#12501=EDGE_CURVE('',#6940,#5617,#4354,.T.);
#12503=EDGE_CURVE('',#6942,#6940,#4446,.T.);
#12505=EDGE_CURVE('',#6942,#5618,#4350,.T.);
#12516=EDGE_CURVE('',#6944,#5652,#4362,.T.);
#12518=EDGE_CURVE('',#6940,#6944,#4450,.T.);
#12531=EDGE_CURVE('',#5648,#6946,#4358,.T.);
#12533=EDGE_CURVE('',#6948,#6946,#4460,.T.);
#12535=EDGE_CURVE('',#6944,#6948,#4455,.T.);
#12547=EDGE_CURVE('',#6950,#5646,#4370,.T.);
#12549=EDGE_CURVE('',#6946,#6950,#4464,.T.);
#12561=EDGE_CURVE('',#6952,#5644,#4378,.T.);
#12563=EDGE_CURVE('',#6950,#6952,#4468,.T.);
#12575=EDGE_CURVE('',#6954,#5642,#4382,.T.);
#12577=EDGE_CURVE('',#6952,#6954,#4472,.T.);
#12589=EDGE_CURVE('',#6956,#5640,#4390,.T.);
#12591=EDGE_CURVE('',#6954,#6956,#4476,.T.);
#12603=EDGE_CURVE('',#6958,#5638,#4394,.T.);
#12605=EDGE_CURVE('',#6956,#6958,#4480,.T.);
#12617=EDGE_CURVE('',#6960,#5636,#4402,.T.);
#12619=EDGE_CURVE('',#6958,#6960,#4484,.T.);
#12632=EDGE_CURVE('',#5632,#6962,#4398,.T.);
#12634=EDGE_CURVE('',#6964,#6962,#4494,.T.);
#12636=EDGE_CURVE('',#6960,#6964,#4489,.T.);
#12648=EDGE_CURVE('',#6966,#5630,#4410,.T.);
#12650=EDGE_CURVE('',#6962,#6966,#4498,.T.);
#12662=EDGE_CURVE('',#6968,#5628,#4418,.T.);
#12664=EDGE_CURVE('',#6966,#6968,#4502,.T.);
#12676=EDGE_CURVE('',#6970,#5626,#4422,.T.);
#12678=EDGE_CURVE('',#6968,#6970,#4506,.T.);
#12690=EDGE_CURVE('',#6972,#5624,#4430,.T.);
#12692=EDGE_CURVE('',#6970,#6972,#4510,.T.);
#12704=EDGE_CURVE('',#6974,#5622,#4434,.T.);
#12706=EDGE_CURVE('',#6972,#6974,#4514,.T.);
#12718=EDGE_CURVE('',#6976,#5620,#4442,.T.);
#12720=EDGE_CURVE('',#6974,#6976,#4518,.T.);
#12733=EDGE_CURVE('',#6976,#6942,#4522,.T.);
#12765=EDGE_CURVE('',#6979,#6980,#4526,.T.);
#12767=EDGE_CURVE('',#6980,#6982,#4530,.T.);
#12769=EDGE_CURVE('',#6982,#6984,#4534,.T.);
#12771=EDGE_CURVE('',#6984,#6979,#4538,.T.);
#12781=EDGE_CURVE('',#5861,#5862,#4542,.T.);
#12783=EDGE_CURVE('',#6980,#5862,#4570,.T.);
#12786=EDGE_CURVE('',#6979,#5861,#4546,.T.);
#12797=EDGE_CURVE('',#5861,#5864,#4550,.T.);
#12799=EDGE_CURVE('',#5866,#5864,#4562,.T.);
#12801=EDGE_CURVE('',#5866,#5862,#4554,.T.);
#12814=EDGE_CURVE('',#6984,#5864,#4558,.T.);
#12827=EDGE_CURVE('',#6982,#5866,#4566,.T.);
#12850=EDGE_CURVE('',#6988,#5655,#4578,.T.);
#12852=EDGE_CURVE('',#6987,#6988,#4854,.T.);
#12854=EDGE_CURVE('',#6987,#5656,#4574,.T.);
#12865=EDGE_CURVE('',#6990,#5766,#4582,.T.);
#12867=EDGE_CURVE('',#6988,#6990,#4858,.T.);
#12879=EDGE_CURVE('',#6992,#5764,#4586,.T.);
#12881=EDGE_CURVE('',#6990,#6992,#4862,.T.);
#12893=EDGE_CURVE('',#6994,#5762,#4594,.T.);
#12895=EDGE_CURVE('',#6992,#6994,#4866,.T.);
#12907=EDGE_CURVE('',#6996,#5760,#4598,.T.);
#12909=EDGE_CURVE('',#6994,#6996,#4870,.T.);
#12921=EDGE_CURVE('',#6998,#5758,#4602,.T.);
#12923=EDGE_CURVE('',#6996,#6998,#4874,.T.);
#12935=EDGE_CURVE('',#7000,#5756,#4606,.T.);
#12937=EDGE_CURVE('',#6998,#7000,#4878,.T.);
#12949=EDGE_CURVE('',#7002,#5754,#4610,.T.);
#12951=EDGE_CURVE('',#7000,#7002,#4882,.T.);
#12963=EDGE_CURVE('',#7004,#5752,#4614,.T.);
#12965=EDGE_CURVE('',#7002,#7004,#4886,.T.);
#12977=EDGE_CURVE('',#7006,#5750,#4622,.T.);
#12979=EDGE_CURVE('',#7004,#7006,#4890,.T.);
#12991=EDGE_CURVE('',#7008,#5748,#4626,.T.);
#12993=EDGE_CURVE('',#7006,#7008,#4894,.T.);
#13005=EDGE_CURVE('',#7010,#5746,#4630,.T.);
#13007=EDGE_CURVE('',#7008,#7010,#4898,.T.);
#13019=EDGE_CURVE('',#7012,#5744,#4634,.T.);
#13021=EDGE_CURVE('',#7010,#7012,#4902,.T.);
#13033=EDGE_CURVE('',#7014,#5742,#4638,.T.);
#13035=EDGE_CURVE('',#7012,#7014,#4906,.T.);
#13047=EDGE_CURVE('',#7016,#5740,#4646,.T.);
#13049=EDGE_CURVE('',#7014,#7016,#4910,.T.);
#13061=EDGE_CURVE('',#7018,#5738,#4650,.T.);
#13063=EDGE_CURVE('',#7016,#7018,#4914,.T.);
#13075=EDGE_CURVE('',#7020,#5736,#4654,.T.);
#13077=EDGE_CURVE('',#7018,#7020,#4918,.T.);
#13089=EDGE_CURVE('',#7022,#5734,#4658,.T.);
#13091=EDGE_CURVE('',#7020,#7022,#4922,.T.);
#13103=EDGE_CURVE('',#7024,#5732,#4662,.T.);
#13105=EDGE_CURVE('',#7022,#7024,#4926,.T.);
#13117=EDGE_CURVE('',#7026,#5730,#4670,.T.);
#13119=EDGE_CURVE('',#7024,#7026,#4930,.T.);
#13131=EDGE_CURVE('',#7028,#5728,#4674,.T.);
#13133=EDGE_CURVE('',#7026,#7028,#4934,.T.);
#13145=EDGE_CURVE('',#7030,#5726,#4678,.T.);
#13147=EDGE_CURVE('',#7028,#7030,#4938,.T.);
#13159=EDGE_CURVE('',#7032,#5724,#4682,.T.);
#13161=EDGE_CURVE('',#7030,#7032,#4942,.T.);
#13173=EDGE_CURVE('',#7034,#5722,#4690,.T.);
#13175=EDGE_CURVE('',#7032,#7034,#4946,.T.);
#13187=EDGE_CURVE('',#7036,#5720,#4698,.T.);
#13189=EDGE_CURVE('',#7034,#7036,#4950,.T.);
#13201=EDGE_CURVE('',#7038,#5718,#4706,.T.);
#13203=EDGE_CURVE('',#7036,#7038,#4954,.T.);
#13215=EDGE_CURVE('',#7040,#5716,#4710,.T.);
#13217=EDGE_CURVE('',#7038,#7040,#4958,.T.);
#13229=EDGE_CURVE('',#7042,#5714,#4714,.T.);
#13231=EDGE_CURVE('',#7040,#7042,#4962,.T.);
#13243=EDGE_CURVE('',#7044,#5712,#4718,.T.);
#13245=EDGE_CURVE('',#7042,#7044,#4966,.T.);
#13257=EDGE_CURVE('',#7046,#5710,#4726,.T.);
#13259=EDGE_CURVE('',#7044,#7046,#4970,.T.);
#13271=EDGE_CURVE('',#7048,#5708,#4730,.T.);
#13273=EDGE_CURVE('',#7046,#7048,#4974,.T.);
#13285=EDGE_CURVE('',#7050,#5706,#4734,.T.);
#13287=EDGE_CURVE('',#7048,#7050,#4978,.T.);
#13299=EDGE_CURVE('',#7052,#5704,#4738,.T.);
#13301=EDGE_CURVE('',#7050,#7052,#4982,.T.);
#13313=EDGE_CURVE('',#7054,#5702,#4746,.T.);
#13315=EDGE_CURVE('',#7052,#7054,#4986,.T.);
#13327=EDGE_CURVE('',#7056,#5700,#4750,.T.);
#13329=EDGE_CURVE('',#7054,#7056,#4990,.T.);
#13341=EDGE_CURVE('',#7058,#5698,#4754,.T.);
#13343=EDGE_CURVE('',#7056,#7058,#4994,.T.);
#13355=EDGE_CURVE('',#7060,#5696,#4758,.T.);
#13357=EDGE_CURVE('',#7058,#7060,#4998,.T.);
#13369=EDGE_CURVE('',#7062,#5694,#4766,.T.);
#13371=EDGE_CURVE('',#7060,#7062,#5002,.T.);
#13383=EDGE_CURVE('',#7064,#5692,#4770,.T.);
#13385=EDGE_CURVE('',#7062,#7064,#5006,.T.);
#13397=EDGE_CURVE('',#7066,#5690,#4774,.T.);
#13399=EDGE_CURVE('',#7064,#7066,#5010,.T.);
#13411=EDGE_CURVE('',#7068,#5688,#4778,.T.);
#13413=EDGE_CURVE('',#7066,#7068,#5014,.T.);
#13425=EDGE_CURVE('',#7070,#5686,#4782,.T.);
#13427=EDGE_CURVE('',#7068,#7070,#5018,.T.);
#13439=EDGE_CURVE('',#7072,#5684,#4790,.T.);
#13441=EDGE_CURVE('',#7070,#7072,#5022,.T.);
#13453=EDGE_CURVE('',#7074,#5682,#4794,.T.);
#13455=EDGE_CURVE('',#7072,#7074,#5026,.T.);
#13467=EDGE_CURVE('',#7076,#5680,#4798,.T.);
#13469=EDGE_CURVE('',#7074,#7076,#5030,.T.);
#13481=EDGE_CURVE('',#7078,#5678,#4802,.T.);
#13483=EDGE_CURVE('',#7076,#7078,#5034,.T.);
#13495=EDGE_CURVE('',#7080,#5676,#4806,.T.);
#13497=EDGE_CURVE('',#7078,#7080,#5038,.T.);
#13509=EDGE_CURVE('',#7082,#5674,#4814,.T.);
#13511=EDGE_CURVE('',#7080,#7082,#5042,.T.);
#13523=EDGE_CURVE('',#7084,#5672,#4818,.T.);
#13525=EDGE_CURVE('',#7082,#7084,#5046,.T.);
#13537=EDGE_CURVE('',#7086,#5670,#4822,.T.);
#13539=EDGE_CURVE('',#7084,#7086,#5050,.T.);
#13551=EDGE_CURVE('',#7088,#5668,#4826,.T.);
#13553=EDGE_CURVE('',#7086,#7088,#5054,.T.);
#13565=EDGE_CURVE('',#7090,#5666,#4830,.T.);
#13567=EDGE_CURVE('',#7088,#7090,#5058,.T.);
#13579=EDGE_CURVE('',#7092,#5664,#4834,.T.);
#13581=EDGE_CURVE('',#7090,#7092,#5062,.T.);
#13593=EDGE_CURVE('',#7094,#5662,#4838,.T.);
#13595=EDGE_CURVE('',#7092,#7094,#5066,.T.);
#13607=EDGE_CURVE('',#7096,#5660,#4846,.T.);
#13609=EDGE_CURVE('',#7094,#7096,#5070,.T.);
#13621=EDGE_CURVE('',#7098,#5658,#4850,.T.);
#13623=EDGE_CURVE('',#7096,#7098,#5074,.T.);
#13636=EDGE_CURVE('',#7098,#6987,#5078,.T.);
#13713=EDGE_CURVE('',#7102,#5770,#5090,.T.);
#13715=EDGE_CURVE('',#7101,#7102,#5230,.T.);
#13717=EDGE_CURVE('',#7101,#5769,#5086,.T.);
#13728=EDGE_CURVE('',#7104,#5822,#5094,.T.);
#13730=EDGE_CURVE('',#7102,#7104,#5234,.T.);
#13742=EDGE_CURVE('',#7106,#5820,#5102,.T.);
#13744=EDGE_CURVE('',#7104,#7106,#5238,.T.);
#13756=EDGE_CURVE('',#7108,#5818,#5106,.T.);
#13758=EDGE_CURVE('',#7106,#7108,#5242,.T.);
#13770=EDGE_CURVE('',#7110,#5816,#5110,.T.);
#13772=EDGE_CURVE('',#7108,#7110,#5246,.T.);
#13784=EDGE_CURVE('',#7112,#5814,#5114,.T.);
#13786=EDGE_CURVE('',#7110,#7112,#5250,.T.);
#13798=EDGE_CURVE('',#7114,#5812,#5122,.T.);
#13800=EDGE_CURVE('',#7112,#7114,#5254,.T.);
#13812=EDGE_CURVE('',#7116,#5810,#5126,.T.);
#13814=EDGE_CURVE('',#7114,#7116,#5258,.T.);
#13826=EDGE_CURVE('',#7118,#5808,#5130,.T.);
#13828=EDGE_CURVE('',#7116,#7118,#5262,.T.);
#13840=EDGE_CURVE('',#7120,#5806,#5134,.T.);
#13842=EDGE_CURVE('',#7118,#7120,#5266,.T.);
#13854=EDGE_CURVE('',#7122,#5804,#5142,.T.);
#13856=EDGE_CURVE('',#7120,#7122,#5270,.T.);
#13868=EDGE_CURVE('',#7124,#5802,#5146,.T.);
#13870=EDGE_CURVE('',#7122,#7124,#5274,.T.);
#13882=EDGE_CURVE('',#7126,#5800,#5150,.T.);
#13884=EDGE_CURVE('',#7124,#7126,#5278,.T.);
#13896=EDGE_CURVE('',#7128,#5798,#5154,.T.);
#13898=EDGE_CURVE('',#7126,#7128,#5282,.T.);
#13910=EDGE_CURVE('',#7130,#5796,#5158,.T.);
#13912=EDGE_CURVE('',#7128,#7130,#5286,.T.);
#13924=EDGE_CURVE('',#7132,#5794,#5166,.T.);
#13926=EDGE_CURVE('',#7130,#7132,#5290,.T.);
#13938=EDGE_CURVE('',#7134,#5792,#5170,.T.);
#13940=EDGE_CURVE('',#7132,#7134,#5294,.T.);
#13952=EDGE_CURVE('',#7136,#5790,#5174,.T.);
#13954=EDGE_CURVE('',#7134,#7136,#5298,.T.);
#13966=EDGE_CURVE('',#7138,#5788,#5178,.T.);
#13968=EDGE_CURVE('',#7136,#7138,#5302,.T.);
#13980=EDGE_CURVE('',#7140,#5786,#5182,.T.);
#13982=EDGE_CURVE('',#7138,#7140,#5306,.T.);
#13994=EDGE_CURVE('',#7142,#5784,#5190,.T.);
#13996=EDGE_CURVE('',#7140,#7142,#5310,.T.);
#14008=EDGE_CURVE('',#7144,#5782,#5194,.T.);
#14010=EDGE_CURVE('',#7142,#7144,#5314,.T.);
#14022=EDGE_CURVE('',#7146,#5780,#5198,.T.);
#14024=EDGE_CURVE('',#7144,#7146,#5318,.T.);
#14036=EDGE_CURVE('',#7148,#5778,#5202,.T.);
#14038=EDGE_CURVE('',#7146,#7148,#5322,.T.);
#14050=EDGE_CURVE('',#7150,#5776,#5210,.T.);
#14052=EDGE_CURVE('',#7148,#7150,#5326,.T.);
#14064=EDGE_CURVE('',#7152,#5774,#5218,.T.);
#14066=EDGE_CURVE('',#7150,#7152,#5330,.T.);
#14078=EDGE_CURVE('',#7154,#5772,#5226,.T.);
#14080=EDGE_CURVE('',#7152,#7154,#5334,.T.);
#14093=EDGE_CURVE('',#7154,#7101,#5338,.T.);
#14141=EDGE_CURVE('',#7158,#5826,#5350,.T.);
#14143=EDGE_CURVE('',#7157,#7158,#5390,.T.);
#14145=EDGE_CURVE('',#7157,#5825,#5346,.T.);
#14156=EDGE_CURVE('',#7160,#5836,#5358,.T.);
#14158=EDGE_CURVE('',#7158,#7160,#5394,.T.);
#14170=EDGE_CURVE('',#7162,#5834,#5362,.T.);
#14172=EDGE_CURVE('',#7160,#7162,#5398,.T.);
#14184=EDGE_CURVE('',#7164,#5832,#5370,.T.);
#14186=EDGE_CURVE('',#7162,#7164,#5402,.T.);
#14198=EDGE_CURVE('',#7166,#5830,#5378,.T.);
#14200=EDGE_CURVE('',#7164,#7166,#5406,.T.);
#14212=EDGE_CURVE('',#7168,#5828,#5386,.T.);
#14214=EDGE_CURVE('',#7166,#7168,#5410,.T.);
#14227=EDGE_CURVE('',#7168,#7157,#5414,.T.);
#14254=EDGE_CURVE('',#7172,#5840,#5430,.T.);
#14256=EDGE_CURVE('',#7171,#7172,#5450,.T.);
#14258=EDGE_CURVE('',#7171,#5839,#5422,.T.);
#14269=EDGE_CURVE('',#7174,#5844,#5438,.T.);
#14271=EDGE_CURVE('',#7172,#7174,#5454,.T.);
#14283=EDGE_CURVE('',#7176,#5842,#5446,.T.);
#14285=EDGE_CURVE('',#7174,#7176,#5458,.T.);
#14298=EDGE_CURVE('',#7176,#7171,#5462,.T.);
#14322=EDGE_CURVE('',#7180,#5848,#5478,.T.);
#14324=EDGE_CURVE('',#7179,#7180,#5514,.T.);
#14326=EDGE_CURVE('',#7179,#5847,#5470,.T.);
#14337=EDGE_CURVE('',#7182,#5858,#5486,.T.);
#14339=EDGE_CURVE('',#7180,#7182,#5518,.T.);
#14351=EDGE_CURVE('',#7184,#5856,#5490,.T.);
#14353=EDGE_CURVE('',#7182,#7184,#5522,.T.);
#14365=EDGE_CURVE('',#7186,#5854,#5498,.T.);
#14367=EDGE_CURVE('',#7184,#7186,#5526,.T.);
#14379=EDGE_CURVE('',#7188,#5852,#5502,.T.);
#14381=EDGE_CURVE('',#7186,#7188,#5530,.T.);
#14393=EDGE_CURVE('',#7190,#5850,#5510,.T.);
#14395=EDGE_CURVE('',#7188,#7190,#5534,.T.);
#14408=EDGE_CURVE('',#7190,#7179,#5538,.T.);
#14431=(LENGTH_UNIT()NAMED_UNIT(*)SI_UNIT(.MILLI.,.METRE.));
#14433=(NAMED_UNIT(*)PLANE_ANGLE_UNIT()SI_UNIT($,.RADIAN.));
#14436=(NAMED_UNIT(*)SI_UNIT($,.STERADIAN.)SOLID_ANGLE_UNIT());
#14442=AXIS2_PLACEMENT_3D('',#14439,#14440,#14441);
#14443=ADVANCED_BREP_SHAPE_REPRESENTATION('',(#14442,#14430),#14438);
#14450=PRODUCT_DEFINITION('design','',#14449,#14446);
#14451=PRODUCT_DEFINITION_SHAPE('','SHAPE FOR 5521-1-6P_68.',#14450);
#14452=SHAPE_DEFINITION_REPRESENTATION(#14451,#14443);
#14453=SHAPE_DEFINITION_REPRESENTATION(#14454,#14455);
#14454=PRODUCT_DEFINITION_SHAPE('','SHAPE FOR 11098-12GXX1_ASM.',#15176);
#14455=SHAPE_REPRESENTATION('',(#14461,#15138,#15147,#15156,#15171),#15167);
#14456=NEXT_ASSEMBLY_USAGE_OCCURRENCE('6','Next assembly relationship',
'5521-1-6P',#15176,#14450,$);
#14457=PRODUCT_DEFINITION_SHAPE('Placement #6',
'Placement of 5521-1-6P_68 with respect to 11098-12GXX1_ASM',#14456);
#14473=CIRCLE('',#14472,2.3E-1);
#14478=CIRCLE('',#14477,2.3E-1);
#14483=CIRCLE('',#14482,5.03E-1);
#14492=CIRCLE('',#14491,2.3E-1);
#14497=CIRCLE('',#14496,2.3E-1);
#14502=CIRCLE('',#14501,6.3E-1);
#14511=CIRCLE('',#14510,2.3E-1);
#14516=CIRCLE('',#14515,2.3E-1);
#14525=CIRCLE('',#14524,2.3E-1);
#14530=CIRCLE('',#14529,2.3E-1);
#14535=CIRCLE('',#14534,1.7E-1);
#14544=CIRCLE('',#14543,2.3E-1);
#14549=CIRCLE('',#14548,2.3E-1);
#14554=CIRCLE('',#14553,9.63E-1);
#14563=CIRCLE('',#14562,2.3E-1);
#14568=CIRCLE('',#14567,2.3E-1);
#14598=EDGE_CURVE('',#14571,#14572,#14478,.T.);
#14600=EDGE_CURVE('',#14574,#14571,#14558,.T.);
#14602=EDGE_CURVE('',#14576,#14574,#14568,.T.);
#14604=EDGE_CURVE('',#14576,#14572,#14468,.T.);
#14614=EDGE_CURVE('',#14579,#14580,#14473,.T.);
#14616=EDGE_CURVE('',#14571,#14580,#14554,.T.);
#14619=EDGE_CURVE('',#14572,#14579,#14483,.T.);
#14629=EDGE_CURVE('',#14583,#14584,#14497,.T.);
#14631=EDGE_CURVE('',#14580,#14583,#14539,.T.);
#14634=EDGE_CURVE('',#14579,#14584,#14487,.T.);
#14644=EDGE_CURVE('',#14587,#14588,#14492,.T.);
#14646=EDGE_CURVE('',#14583,#14588,#14535,.T.);
#14649=EDGE_CURVE('',#14584,#14587,#14502,.T.);
#14659=EDGE_CURVE('',#14591,#14592,#14516,.T.);
#14661=EDGE_CURVE('',#14588,#14591,#14520,.T.);
#14664=EDGE_CURVE('',#14587,#14592,#14506,.T.);
#14674=EDGE_CURVE('',#14592,#14591,#14511,.T.);
#14687=EDGE_CURVE('',#14588,#14587,#14525,.T.);
#14700=EDGE_CURVE('',#14584,#14583,#14530,.T.);
#14713=EDGE_CURVE('',#14580,#14579,#14544,.T.);
#14726=EDGE_CURVE('',#14572,#14571,#14549,.T.);
#14739=EDGE_CURVE('',#14574,#14576,#14563,.T.);
#14757=(LENGTH_UNIT()NAMED_UNIT(*)SI_UNIT(.MILLI.,.METRE.));
#14759=(NAMED_UNIT(*)PLANE_ANGLE_UNIT()SI_UNIT($,.RADIAN.));
#14762=(NAMED_UNIT(*)SI_UNIT($,.STERADIAN.)SOLID_ANGLE_UNIT());
#14768=AXIS2_PLACEMENT_3D('',#14765,#14766,#14767);
#14769=ADVANCED_BREP_SHAPE_REPRESENTATION('',(#14768,#14756),#14764);
#14773=PRODUCT_DEFINITION('design','',#14772,#14446);
#14774=PRODUCT_DEFINITION_SHAPE('','SHAPE FOR AA_2_1.',#14773);
#14775=SHAPE_DEFINITION_REPRESENTATION(#14774,#14769);
#14776=SHAPE_DEFINITION_REPRESENTATION(#14777,#14778);
#14777=PRODUCT_DEFINITION_SHAPE('','SHAPE FOR AA_2_ASM.',#15132);
#14778=SHAPE_REPRESENTATION('',(#14789,#14784,#15114,#15109,#15128),#15124);
#14779=NEXT_ASSEMBLY_USAGE_OCCURRENCE('7','Next assembly relationship','AA_2_1',
#15132,#14773,$);
#14780=PRODUCT_DEFINITION_SHAPE('Placement #7',
'Placement of AA_2_1 with respect to AA_2_ASM',#14779);
#14789=AXIS2_PLACEMENT_3D('',#14786,#14787,#14788);
#14800=CIRCLE('',#14799,2.3E-1);
#14805=CIRCLE('',#14804,2.3E-1);
#14810=CIRCLE('',#14809,1.7E-1);
#14819=CIRCLE('',#14818,2.3E-1);
#14824=CIRCLE('',#14823,2.3E-1);
#14829=CIRCLE('',#14828,9.63E-1);
#14838=CIRCLE('',#14837,2.3E-1);
#14843=CIRCLE('',#14842,2.3E-1);
#14852=CIRCLE('',#14851,2.3E-1);
#14857=CIRCLE('',#14856,2.3E-1);
#14862=CIRCLE('',#14861,5.03E-1);
#14871=CIRCLE('',#14870,2.3E-1);
#14876=CIRCLE('',#14875,2.3E-1);
#14881=CIRCLE('',#14880,6.3E-1);
#14890=CIRCLE('',#14889,2.3E-1);
#14895=CIRCLE('',#14894,2.3E-1);
#14925=EDGE_CURVE('',#14898,#14899,#14805,.T.);
#14927=EDGE_CURVE('',#14901,#14898,#14885,.T.);
#14929=EDGE_CURVE('',#14903,#14901,#14895,.T.);
#14931=EDGE_CURVE('',#14903,#14899,#14795,.T.);
#14941=EDGE_CURVE('',#14906,#14907,#14800,.T.);
#14943=EDGE_CURVE('',#14898,#14907,#14881,.T.);
#14946=EDGE_CURVE('',#14899,#14906,#14810,.T.);
#14956=EDGE_CURVE('',#14910,#14911,#14824,.T.);
#14958=EDGE_CURVE('',#14907,#14910,#14866,.T.);
#14961=EDGE_CURVE('',#14906,#14911,#14814,.T.);
#14971=EDGE_CURVE('',#14914,#14915,#14819,.T.);
#14973=EDGE_CURVE('',#14910,#14915,#14862,.T.);
#14976=EDGE_CURVE('',#14911,#14914,#14829,.T.);
#14986=EDGE_CURVE('',#14918,#14919,#14843,.T.);
#14988=EDGE_CURVE('',#14915,#14918,#14847,.T.);
#14991=EDGE_CURVE('',#14914,#14919,#14833,.T.);
#15001=EDGE_CURVE('',#14919,#14918,#14838,.T.);
#15014=EDGE_CURVE('',#14915,#14914,#14852,.T.);
#15027=EDGE_CURVE('',#14911,#14910,#14857,.T.);
#15040=EDGE_CURVE('',#14907,#14906,#14871,.T.);
#15053=EDGE_CURVE('',#14899,#14898,#14876,.T.);
#15066=EDGE_CURVE('',#14901,#14903,#14890,.T.);
#15084=(LENGTH_UNIT()NAMED_UNIT(*)SI_UNIT(.MILLI.,.METRE.));
#15086=(NAMED_UNIT(*)PLANE_ANGLE_UNIT()SI_UNIT($,.RADIAN.));
#15089=(NAMED_UNIT(*)SI_UNIT($,.STERADIAN.)SOLID_ANGLE_UNIT());
#15095=AXIS2_PLACEMENT_3D('',#15092,#15093,#15094);
#15096=ADVANCED_BREP_SHAPE_REPRESENTATION('',(#15095,#15083),#15091);
#15101=PRODUCT_DEFINITION('design','',#15100,#15097);
#15102=PRODUCT_DEFINITION_SHAPE('','SHAPE FOR AA_2_2.',#15101);
#15103=SHAPE_DEFINITION_REPRESENTATION(#15102,#15096);
#15104=NEXT_ASSEMBLY_USAGE_OCCURRENCE('8','Next assembly relationship','AA_2_2',
#15132,#15101,$);
#15105=PRODUCT_DEFINITION_SHAPE('Placement #8',
'Placement of AA_2_2 with respect to AA_2_ASM',#15104);
#15114=AXIS2_PLACEMENT_3D('',#15111,#15112,#15113);
#15117=(LENGTH_UNIT()NAMED_UNIT(*)SI_UNIT(.MILLI.,.METRE.));
#15119=(NAMED_UNIT(*)PLANE_ANGLE_UNIT()SI_UNIT($,.RADIAN.));
#15122=(NAMED_UNIT(*)SI_UNIT($,.STERADIAN.)SOLID_ANGLE_UNIT());
#15128=AXIS2_PLACEMENT_3D('',#15125,#15126,#15127);
#15132=PRODUCT_DEFINITION('design','',#15131,#15097);
#15133=NEXT_ASSEMBLY_USAGE_OCCURRENCE('9','Next assembly relationship','AA',
#15176,#15132,$);
#15134=PRODUCT_DEFINITION_SHAPE('Placement #9',
'Placement of AA_2_ASM with respect to 11098-12GXX1_ASM',#15133);
#15142=NEXT_ASSEMBLY_USAGE_OCCURRENCE('10','Next assembly relationship','AA_2',
#15176,#15132,$);
#15143=PRODUCT_DEFINITION_SHAPE('Placement #10',
'Placement of AA_2_ASM with respect to 11098-12GXX1_ASM',#15142);
#15151=NEXT_ASSEMBLY_USAGE_OCCURRENCE('11','Next assembly relationship','AA_2',
#15176,#15132,$);
#15152=PRODUCT_DEFINITION_SHAPE('Placement #11',
'Placement of AA_2_ASM with respect to 11098-12GXX1_ASM',#15151);
#15160=(LENGTH_UNIT()NAMED_UNIT(*)SI_UNIT(.MILLI.,.METRE.));
#15162=(NAMED_UNIT(*)PLANE_ANGLE_UNIT()SI_UNIT($,.RADIAN.));
#15165=(NAMED_UNIT(*)SI_UNIT($,.STERADIAN.)SOLID_ANGLE_UNIT());
#15171=AXIS2_PLACEMENT_3D('',#15168,#15169,#15170);
#15176=PRODUCT_DEFINITION('design','',#15175,#15172);
ENDSEC;
END-ISO-10303-21;
